2026-03-10 19:38:26.874 [background-preinit] INFO  o.h.validator.internal.util.Version [] - HV000001: Hibernate Validator 9.0.1.Final
2026-03-10 19:38:26.990 [restartedMain] INFO  c.e.m.MsReportAsyncApplication [] - Starting MsReportAsyncApplication using Java 21.0.8 with PID 18764 (C:\Users\guilh\OneDrive\Desktop\sptech\PI\ms async\ms-report-async\target\classes started by guilh in C:\Users\guilh\OneDrive\Desktop\sptech\PI\ms async\ms-report-async)
2026-03-10 19:38:26.991 [restartedMain] DEBUG c.e.m.MsReportAsyncApplication [] - Running with Spring Boot v4.0.3, Spring v7.0.5
2026-03-10 19:38:26.992 [restartedMain] INFO  c.e.m.MsReportAsyncApplication [] - No active profile set, falling back to 1 default profile: "default"
2026-03-10 19:38:27.110 [restartedMain] INFO  o.s.b.d.e.DevToolsPropertyDefaultsPostProcessor [] - Devtools property defaults active! Set 'spring.devtools.add-properties' to 'false' to disable
2026-03-10 19:38:27.111 [restartedMain] INFO  o.s.b.d.e.DevToolsPropertyDefaultsPostProcessor [] - For additional web related logging consider setting the 'logging.level.web' property to 'DEBUG'
2026-03-10 19:38:30.324 [restartedMain] INFO  o.s.boot.tomcat.TomcatWebServer [] - Tomcat initialized with port 8080 (http)
2026-03-10 19:38:30.346 [restartedMain] INFO  o.a.coyote.http11.Http11NioProtocol [] - Initializing ProtocolHandler ["http-nio-8080"]
2026-03-10 19:38:30.351 [restartedMain] INFO  o.a.catalina.core.StandardService [] - Starting service [Tomcat]
2026-03-10 19:38:30.351 [restartedMain] INFO  o.a.catalina.core.StandardEngine [] - Starting Servlet engine: [Apache Tomcat/11.0.18]
2026-03-10 19:38:30.442 [restartedMain] INFO  o.s.b.w.c.s.WebApplicationContextInitializer [] - Root WebApplicationContext: initialization completed in 3330 ms
2026-03-10 19:38:30.927 [restartedMain] WARN  s.a.a.p.internal.ProfileFileReader [] - Ignoring profile '[default]' on line 3, because '[profile default]' was already seen in the same file.
2026-03-10 19:38:33.824 [restartedMain] INFO  o.s.b.a.e.web.EndpointLinksResolver [] - Exposing 1 endpoint beneath base path '/actuator'
2026-03-10 19:38:33.896 [restartedMain] DEBUG o.s.a.r.l.a.MessagingMessageListenerAdapter [] - Inferred argument type for public void com.example.ms_report_async.infraestructure.async.RabbitImportListener.receive(java.lang.String) is class java.lang.String
2026-03-10 19:38:33.953 [restartedMain] DEBUG o.s.a.r.l.SimpleMessageListenerContainer [] - No global properties bean
2026-03-10 19:38:34.022 [restartedMain] INFO  o.a.coyote.http11.Http11NioProtocol [] - Starting ProtocolHandler ["http-nio-8080"]
2026-03-10 19:38:34.059 [restartedMain] INFO  o.s.boot.tomcat.TomcatWebServer [] - Tomcat started on port 8080 (http) with context path '/'
2026-03-10 19:38:34.061 [restartedMain] DEBUG o.s.a.r.l.SimpleMessageListenerContainer [] - Starting Rabbit listener container.
2026-03-10 19:38:34.065 [restartedMain] INFO  o.s.a.r.c.CachingConnectionFactory [] - Attempting to connect to: [localhost:5672]
2026-03-10 19:38:34.105 [restartedMain] INFO  o.s.a.r.l.SimpleMessageListenerContainer [] - Broker not available; cannot force queue declarations during start: java.net.ConnectException: Connection refused: getsockopt
2026-03-10 19:38:34.117 [org.springframework.amqp.rabbit.RabbitListenerEndpointContainer#0-1] INFO  o.s.a.r.c.CachingConnectionFactory [] - Attempting to connect to: [localhost:5672]
2026-03-10 19:38:34.159 [org.springframework.amqp.rabbit.RabbitListenerEndpointContainer#0-1] ERROR o.s.a.r.l.SimpleMessageListenerContainer [] - Failed to check/redeclare auto-delete queue(s).
org.springframework.amqp.AmqpConnectException: java.net.ConnectException: Connection refused: getsockopt
	at org.springframework.amqp.rabbit.support.RabbitExceptionTranslator.convertRabbitAccessException(RabbitExceptionTranslator.java:60)
	at org.springframework.amqp.rabbit.connection.AbstractConnectionFactory.createBareConnection(AbstractConnectionFactory.java:629)
	at org.springframework.amqp.rabbit.connection.CachingConnectionFactory.createConnection(CachingConnectionFactory.java:745)
	at org.springframework.amqp.rabbit.connection.ConnectionFactoryUtils.createConnection(ConnectionFactoryUtils.java:256)
	at org.springframework.amqp.rabbit.core.RabbitTemplate.doExecute(RabbitTemplate.java:2241)
	at org.springframework.amqp.rabbit.core.RabbitTemplate.execute(RabbitTemplate.java:2213)
	at org.springframework.amqp.rabbit.core.RabbitTemplate.execute(RabbitTemplate.java:2193)
	at org.springframework.amqp.rabbit.core.RabbitAdmin.getQueueInfo(RabbitAdmin.java:472)
	at org.springframework.amqp.rabbit.core.RabbitAdmin.getQueueProperties(RabbitAdmin.java:456)
	at org.springframework.amqp.rabbit.listener.AbstractMessageListenerContainer.attemptDeclarations(AbstractMessageListenerContainer.java:1959)
	at org.springframework.amqp.rabbit.listener.AbstractMessageListenerContainer.redeclareElementsIfNecessary(AbstractMessageListenerContainer.java:1923)
	at org.springframework.amqp.rabbit.listener.SimpleMessageListenerContainer$AsyncMessageProcessingConsumer.initialize(SimpleMessageListenerContainer.java:1523)
	at org.springframework.amqp.rabbit.listener.SimpleMessageListenerContainer$AsyncMessageProcessingConsumer.run(SimpleMessageListenerContainer.java:1356)
	at java.base/java.lang.Thread.run(Thread.java:1583)
Caused by: java.net.ConnectException: Connection refused: getsockopt
	at java.base/sun.nio.ch.Net.pollConnect(Native Method)
	at java.base/sun.nio.ch.Net.pollConnectNow(Net.java:682)
	at java.base/sun.nio.ch.NioSocketImpl.timedFinishConnect(NioSocketImpl.java:542)
	at java.base/sun.nio.ch.NioSocketImpl.connect(NioSocketImpl.java:592)
	at java.base/java.net.SocksSocketImpl.connect(SocksSocketImpl.java:327)
	at java.base/java.net.Socket.connect(Socket.java:751)
	at com.rabbitmq.client.impl.SocketFrameHandlerFactory.create(SocketFrameHandlerFactory.java:61)
	at com.rabbitmq.client.ConnectionFactory.newConnection(ConnectionFactory.java:1355)
	at com.rabbitmq.client.ConnectionFactory.newConnection(ConnectionFactory.java:1297)
	at org.springframework.amqp.rabbit.connection.AbstractConnectionFactory.connectAddresses(AbstractConnectionFactory.java:676)
	at org.springframework.amqp.rabbit.connection.AbstractConnectionFactory.connect(AbstractConnectionFactory.java:644)
	at org.springframework.amqp.rabbit.connection.AbstractConnectionFactory.createBareConnection(AbstractConnectionFactory.java:590)
	... 12 common frames omitted
2026-03-10 19:38:34.170 [org.springframework.amqp.rabbit.RabbitListenerEndpointContainer#0-1] DEBUG o.s.a.r.l.BlockingQueueConsumer [] - Starting consumer Consumer@5eaf4550: tags=[[]], channel=null, acknowledgeMode=AUTO local queue size=0
2026-03-10 19:38:34.178 [org.springframework.amqp.rabbit.RabbitListenerEndpointContainer#0-1] INFO  o.s.a.r.c.CachingConnectionFactory [] - Attempting to connect to: [localhost:5672]
2026-03-10 19:38:34.191 [org.springframework.amqp.rabbit.RabbitListenerEndpointContainer#0-1] DEBUG o.s.a.r.l.SimpleMessageListenerContainer [] - Recovering consumer in 5000 ms.
2026-03-10 19:38:34.203 [restartedMain] INFO  c.e.m.MsReportAsyncApplication [] - Started MsReportAsyncApplication in 8.406 seconds (process running for 10.632)
2026-03-10 19:38:39.287 [org.springframework.amqp.rabbit.RabbitListenerEndpointContainer#0-1] WARN  o.s.a.r.l.SimpleMessageListenerContainer [] - Consumer raised exception, processing can restart if the connection factory supports it
org.springframework.amqp.AmqpConnectException: java.net.ConnectException: Connection refused: getsockopt
	at org.springframework.amqp.rabbit.support.RabbitExceptionTranslator.convertRabbitAccessException(RabbitExceptionTranslator.java:60)
	at org.springframework.amqp.rabbit.connection.AbstractConnectionFactory.createBareConnection(AbstractConnectionFactory.java:629)
	at org.springframework.amqp.rabbit.connection.CachingConnectionFactory.createConnection(CachingConnectionFactory.java:745)
	at org.springframework.amqp.rabbit.connection.ConnectionFactoryUtils.createConnection(ConnectionFactoryUtils.java:256)
	at org.springframework.amqp.rabbit.connection.ConnectionFactoryUtils$RabbitResourceFactory.createConnection(ConnectionFactoryUtils.java:330)
	at org.springframework.amqp.rabbit.connection.ConnectionFactoryUtils.doGetTransactionalResourceHolder(ConnectionFactoryUtils.java:139)
	at org.springframework.amqp.rabbit.connection.ConnectionFactoryUtils.getTransactionalResourceHolder(ConnectionFactoryUtils.java:100)
	at org.springframework.amqp.rabbit.connection.ConnectionFactoryUtils.getTransactionalResourceHolder(ConnectionFactoryUtils.java:83)
	at org.springframework.amqp.rabbit.listener.BlockingQueueConsumer.start(BlockingQueueConsumer.java:631)
	at org.springframework.amqp.rabbit.listener.SimpleMessageListenerContainer$AsyncMessageProcessingConsumer.initialize(SimpleMessageListenerContainer.java:1524)
	at org.springframework.amqp.rabbit.listener.SimpleMessageListenerContainer$AsyncMessageProcessingConsumer.run(SimpleMessageListenerContainer.java:1356)
	at java.base/java.lang.Thread.run(Thread.java:1583)
Caused by: java.net.ConnectException: Connection refused: getsockopt
	at java.base/sun.nio.ch.Net.pollConnect(Native Method)
	at java.base/sun.nio.ch.Net.pollConnectNow(Net.java:682)
	at java.base/sun.nio.ch.NioSocketImpl.timedFinishConnect(NioSocketImpl.java:542)
	at java.base/sun.nio.ch.NioSocketImpl.connect(NioSocketImpl.java:592)
	at java.base/java.net.SocksSocketImpl.connect(SocksSocketImpl.java:327)
	at java.base/java.net.Socket.connect(Socket.java:751)
	at com.rabbitmq.client.impl.SocketFrameHandlerFactory.create(SocketFrameHandlerFactory.java:61)
	at com.rabbitmq.client.ConnectionFactory.newConnection(ConnectionFactory.java:1355)
	at com.rabbitmq.client.ConnectionFactory.newConnection(ConnectionFactory.java:1297)
	at org.springframework.amqp.rabbit.connection.AbstractConnectionFactory.connectAddresses(AbstractConnectionFactory.java:676)
	at org.springframework.amqp.rabbit.connection.AbstractConnectionFactory.connect(AbstractConnectionFactory.java:644)
	at org.springframework.amqp.rabbit.connection.AbstractConnectionFactory.createBareConnection(AbstractConnectionFactory.java:590)
	... 10 common frames omitted
2026-03-10 19:38:39.288 [org.springframework.amqp.rabbit.RabbitListenerEndpointContainer#0-1] INFO  o.s.a.r.l.SimpleMessageListenerContainer [] - Restarting Consumer@5eaf4550: tags=[[]], channel=null, acknowledgeMode=AUTO local queue size=0
2026-03-10 19:38:39.288 [org.springframework.amqp.rabbit.RabbitListenerEndpointContainer#0-1] DEBUG o.s.a.r.l.BlockingQueueConsumer [] - Closing Rabbit Channel: null
2026-03-10 19:38:39.290 [org.springframework.amqp.rabbit.RabbitListenerEndpointContainer#0-2] INFO  o.s.a.r.c.CachingConnectionFactory [] - Attempting to connect to: [localhost:5672]
2026-03-10 19:38:39.318 [org.springframework.amqp.rabbit.RabbitListenerEndpointContainer#0-2] ERROR o.s.a.r.l.SimpleMessageListenerContainer [] - Failed to check/redeclare auto-delete queue(s).
2026-03-10 19:38:39.318 [org.springframework.amqp.rabbit.RabbitListenerEndpointContainer#0-2] DEBUG o.s.a.r.l.BlockingQueueConsumer [] - Starting consumer Consumer@76a59268: tags=[[]], channel=null, acknowledgeMode=AUTO local queue size=0
2026-03-10 19:38:39.319 [org.springframework.amqp.rabbit.RabbitListenerEndpointContainer#0-2] INFO  o.s.a.r.c.CachingConnectionFactory [] - Attempting to connect to: [localhost:5672]
2026-03-10 19:38:39.348 [org.springframework.amqp.rabbit.RabbitListenerEndpointContainer#0-2] DEBUG o.s.a.r.l.SimpleMessageListenerContainer [] - Recovering consumer in 5000 ms.
2026-03-10 19:38:44.440 [org.springframework.amqp.rabbit.RabbitListenerEndpointContainer#0-2] WARN  o.s.a.r.l.SimpleMessageListenerContainer [] - Consumer raised exception, processing can restart if the connection factory supports it
org.springframework.amqp.AmqpConnectException: java.net.ConnectException: Connection refused: getsockopt
	at org.springframework.amqp.rabbit.support.RabbitExceptionTranslator.convertRabbitAccessException(RabbitExceptionTranslator.java:60)
	at org.springframework.amqp.rabbit.connection.AbstractConnectionFactory.createBareConnection(AbstractConnectionFactory.java:629)
	at org.springframework.amqp.rabbit.connection.CachingConnectionFactory.createConnection(CachingConnectionFactory.java:745)
	at org.springframework.amqp.rabbit.connection.ConnectionFactoryUtils.createConnection(ConnectionFactoryUtils.java:256)
	at org.springframework.amqp.rabbit.connection.ConnectionFactoryUtils$RabbitResourceFactory.createConnection(ConnectionFactoryUtils.java:330)
	at org.springframework.amqp.rabbit.connection.ConnectionFactoryUtils.doGetTransactionalResourceHolder(ConnectionFactoryUtils.java:139)
	at org.springframework.amqp.rabbit.connection.ConnectionFactoryUtils.getTransactionalResourceHolder(ConnectionFactoryUtils.java:100)
	at org.springframework.amqp.rabbit.connection.ConnectionFactoryUtils.getTransactionalResourceHolder(ConnectionFactoryUtils.java:83)
	at org.springframework.amqp.rabbit.listener.BlockingQueueConsumer.start(BlockingQueueConsumer.java:631)
	at org.springframework.amqp.rabbit.listener.SimpleMessageListenerContainer$AsyncMessageProcessingConsumer.initialize(SimpleMessageListenerContainer.java:1524)
	at org.springframework.amqp.rabbit.listener.SimpleMessageListenerContainer$AsyncMessageProcessingConsumer.run(SimpleMessageListenerContainer.java:1356)
	at java.base/java.lang.Thread.run(Thread.java:1583)
Caused by: java.net.ConnectException: Connection refused: getsockopt
	at java.base/sun.nio.ch.Net.pollConnect(Native Method)
	at java.base/sun.nio.ch.Net.pollConnectNow(Net.java:682)
	at java.base/sun.nio.ch.NioSocketImpl.timedFinishConnect(NioSocketImpl.java:542)
	at java.base/sun.nio.ch.NioSocketImpl.connect(NioSocketImpl.java:592)
	at java.base/java.net.SocksSocketImpl.connect(SocksSocketImpl.java:327)
	at java.base/java.net.Socket.connect(Socket.java:751)
	at com.rabbitmq.client.impl.SocketFrameHandlerFactory.create(SocketFrameHandlerFactory.java:61)
	at com.rabbitmq.client.ConnectionFactory.newConnection(ConnectionFactory.java:1355)
	at com.rabbitmq.client.ConnectionFactory.newConnection(ConnectionFactory.java:1297)
	at org.springframework.amqp.rabbit.connection.AbstractConnectionFactory.connectAddresses(AbstractConnectionFactory.java:676)
	at org.springframework.amqp.rabbit.connection.AbstractConnectionFactory.connect(AbstractConnectionFactory.java:644)
	at org.springframework.amqp.rabbit.connection.AbstractConnectionFactory.createBareConnection(AbstractConnectionFactory.java:590)
	... 10 common frames omitted
2026-03-10 19:38:44.441 [org.springframework.amqp.rabbit.RabbitListenerEndpointContainer#0-2] INFO  o.s.a.r.l.SimpleMessageListenerContainer [] - Restarting Consumer@76a59268: tags=[[]], channel=null, acknowledgeMode=AUTO local queue size=0
2026-03-10 19:38:44.441 [org.springframework.amqp.rabbit.RabbitListenerEndpointContainer#0-2] DEBUG o.s.a.r.l.BlockingQueueConsumer [] - Closing Rabbit Channel: null
2026-03-10 19:38:44.442 [org.springframework.amqp.rabbit.RabbitListenerEndpointContainer#0-3] INFO  o.s.a.r.c.CachingConnectionFactory [] - Attempting to connect to: [localhost:5672]
2026-03-10 19:38:44.457 [org.springframework.amqp.rabbit.RabbitListenerEndpointContainer#0-3] ERROR o.s.a.r.l.SimpleMessageListenerContainer [] - Failed to check/redeclare auto-delete queue(s).
2026-03-10 19:38:44.458 [org.springframework.amqp.rabbit.RabbitListenerEndpointContainer#0-3] DEBUG o.s.a.r.l.BlockingQueueConsumer [] - Starting consumer Consumer@6bad3c78: tags=[[]], channel=null, acknowledgeMode=AUTO local queue size=0
2026-03-10 19:38:44.458 [org.springframework.amqp.rabbit.RabbitListenerEndpointContainer#0-3] INFO  o.s.a.r.c.CachingConnectionFactory [] - Attempting to connect to: [localhost:5672]
2026-03-10 19:38:44.487 [org.springframework.amqp.rabbit.RabbitListenerEndpointContainer#0-3] DEBUG o.s.a.r.l.SimpleMessageListenerContainer [] - Recovering consumer in 5000 ms.
2026-03-10 19:38:49.630 [org.springframework.amqp.rabbit.RabbitListenerEndpointContainer#0-3] WARN  o.s.a.r.l.SimpleMessageListenerContainer [] - Consumer raised exception, processing can restart if the connection factory supports it
org.springframework.amqp.AmqpConnectException: java.net.ConnectException: Connection refused: getsockopt
	at org.springframework.amqp.rabbit.support.RabbitExceptionTranslator.convertRabbitAccessException(RabbitExceptionTranslator.java:60)
	at org.springframework.amqp.rabbit.connection.AbstractConnectionFactory.createBareConnection(AbstractConnectionFactory.java:629)
	at org.springframework.amqp.rabbit.connection.CachingConnectionFactory.createConnection(CachingConnectionFactory.java:745)
	at org.springframework.amqp.rabbit.connection.ConnectionFactoryUtils.createConnection(ConnectionFactoryUtils.java:256)
	at org.springframework.amqp.rabbit.connection.ConnectionFactoryUtils$RabbitResourceFactory.createConnection(ConnectionFactoryUtils.java:330)
	at org.springframework.amqp.rabbit.connection.ConnectionFactoryUtils.doGetTransactionalResourceHolder(ConnectionFactoryUtils.java:139)
	at org.springframework.amqp.rabbit.connection.ConnectionFactoryUtils.getTransactionalResourceHolder(ConnectionFactoryUtils.java:100)
	at org.springframework.amqp.rabbit.connection.ConnectionFactoryUtils.getTransactionalResourceHolder(ConnectionFactoryUtils.java:83)
	at org.springframework.amqp.rabbit.listener.BlockingQueueConsumer.start(BlockingQueueConsumer.java:631)
	at org.springframework.amqp.rabbit.listener.SimpleMessageListenerContainer$AsyncMessageProcessingConsumer.initialize(SimpleMessageListenerContainer.java:1524)
	at org.springframework.amqp.rabbit.listener.SimpleMessageListenerContainer$AsyncMessageProcessingConsumer.run(SimpleMessageListenerContainer.java:1356)
	at java.base/java.lang.Thread.run(Thread.java:1583)
Caused by: java.net.ConnectException: Connection refused: getsockopt
	at java.base/sun.nio.ch.Net.pollConnect(Native Method)
	at java.base/sun.nio.ch.Net.pollConnectNow(Net.java:682)
	at java.base/sun.nio.ch.NioSocketImpl.timedFinishConnect(NioSocketImpl.java:542)
	at java.base/sun.nio.ch.NioSocketImpl.connect(NioSocketImpl.java:592)
	at java.base/java.net.SocksSocketImpl.connect(SocksSocketImpl.java:327)
	at java.base/java.net.Socket.connect(Socket.java:751)
	at com.rabbitmq.client.impl.SocketFrameHandlerFactory.create(SocketFrameHandlerFactory.java:61)
	at com.rabbitmq.client.ConnectionFactory.newConnection(ConnectionFactory.java:1355)
	at com.rabbitmq.client.ConnectionFactory.newConnection(ConnectionFactory.java:1297)
	at org.springframework.amqp.rabbit.connection.AbstractConnectionFactory.connectAddresses(AbstractConnectionFactory.java:676)
	at org.springframework.amqp.rabbit.connection.AbstractConnectionFactory.connect(AbstractConnectionFactory.java:644)
	at org.springframework.amqp.rabbit.connection.AbstractConnectionFactory.createBareConnection(AbstractConnectionFactory.java:590)
	... 10 common frames omitted
2026-03-10 19:38:49.631 [org.springframework.amqp.rabbit.RabbitListenerEndpointContainer#0-3] INFO  o.s.a.r.l.SimpleMessageListenerContainer [] - Restarting Consumer@6bad3c78: tags=[[]], channel=null, acknowledgeMode=AUTO local queue size=0
2026-03-10 19:38:49.631 [org.springframework.amqp.rabbit.RabbitListenerEndpointContainer#0-3] DEBUG o.s.a.r.l.BlockingQueueConsumer [] - Closing Rabbit Channel: null
2026-03-10 19:38:49.632 [org.springframework.amqp.rabbit.RabbitListenerEndpointContainer#0-4] INFO  o.s.a.r.c.CachingConnectionFactory [] - Attempting to connect to: [localhost:5672]
2026-03-10 19:38:49.659 [org.springframework.amqp.rabbit.RabbitListenerEndpointContainer#0-4] ERROR o.s.a.r.l.SimpleMessageListenerContainer [] - Failed to check/redeclare auto-delete queue(s).
2026-03-10 19:38:49.660 [org.springframework.amqp.rabbit.RabbitListenerEndpointContainer#0-4] DEBUG o.s.a.r.l.BlockingQueueConsumer [] - Starting consumer Consumer@594b9a6a: tags=[[]], channel=null, acknowledgeMode=AUTO local queue size=0
2026-03-10 19:38:49.660 [org.springframework.amqp.rabbit.RabbitListenerEndpointContainer#0-4] INFO  o.s.a.r.c.CachingConnectionFactory [] - Attempting to connect to: [localhost:5672]
2026-03-10 19:38:49.691 [org.springframework.amqp.rabbit.RabbitListenerEndpointContainer#0-4] DEBUG o.s.a.r.l.SimpleMessageListenerContainer [] - Recovering consumer in 5000 ms.
2026-03-10 19:38:54.804 [org.springframework.amqp.rabbit.RabbitListenerEndpointContainer#0-4] WARN  o.s.a.r.l.SimpleMessageListenerContainer [] - Consumer raised exception, processing can restart if the connection factory supports it
org.springframework.amqp.AmqpConnectException: java.net.ConnectException: Connection refused: getsockopt
	at org.springframework.amqp.rabbit.support.RabbitExceptionTranslator.convertRabbitAccessException(RabbitExceptionTranslator.java:60)
	at org.springframework.amqp.rabbit.connection.AbstractConnectionFactory.createBareConnection(AbstractConnectionFactory.java:629)
	at org.springframework.amqp.rabbit.connection.CachingConnectionFactory.createConnection(CachingConnectionFactory.java:745)
	at org.springframework.amqp.rabbit.connection.ConnectionFactoryUtils.createConnection(ConnectionFactoryUtils.java:256)
	at org.springframework.amqp.rabbit.connection.ConnectionFactoryUtils$RabbitResourceFactory.createConnection(ConnectionFactoryUtils.java:330)
	at org.springframework.amqp.rabbit.connection.ConnectionFactoryUtils.doGetTransactionalResourceHolder(ConnectionFactoryUtils.java:139)
	at org.springframework.amqp.rabbit.connection.ConnectionFactoryUtils.getTransactionalResourceHolder(ConnectionFactoryUtils.java:100)
	at org.springframework.amqp.rabbit.connection.ConnectionFactoryUtils.getTransactionalResourceHolder(ConnectionFactoryUtils.java:83)
	at org.springframework.amqp.rabbit.listener.BlockingQueueConsumer.start(BlockingQueueConsumer.java:631)
	at org.springframework.amqp.rabbit.listener.SimpleMessageListenerContainer$AsyncMessageProcessingConsumer.initialize(SimpleMessageListenerContainer.java:1524)
	at org.springframework.amqp.rabbit.listener.SimpleMessageListenerContainer$AsyncMessageProcessingConsumer.run(SimpleMessageListenerContainer.java:1356)
	at java.base/java.lang.Thread.run(Thread.java:1583)
Caused by: java.net.ConnectException: Connection refused: getsockopt
	at java.base/sun.nio.ch.Net.pollConnect(Native Method)
	at java.base/sun.nio.ch.Net.pollConnectNow(Net.java:682)
	at java.base/sun.nio.ch.NioSocketImpl.timedFinishConnect(NioSocketImpl.java:542)
	at java.base/sun.nio.ch.NioSocketImpl.connect(NioSocketImpl.java:592)
	at java.base/java.net.SocksSocketImpl.connect(SocksSocketImpl.java:327)
	at java.base/java.net.Socket.connect(Socket.java:751)
	at com.rabbitmq.client.impl.SocketFrameHandlerFactory.create(SocketFrameHandlerFactory.java:61)
	at com.rabbitmq.client.ConnectionFactory.newConnection(ConnectionFactory.java:1355)
	at com.rabbitmq.client.ConnectionFactory.newConnection(ConnectionFactory.java:1297)
	at org.springframework.amqp.rabbit.connection.AbstractConnectionFactory.connectAddresses(AbstractConnectionFactory.java:676)
	at org.springframework.amqp.rabbit.connection.AbstractConnectionFactory.connect(AbstractConnectionFactory.java:644)
	at org.springframework.amqp.rabbit.connection.AbstractConnectionFactory.createBareConnection(AbstractConnectionFactory.java:590)
	... 10 common frames omitted
2026-03-10 19:38:54.805 [org.springframework.amqp.rabbit.RabbitListenerEndpointContainer#0-4] INFO  o.s.a.r.l.SimpleMessageListenerContainer [] - Restarting Consumer@594b9a6a: tags=[[]], channel=null, acknowledgeMode=AUTO local queue size=0
2026-03-10 19:38:54.805 [org.springframework.amqp.rabbit.RabbitListenerEndpointContainer#0-4] DEBUG o.s.a.r.l.BlockingQueueConsumer [] - Closing Rabbit Channel: null
2026-03-10 19:38:54.807 [org.springframework.amqp.rabbit.RabbitListenerEndpointContainer#0-5] INFO  o.s.a.r.c.CachingConnectionFactory [] - Attempting to connect to: [localhost:5672]
2026-03-10 19:38:54.809 [org.springframework.amqp.rabbit.RabbitListenerEndpointContainer#0-5] ERROR o.s.a.r.l.SimpleMessageListenerContainer [] - Failed to check/redeclare auto-delete queue(s).
2026-03-10 19:38:54.809 [org.springframework.amqp.rabbit.RabbitListenerEndpointContainer#0-5] DEBUG o.s.a.r.l.BlockingQueueConsumer [] - Starting consumer Consumer@1e21aab4: tags=[[]], channel=null, acknowledgeMode=AUTO local queue size=0
2026-03-10 19:38:54.809 [org.springframework.amqp.rabbit.RabbitListenerEndpointContainer#0-5] INFO  o.s.a.r.c.CachingConnectionFactory [] - Attempting to connect to: [localhost:5672]
2026-03-10 19:38:54.850 [org.springframework.amqp.rabbit.RabbitListenerEndpointContainer#0-5] DEBUG o.s.a.r.l.SimpleMessageListenerContainer [] - Recovering consumer in 5000 ms.
2026-03-10 19:38:55.648 [SpringApplicationShutdownHook] DEBUG o.s.a.r.l.SimpleMessageListenerContainer [] - Shutting down Rabbit listener container
2026-03-10 19:38:55.649 [org.springframework.amqp.rabbit.RabbitListenerEndpointContainer#0-6] INFO  o.s.a.r.l.SimpleMessageListenerContainer [] - Waiting for workers to finish.
2026-03-10 19:38:55.650 [org.springframework.amqp.rabbit.RabbitListenerEndpointContainer#0-6] INFO  o.s.a.r.l.SimpleMessageListenerContainer [] - Successfully waited for workers to finish.
2026-03-10 19:38:55.651 [SpringApplicationShutdownHook] INFO  o.s.boot.tomcat.GracefulShutdown [] - Commencing graceful shutdown. Waiting for active requests to complete
2026-03-10 19:38:55.659 [tomcat-shutdown] INFO  o.s.boot.tomcat.GracefulShutdown [] - Graceful shutdown complete
2026-03-10 19:38:55.666 [SpringApplicationShutdownHook] DEBUG o.s.a.r.l.SimpleMessageListenerContainer [] - Shutdown ignored - container is not active already
2026-03-10 19:38:55.675 [org.springframework.amqp.rabbit.RabbitListenerEndpointContainer#0-5] DEBUG o.s.a.r.l.SimpleMessageListenerContainer [] - Cancelling Consumer@1e21aab4: tags=[[]], channel=null, acknowledgeMode=AUTO local queue size=0
2026-03-10 19:38:55.675 [org.springframework.amqp.rabbit.RabbitListenerEndpointContainer#0-5] DEBUG o.s.a.r.l.BlockingQueueConsumer [] - Closing Rabbit Channel: null
2026-03-10 20:21:15.369 [background-preinit] INFO  o.h.validator.internal.util.Version [] - HV000001: Hibernate Validator 9.0.1.Final
2026-03-10 20:21:15.497 [restartedMain] INFO  c.e.m.MsReportAsyncApplication [] - Starting MsReportAsyncApplication using Java 21.0.8 with PID 18652 (C:\Users\guilh\OneDrive\Desktop\sptech\PI\ms async\ms-report-async\target\classes started by guilh in C:\Users\guilh\OneDrive\Desktop\sptech\PI\ms async\ms-report-async)
2026-03-10 20:21:15.497 [restartedMain] DEBUG c.e.m.MsReportAsyncApplication [] - Running with Spring Boot v4.0.3, Spring v7.0.5
2026-03-10 20:21:15.497 [restartedMain] INFO  c.e.m.MsReportAsyncApplication [] - No active profile set, falling back to 1 default profile: "default"
2026-03-10 20:21:15.625 [restartedMain] INFO  o.s.b.d.e.DevToolsPropertyDefaultsPostProcessor [] - Devtools property defaults active! Set 'spring.devtools.add-properties' to 'false' to disable
2026-03-10 20:21:15.630 [restartedMain] INFO  o.s.b.d.e.DevToolsPropertyDefaultsPostProcessor [] - For additional web related logging consider setting the 'logging.level.web' property to 'DEBUG'
2026-03-10 20:21:18.794 [restartedMain] INFO  o.s.boot.tomcat.TomcatWebServer [] - Tomcat initialized with port 8080 (http)
2026-03-10 20:21:18.821 [restartedMain] INFO  o.a.coyote.http11.Http11NioProtocol [] - Initializing ProtocolHandler ["http-nio-8080"]
2026-03-10 20:21:18.825 [restartedMain] INFO  o.a.catalina.core.StandardService [] - Starting service [Tomcat]
2026-03-10 20:21:18.825 [restartedMain] INFO  o.a.catalina.core.StandardEngine [] - Starting Servlet engine: [Apache Tomcat/11.0.18]
2026-03-10 20:21:18.925 [restartedMain] INFO  o.s.b.w.c.s.WebApplicationContextInitializer [] - Root WebApplicationContext: initialization completed in 3293 ms
2026-03-10 20:21:19.439 [restartedMain] WARN  s.a.a.p.internal.ProfileFileReader [] - Ignoring profile '[default]' on line 3, because '[profile default]' was already seen in the same file.
2026-03-10 20:21:22.414 [restartedMain] INFO  o.s.b.a.e.web.EndpointLinksResolver [] - Exposing 1 endpoint beneath base path '/actuator'
2026-03-10 20:21:22.496 [restartedMain] DEBUG o.s.a.r.l.a.MessagingMessageListenerAdapter [] - Inferred argument type for public void com.example.ms_report_async.infraestructure.async.RabbitImportListener.receive(java.lang.String) is class java.lang.String
2026-03-10 20:21:22.560 [restartedMain] DEBUG o.s.a.r.l.SimpleMessageListenerContainer [] - No global properties bean
2026-03-10 20:21:22.605 [restartedMain] INFO  o.a.coyote.http11.Http11NioProtocol [] - Starting ProtocolHandler ["http-nio-8080"]
2026-03-10 20:21:22.638 [restartedMain] INFO  o.s.boot.tomcat.TomcatWebServer [] - Tomcat started on port 8080 (http) with context path '/'
2026-03-10 20:21:22.641 [restartedMain] DEBUG o.s.a.r.l.SimpleMessageListenerContainer [] - Starting Rabbit listener container.
2026-03-10 20:21:22.648 [restartedMain] INFO  o.s.a.r.c.CachingConnectionFactory [] - Attempting to connect to: [localhost:5672]
2026-03-10 20:21:22.958 [restartedMain] INFO  o.s.a.r.l.SimpleMessageListenerContainer [] - Broker not available; cannot force queue declarations during start: com.rabbitmq.client.AuthenticationFailureException: ACCESS_REFUSED - Login was refused using authentication mechanism PLAIN. For details see the broker logfile.
2026-03-10 20:21:22.972 [org.springframework.amqp.rabbit.RabbitListenerEndpointContainer#0-1] INFO  o.s.a.r.c.CachingConnectionFactory [] - Attempting to connect to: [localhost:5672]
2026-03-10 20:21:22.999 [org.springframework.amqp.rabbit.RabbitListenerEndpointContainer#0-1] ERROR o.s.a.r.l.SimpleMessageListenerContainer [] - Failed to check/redeclare auto-delete queue(s).
org.springframework.amqp.AmqpAuthenticationException: com.rabbitmq.client.AuthenticationFailureException: ACCESS_REFUSED - Login was refused using authentication mechanism PLAIN. For details see the broker logfile.
	at org.springframework.amqp.rabbit.support.RabbitExceptionTranslator.convertRabbitAccessException(RabbitExceptionTranslator.java:63)
	at org.springframework.amqp.rabbit.connection.AbstractConnectionFactory.createBareConnection(AbstractConnectionFactory.java:629)
	at org.springframework.amqp.rabbit.connection.CachingConnectionFactory.createConnection(CachingConnectionFactory.java:745)
	at org.springframework.amqp.rabbit.connection.ConnectionFactoryUtils.createConnection(ConnectionFactoryUtils.java:256)
	at org.springframework.amqp.rabbit.core.RabbitTemplate.doExecute(RabbitTemplate.java:2241)
	at org.springframework.amqp.rabbit.core.RabbitTemplate.execute(RabbitTemplate.java:2213)
	at org.springframework.amqp.rabbit.core.RabbitTemplate.execute(RabbitTemplate.java:2193)
	at org.springframework.amqp.rabbit.core.RabbitAdmin.getQueueInfo(RabbitAdmin.java:472)
	at org.springframework.amqp.rabbit.core.RabbitAdmin.getQueueProperties(RabbitAdmin.java:456)
	at org.springframework.amqp.rabbit.listener.AbstractMessageListenerContainer.attemptDeclarations(AbstractMessageListenerContainer.java:1959)
	at org.springframework.amqp.rabbit.listener.AbstractMessageListenerContainer.redeclareElementsIfNecessary(AbstractMessageListenerContainer.java:1923)
	at org.springframework.amqp.rabbit.listener.SimpleMessageListenerContainer$AsyncMessageProcessingConsumer.initialize(SimpleMessageListenerContainer.java:1523)
	at org.springframework.amqp.rabbit.listener.SimpleMessageListenerContainer$AsyncMessageProcessingConsumer.run(SimpleMessageListenerContainer.java:1356)
	at java.base/java.lang.Thread.run(Thread.java:1583)
Caused by: com.rabbitmq.client.AuthenticationFailureException: ACCESS_REFUSED - Login was refused using authentication mechanism PLAIN. For details see the broker logfile.
	at com.rabbitmq.client.impl.AMQConnection.start(AMQConnection.java:400)
	at com.rabbitmq.client.ConnectionFactory.newConnection(ConnectionFactory.java:1357)
	at com.rabbitmq.client.ConnectionFactory.newConnection(ConnectionFactory.java:1297)
	at org.springframework.amqp.rabbit.connection.AbstractConnectionFactory.connectAddresses(AbstractConnectionFactory.java:676)
	at org.springframework.amqp.rabbit.connection.AbstractConnectionFactory.connect(AbstractConnectionFactory.java:644)
	at org.springframework.amqp.rabbit.connection.AbstractConnectionFactory.createBareConnection(AbstractConnectionFactory.java:590)
	... 12 common frames omitted
2026-03-10 20:21:23.007 [org.springframework.amqp.rabbit.RabbitListenerEndpointContainer#0-1] DEBUG o.s.a.r.l.BlockingQueueConsumer [] - Starting consumer Consumer@4271e8ca: tags=[[]], channel=null, acknowledgeMode=AUTO local queue size=0
2026-03-10 20:21:23.012 [org.springframework.amqp.rabbit.RabbitListenerEndpointContainer#0-1] INFO  o.s.a.r.c.CachingConnectionFactory [] - Attempting to connect to: [localhost:5672]
2026-03-10 20:21:23.037 [org.springframework.amqp.rabbit.RabbitListenerEndpointContainer#0-1] ERROR o.s.a.r.l.SimpleMessageListenerContainer [] - Consumer received fatal exception on startup
org.springframework.amqp.rabbit.listener.exception.FatalListenerStartupException: Authentication failure
	at org.springframework.amqp.rabbit.listener.BlockingQueueConsumer.start(BlockingQueueConsumer.java:637)
	at org.springframework.amqp.rabbit.listener.SimpleMessageListenerContainer$AsyncMessageProcessingConsumer.initialize(SimpleMessageListenerContainer.java:1524)
	at org.springframework.amqp.rabbit.listener.SimpleMessageListenerContainer$AsyncMessageProcessingConsumer.run(SimpleMessageListenerContainer.java:1356)
	at java.base/java.lang.Thread.run(Thread.java:1583)
Caused by: org.springframework.amqp.AmqpAuthenticationException: com.rabbitmq.client.AuthenticationFailureException: ACCESS_REFUSED - Login was refused using authentication mechanism PLAIN. For details see the broker logfile.
	at org.springframework.amqp.rabbit.support.RabbitExceptionTranslator.convertRabbitAccessException(RabbitExceptionTranslator.java:63)
	at org.springframework.amqp.rabbit.connection.AbstractConnectionFactory.createBareConnection(AbstractConnectionFactory.java:629)
	at org.springframework.amqp.rabbit.connection.CachingConnectionFactory.createConnection(CachingConnectionFactory.java:745)
	at org.springframework.amqp.rabbit.connection.ConnectionFactoryUtils.createConnection(ConnectionFactoryUtils.java:256)
	at org.springframework.amqp.rabbit.connection.ConnectionFactoryUtils$RabbitResourceFactory.createConnection(ConnectionFactoryUtils.java:330)
	at org.springframework.amqp.rabbit.connection.ConnectionFactoryUtils.doGetTransactionalResourceHolder(ConnectionFactoryUtils.java:139)
	at org.springframework.amqp.rabbit.connection.ConnectionFactoryUtils.getTransactionalResourceHolder(ConnectionFactoryUtils.java:100)
	at org.springframework.amqp.rabbit.connection.ConnectionFactoryUtils.getTransactionalResourceHolder(ConnectionFactoryUtils.java:83)
	at org.springframework.amqp.rabbit.listener.BlockingQueueConsumer.start(BlockingQueueConsumer.java:631)
	... 3 common frames omitted
Caused by: com.rabbitmq.client.AuthenticationFailureException: ACCESS_REFUSED - Login was refused using authentication mechanism PLAIN. For details see the broker logfile.
	at com.rabbitmq.client.impl.AMQConnection.start(AMQConnection.java:400)
	at com.rabbitmq.client.ConnectionFactory.newConnection(ConnectionFactory.java:1357)
	at com.rabbitmq.client.ConnectionFactory.newConnection(ConnectionFactory.java:1297)
	at org.springframework.amqp.rabbit.connection.AbstractConnectionFactory.connectAddresses(AbstractConnectionFactory.java:676)
	at org.springframework.amqp.rabbit.connection.AbstractConnectionFactory.connect(AbstractConnectionFactory.java:644)
	at org.springframework.amqp.rabbit.connection.AbstractConnectionFactory.createBareConnection(AbstractConnectionFactory.java:590)
	... 10 common frames omitted
2026-03-10 20:21:23.038 [org.springframework.amqp.rabbit.RabbitListenerEndpointContainer#0-1] DEBUG o.s.a.r.l.SimpleMessageListenerContainer [] - Cancelling Consumer@4271e8ca: tags=[[]], channel=null, acknowledgeMode=AUTO local queue size=0
2026-03-10 20:21:23.039 [org.springframework.amqp.rabbit.RabbitListenerEndpointContainer#0-1] DEBUG o.s.a.r.l.BlockingQueueConsumer [] - Closing Rabbit Channel: null
2026-03-10 20:21:23.040 [org.springframework.amqp.rabbit.RabbitListenerEndpointContainer#0-1] ERROR o.s.a.r.l.SimpleMessageListenerContainer [] - Stopping container from aborted consumer
2026-03-10 20:21:23.040 [org.springframework.amqp.rabbit.RabbitListenerEndpointContainer#0-1] DEBUG o.s.a.r.l.SimpleMessageListenerContainer [] - Shutting down Rabbit listener container
2026-03-10 20:21:23.041 [org.springframework.amqp.rabbit.RabbitListenerEndpointContainer#0-1] INFO  o.s.a.r.l.SimpleMessageListenerContainer [] - Waiting for workers to finish.
2026-03-10 20:21:23.041 [org.springframework.amqp.rabbit.RabbitListenerEndpointContainer#0-1] INFO  o.s.a.r.l.SimpleMessageListenerContainer [] - Successfully waited for workers to finish.
2026-03-10 20:21:23.042 [restartedMain] INFO  o.s.boot.tomcat.GracefulShutdown [] - Commencing graceful shutdown. Waiting for active requests to complete
2026-03-10 20:21:23.045 [tomcat-shutdown] INFO  o.a.coyote.http11.Http11NioProtocol [] - Pausing ProtocolHandler ["http-nio-8080"]
2026-03-10 20:21:23.051 [tomcat-shutdown] INFO  o.s.boot.tomcat.GracefulShutdown [] - Graceful shutdown complete
2026-03-10 20:21:23.052 [restartedMain] INFO  o.a.coyote.http11.Http11NioProtocol [] - Stopping ProtocolHandler ["http-nio-8080"]
2026-03-10 20:21:23.056 [restartedMain] WARN  o.s.b.w.s.s.c.AnnotationConfigServletWebServerApplicationContext [] - Exception encountered during context initialization - cancelling refresh attempt: org.springframework.context.ApplicationContextException: Failed to start bean 'org.springframework.amqp.rabbit.config.internalRabbitListenerEndpointRegistry'
2026-03-10 20:21:23.070 [restartedMain] DEBUG o.s.a.r.l.SimpleMessageListenerContainer [] - Shutdown ignored - container is not active already
2026-03-10 20:21:23.356 [restartedMain] INFO  o.s.b.a.l.ConditionEvaluationReportLogger [] - 

Error starting ApplicationContext. To display the condition evaluation report re-run your application with 'debug' enabled.
2026-03-10 20:21:23.390 [restartedMain] ERROR o.s.boot.SpringApplication [] - Application run failed
org.springframework.context.ApplicationContextException: Failed to start bean 'org.springframework.amqp.rabbit.config.internalRabbitListenerEndpointRegistry'
	at org.springframework.context.support.DefaultLifecycleProcessor.doStart(DefaultLifecycleProcessor.java:423)
	at org.springframework.context.support.DefaultLifecycleProcessor.doStart(DefaultLifecycleProcessor.java:409)
	at org.springframework.context.support.DefaultLifecycleProcessor$LifecycleGroup.start(DefaultLifecycleProcessor.java:613)
	at java.base/java.lang.Iterable.forEach(Iterable.java:75)
	at org.springframework.context.support.DefaultLifecycleProcessor.startBeans(DefaultLifecycleProcessor.java:379)
	at org.springframework.context.support.DefaultLifecycleProcessor.onRefresh(DefaultLifecycleProcessor.java:306)
	at org.springframework.context.support.AbstractApplicationContext.finishRefresh(AbstractApplicationContext.java:1013)
	at org.springframework.context.support.AbstractApplicationContext.refresh(AbstractApplicationContext.java:624)
	at org.springframework.boot.web.server.servlet.context.ServletWebServerApplicationContext.refresh(ServletWebServerApplicationContext.java:143)
	at org.springframework.boot.SpringApplication.refresh(SpringApplication.java:756)
	at org.springframework.boot.SpringApplication.refreshContext(SpringApplication.java:445)
	at org.springframework.boot.SpringApplication.run(SpringApplication.java:321)
	at org.springframework.boot.SpringApplication.run(SpringApplication.java:1365)
	at org.springframework.boot.SpringApplication.run(SpringApplication.java:1354)
	at com.example.ms_report_async.MsReportAsyncApplication.main(MsReportAsyncApplication.java:10)
	at java.base/jdk.internal.reflect.DirectMethodHandleAccessor.invoke(DirectMethodHandleAccessor.java:103)
	at java.base/java.lang.reflect.Method.invoke(Method.java:580)
	at org.springframework.boot.devtools.restart.RestartLauncher.run(RestartLauncher.java:52)
Caused by: org.springframework.amqp.AmqpIllegalStateException: Fatal exception on listener startup
	at org.springframework.amqp.rabbit.listener.SimpleMessageListenerContainer.waitForConsumersToStart(SimpleMessageListenerContainer.java:652)
	at org.springframework.amqp.rabbit.listener.SimpleMessageListenerContainer.doStart(SimpleMessageListenerContainer.java:612)
	at org.springframework.amqp.rabbit.listener.AbstractMessageListenerContainer.start(AbstractMessageListenerContainer.java:1421)
	at org.springframework.amqp.rabbit.listener.RabbitListenerEndpointRegistry.startIfNecessary(RabbitListenerEndpointRegistry.java:295)
	at org.springframework.amqp.rabbit.listener.RabbitListenerEndpointRegistry.start(RabbitListenerEndpointRegistry.java:245)
	at org.springframework.context.support.DefaultLifecycleProcessor.doStart(DefaultLifecycleProcessor.java:420)
	... 17 common frames omitted
Caused by: org.springframework.amqp.rabbit.listener.exception.FatalListenerStartupException: Authentication failure
	at org.springframework.amqp.rabbit.listener.BlockingQueueConsumer.start(BlockingQueueConsumer.java:637)
	at org.springframework.amqp.rabbit.listener.SimpleMessageListenerContainer$AsyncMessageProcessingConsumer.initialize(SimpleMessageListenerContainer.java:1524)
	at org.springframework.amqp.rabbit.listener.SimpleMessageListenerContainer$AsyncMessageProcessingConsumer.run(SimpleMessageListenerContainer.java:1356)
	at java.base/java.lang.Thread.run(Thread.java:1583)
Caused by: org.springframework.amqp.AmqpAuthenticationException: com.rabbitmq.client.AuthenticationFailureException: ACCESS_REFUSED - Login was refused using authentication mechanism PLAIN. For details see the broker logfile.
	at org.springframework.amqp.rabbit.support.RabbitExceptionTranslator.convertRabbitAccessException(RabbitExceptionTranslator.java:63)
	at org.springframework.amqp.rabbit.connection.AbstractConnectionFactory.createBareConnection(AbstractConnectionFactory.java:629)
	at org.springframework.amqp.rabbit.connection.CachingConnectionFactory.createConnection(CachingConnectionFactory.java:745)
	at org.springframework.amqp.rabbit.connection.ConnectionFactoryUtils.createConnection(ConnectionFactoryUtils.java:256)
	at org.springframework.amqp.rabbit.connection.ConnectionFactoryUtils$RabbitResourceFactory.createConnection(ConnectionFactoryUtils.java:330)
	at org.springframework.amqp.rabbit.connection.ConnectionFactoryUtils.doGetTransactionalResourceHolder(ConnectionFactoryUtils.java:139)
	at org.springframework.amqp.rabbit.connection.ConnectionFactoryUtils.getTransactionalResourceHolder(ConnectionFactoryUtils.java:100)
	at org.springframework.amqp.rabbit.connection.ConnectionFactoryUtils.getTransactionalResourceHolder(ConnectionFactoryUtils.java:83)
	at org.springframework.amqp.rabbit.listener.BlockingQueueConsumer.start(BlockingQueueConsumer.java:631)
	... 3 common frames omitted
Caused by: com.rabbitmq.client.AuthenticationFailureException: ACCESS_REFUSED - Login was refused using authentication mechanism PLAIN. For details see the broker logfile.
	at com.rabbitmq.client.impl.AMQConnection.start(AMQConnection.java:400)
	at com.rabbitmq.client.ConnectionFactory.newConnection(ConnectionFactory.java:1357)
	at com.rabbitmq.client.ConnectionFactory.newConnection(ConnectionFactory.java:1297)
	at org.springframework.amqp.rabbit.connection.AbstractConnectionFactory.connectAddresses(AbstractConnectionFactory.java:676)
	at org.springframework.amqp.rabbit.connection.AbstractConnectionFactory.connect(AbstractConnectionFactory.java:644)
	at org.springframework.amqp.rabbit.connection.AbstractConnectionFactory.createBareConnection(AbstractConnectionFactory.java:590)
	... 10 common frames omitted
2026-03-10 20:23:38.817 [background-preinit] INFO  o.h.validator.internal.util.Version [] - HV000001: Hibernate Validator 9.0.1.Final
2026-03-10 20:23:38.911 [restartedMain] INFO  c.e.m.MsReportAsyncApplication [] - Starting MsReportAsyncApplication using Java 21.0.8 with PID 7000 (C:\Users\guilh\OneDrive\Desktop\sptech\PI\ms async\ms-report-async\target\classes started by guilh in C:\Users\guilh\OneDrive\Desktop\sptech\PI\ms async\ms-report-async)
2026-03-10 20:23:38.911 [restartedMain] DEBUG c.e.m.MsReportAsyncApplication [] - Running with Spring Boot v4.0.3, Spring v7.0.5
2026-03-10 20:23:38.911 [restartedMain] INFO  c.e.m.MsReportAsyncApplication [] - No active profile set, falling back to 1 default profile: "default"
2026-03-10 20:23:39.094 [restartedMain] INFO  o.s.b.d.e.DevToolsPropertyDefaultsPostProcessor [] - Devtools property defaults active! Set 'spring.devtools.add-properties' to 'false' to disable
2026-03-10 20:23:39.094 [restartedMain] INFO  o.s.b.d.e.DevToolsPropertyDefaultsPostProcessor [] - For additional web related logging consider setting the 'logging.level.web' property to 'DEBUG'
2026-03-10 20:23:42.073 [restartedMain] INFO  o.s.boot.tomcat.TomcatWebServer [] - Tomcat initialized with port 8080 (http)
2026-03-10 20:23:42.098 [restartedMain] INFO  o.a.coyote.http11.Http11NioProtocol [] - Initializing ProtocolHandler ["http-nio-8080"]
2026-03-10 20:23:42.102 [restartedMain] INFO  o.a.catalina.core.StandardService [] - Starting service [Tomcat]
2026-03-10 20:23:42.103 [restartedMain] INFO  o.a.catalina.core.StandardEngine [] - Starting Servlet engine: [Apache Tomcat/11.0.18]
2026-03-10 20:23:42.199 [restartedMain] INFO  o.s.b.w.c.s.WebApplicationContextInitializer [] - Root WebApplicationContext: initialization completed in 3100 ms
2026-03-10 20:23:42.662 [restartedMain] WARN  s.a.a.p.internal.ProfileFileReader [] - Ignoring profile '[default]' on line 3, because '[profile default]' was already seen in the same file.
2026-03-10 20:23:45.630 [restartedMain] INFO  o.s.b.a.e.web.EndpointLinksResolver [] - Exposing 1 endpoint beneath base path '/actuator'
2026-03-10 20:23:45.692 [restartedMain] DEBUG o.s.a.r.l.a.MessagingMessageListenerAdapter [] - Inferred argument type for public void com.example.ms_report_async.infraestructure.async.RabbitImportListener.receive(java.lang.String) is class java.lang.String
2026-03-10 20:23:45.744 [restartedMain] DEBUG o.s.a.r.l.SimpleMessageListenerContainer [] - No global properties bean
2026-03-10 20:23:45.799 [restartedMain] INFO  o.a.coyote.http11.Http11NioProtocol [] - Starting ProtocolHandler ["http-nio-8080"]
2026-03-10 20:23:45.831 [restartedMain] INFO  o.s.boot.tomcat.TomcatWebServer [] - Tomcat started on port 8080 (http) with context path '/'
2026-03-10 20:23:45.838 [restartedMain] DEBUG o.s.a.r.l.SimpleMessageListenerContainer [] - Starting Rabbit listener container.
2026-03-10 20:23:45.838 [restartedMain] INFO  o.s.a.r.c.CachingConnectionFactory [] - Attempting to connect to: [localhost:5672]
2026-03-10 20:23:45.991 [restartedMain] INFO  o.s.a.r.c.CachingConnectionFactory [] - Created new connection: rabbitConnectionFactory#320f2f92:0/SimpleConnection@4823f126 [delegate=amqp://user@127.0.0.1:5672/, localPort=52039]
2026-03-10 20:23:45.994 [restartedMain] DEBUG o.s.amqp.rabbit.core.RabbitAdmin [] - Initializing declarations
2026-03-10 20:23:46.031 [restartedMain] DEBUG o.s.a.r.c.CachingConnectionFactory [] - Creating cached Rabbit Channel from AMQChannel(amqp://user@127.0.0.1:5672/,1)
2026-03-10 20:23:46.043 [restartedMain] DEBUG o.s.amqp.rabbit.core.RabbitTemplate [] - Executing callback  on RabbitMQ Channel: Cached Rabbit Channel: AMQChannel(amqp://user@127.0.0.1:5672/,1), conn: Proxy@2042ee9d Shared Rabbit Connection: SimpleConnection@4823f126 [delegate=amqp://user@127.0.0.1:5672/, localPort=52039]
2026-03-10 20:23:46.043 [restartedMain] DEBUG o.s.amqp.rabbit.core.RabbitAdmin [] - declaring Exchange 'import_exchange3'
2026-03-10 20:23:46.107 [restartedMain] DEBUG o.s.amqp.rabbit.core.RabbitAdmin [] - declaring Queue 'import_csv_queue3'
2026-03-10 20:23:46.262 [restartedMain] DEBUG o.s.amqp.rabbit.core.RabbitAdmin [] - Binding destination [import_csv_queue3 (QUEUE)] to exchange [import_exchange3] with routing key [import.csv3]
2026-03-10 20:23:46.279 [restartedMain] DEBUG o.s.amqp.rabbit.core.RabbitAdmin [] - Declarations finished
2026-03-10 20:23:46.288 [org.springframework.amqp.rabbit.RabbitListenerEndpointContainer#0-1] DEBUG o.s.amqp.rabbit.core.RabbitTemplate [] - Executing callback  on RabbitMQ Channel: Cached Rabbit Channel: AMQChannel(amqp://user@127.0.0.1:5672/,1), conn: Proxy@2042ee9d Shared Rabbit Connection: SimpleConnection@4823f126 [delegate=amqp://user@127.0.0.1:5672/, localPort=52039]
2026-03-10 20:23:46.296 [org.springframework.amqp.rabbit.RabbitListenerEndpointContainer#0-1] DEBUG o.s.a.r.l.BlockingQueueConsumer [] - Starting consumer Consumer@70f7700: tags=[[]], channel=null, acknowledgeMode=AUTO local queue size=0
2026-03-10 20:23:46.323 [org.springframework.amqp.rabbit.RabbitListenerEndpointContainer#0-1] DEBUG o.s.a.r.l.BlockingQueueConsumer [] - Started on queue 'import_csv_queue3' with tag amq.ctag-CaQCAk4u8RfF067ITehLow: Consumer@70f7700: tags=[[]], channel=Cached Rabbit Channel: AMQChannel(amqp://user@127.0.0.1:5672/,1), conn: Proxy@2042ee9d Shared Rabbit Connection: SimpleConnection@4823f126 [delegate=amqp://user@127.0.0.1:5672/, localPort=52039], acknowledgeMode=AUTO local queue size=0
2026-03-10 20:23:46.323 [pool-3-thread-3] DEBUG o.s.a.r.l.BlockingQueueConsumer [] - ConsumeOK: Consumer@70f7700: tags=[[amq.ctag-CaQCAk4u8RfF067ITehLow]], channel=Cached Rabbit Channel: AMQChannel(amqp://user@127.0.0.1:5672/,1), conn: Proxy@2042ee9d Shared Rabbit Connection: SimpleConnection@4823f126 [delegate=amqp://user@127.0.0.1:5672/, localPort=52039], acknowledgeMode=AUTO local queue size=0
2026-03-10 20:23:46.337 [restartedMain] INFO  c.e.m.MsReportAsyncApplication [] - Started MsReportAsyncApplication in 8.734 seconds (process running for 10.344)
2026-03-10 20:24:30.324 [http-nio-8080-exec-2] INFO  o.a.c.c.C.[Tomcat].[localhost].[/] [] - Initializing Spring DispatcherServlet 'dispatcherServlet'
2026-03-10 20:24:30.325 [http-nio-8080-exec-2] INFO  o.s.web.servlet.DispatcherServlet [] - Initializing Servlet 'dispatcherServlet'
2026-03-10 20:24:30.329 [http-nio-8080-exec-2] INFO  o.s.web.servlet.DispatcherServlet [] - Completed initialization in 4 ms
2026-03-10 20:24:30.430 [http-nio-8080-exec-2] INFO  c.e.m.i.r.impl.ImportControllerImpl [] - Recebendo requisição de importação. FileKey: estatisticas_di_2025_10-12_trusted.csv
2026-03-10 20:24:30.431 [http-nio-8080-exec-2] DEBUG c.e.m.i.async.RabbitImportProducer [] - Gerando novo JobId: 3990be1e-a8bb-47d9-98b2-7dc6cfdbe1ff para FileKey: estatisticas_di_2025_10-12_trusted.csv
2026-03-10 20:24:30.444 [http-nio-8080-exec-2] DEBUG o.s.a.r.c.CachingConnectionFactory [] - Creating cached Rabbit Channel from AMQChannel(amqp://user@127.0.0.1:5672/,2)
2026-03-10 20:24:30.445 [http-nio-8080-exec-2] DEBUG o.s.amqp.rabbit.core.RabbitTemplate [] - Executing callback  on RabbitMQ Channel: Cached Rabbit Channel: AMQChannel(amqp://user@127.0.0.1:5672/,2), conn: Proxy@2042ee9d Shared Rabbit Connection: SimpleConnection@4823f126 [delegate=amqp://user@127.0.0.1:5672/, localPort=52039]
2026-03-10 20:24:30.464 [http-nio-8080-exec-2] DEBUG o.s.amqp.rabbit.core.RabbitTemplate [] - Publishing message [(Body:'[B@3af56115(byte[100])' MessageProperties [headers={}, contentType=text/plain, contentEncoding=UTF-8, contentLength=100, deliveryMode=PERSISTENT, priority=0, deliveryTag=0])] on exchange [import_exchange3], routingKey = [import.csv3]
2026-03-10 20:24:30.475 [http-nio-8080-exec-2] INFO  c.e.m.i.async.RabbitImportProducer [] - Mensagem publicada no RabbitMQ com sucesso. Exchange: import_exchange3, RoutingKey: import.csv3, JobId: 3990be1e-a8bb-47d9-98b2-7dc6cfdbe1ff
2026-03-10 20:24:30.475 [http-nio-8080-exec-2] INFO  c.e.m.i.r.impl.ImportControllerImpl [] - Importação enfileirada com sucesso. JobId: 3990be1e-a8bb-47d9-98b2-7dc6cfdbe1ff, FileKey: estatisticas_di_2025_10-12_trusted.csv
2026-03-10 20:24:30.544 [pool-3-thread-4] DEBUG o.s.a.r.l.BlockingQueueConsumer [] - Storing delivery for consumerTag: 'amq.ctag-CaQCAk4u8RfF067ITehLow' with deliveryTag: '1' in Consumer@70f7700: tags=[[amq.ctag-CaQCAk4u8RfF067ITehLow]], channel=Cached Rabbit Channel: AMQChannel(amqp://user@127.0.0.1:5672/,1), conn: Proxy@2042ee9d Shared Rabbit Connection: SimpleConnection@4823f126 [delegate=amqp://user@127.0.0.1:5672/, localPort=52039], acknowledgeMode=AUTO local queue size=0
2026-03-10 20:24:30.546 [org.springframework.amqp.rabbit.RabbitListenerEndpointContainer#0-1] DEBUG o.s.a.r.l.BlockingQueueConsumer [] - Received message: (Body:'[B@5c538591(byte[100])' MessageProperties [headers={}, contentType=text/plain, contentEncoding=UTF-8, contentLength=0, receivedDeliveryMode=PERSISTENT, priority=0, redelivered=false, receivedExchange=import_exchange3, receivedRoutingKey=import.csv3, deliveryTag=1, consumerTag=amq.ctag-CaQCAk4u8RfF067ITehLow, consumerQueue=import_csv_queue3])
2026-03-10 20:24:30.566 [org.springframework.amqp.rabbit.RabbitListenerEndpointContainer#0-1] DEBUG o.s.a.r.l.a.MessagingMessageListenerAdapter [] - Processing [GenericMessage [payload={"jobId":"3990be1e-a8bb-47d9-98b2-7dc6cfdbe1ff", "fileKey":"estatisticas_di_2025_10-12_trusted.csv"}, headers={amqp_receivedDeliveryMode=PERSISTENT, amqp_receivedExchange=import_exchange3, amqp_deliveryTag=1, amqp_consumerQueue=import_csv_queue3, amqp_redelivered=false, amqp_receivedRoutingKey=import.csv3, amqp_contentEncoding=UTF-8, amqp_retryCount=0, id=d17461de-24a2-f7e9-ed54-9978b71b600e, amqp_consumerTag=amq.ctag-CaQCAk4u8RfF067ITehLow, amqp_lastInBatch=false, contentType=text/plain, timestamp=1773185070564}]]
2026-03-10 20:24:30.568 [org.springframework.amqp.rabbit.RabbitListenerEndpointContainer#0-1] INFO  c.e.m.i.async.RabbitImportListener [] - Mensagem recebida do RabbitMQ: {"jobId":"3990be1e-a8bb-47d9-98b2-7dc6cfdbe1ff", "fileKey":"estatisticas_di_2025_10-12_trusted.csv"}
2026-03-10 20:24:30.584 [org.springframework.amqp.rabbit.RabbitListenerEndpointContainer#0-1] DEBUG c.e.m.i.async.RabbitImportListener [] - Iniciando processamento. JobId: 3990be1e-a8bb-47d9-98b2-7dc6cfdbe1ff, FileKey: estatisticas_di_2025_10-12_trusted.csv
2026-03-10 20:24:30.585 [org.springframework.amqp.rabbit.RabbitListenerEndpointContainer#0-1] INFO  c.e.m.a.u.ProcessImportFileUseCaseImpl [] - Iniciando processamento do arquivo. JobId: 3990be1e-a8bb-47d9-98b2-7dc6cfdbe1ff, FileKey: estatisticas_di_2025_10-12_trusted.csv, Bucket: brinks-bucket-1
2026-03-10 20:24:30.586 [org.springframework.amqp.rabbit.RabbitListenerEndpointContainer#0-1] INFO  c.e.m.infraestructure.s3.S3Adapter [] - Iniciando download do S3. Bucket: brinks-bucket-1, Key: estatisticas_di_2025_10-12_trusted.csv
2026-03-10 20:24:32.190 [org.springframework.amqp.rabbit.RabbitListenerEndpointContainer#0-1] ERROR c.e.m.infraestructure.s3.S3Adapter [] - Erro ao fazer download do S3. Bucket: brinks-bucket-1, Key: estatisticas_di_2025_10-12_trusted.csv
software.amazon.awssdk.services.s3.model.S3Exception: User: arn:aws:sts::822696479830:assumed-role/voclabs/user3869980=guilherme.figueiredo@sptech.school is not authorized to perform: s3:ListBucket on resource: "arn:aws:s3:::brinks-bucket-1" with an explicit deny in an identity-based policy (Service: S3, Status Code: 403, Request ID: N7BZ8D7X9T6ARN1V, Extended Request ID: PyBosYazvY1C20gFHk/RArQMqp83cyO/FyJqmmPm9XuxgSV7D1a7ekUki3sepUewDUNL6DDOicw=)
	at software.amazon.awssdk.core.internal.http.CombinedResponseHandler.handleErrorResponse(CombinedResponseHandler.java:125)
	at software.amazon.awssdk.core.internal.http.CombinedResponseHandler.handleResponse(CombinedResponseHandler.java:82)
	at software.amazon.awssdk.core.internal.http.CombinedResponseHandler.handle(CombinedResponseHandler.java:60)
	at software.amazon.awssdk.core.internal.http.CombinedResponseHandler.handle(CombinedResponseHandler.java:41)
	at software.amazon.awssdk.core.internal.http.pipeline.stages.HandleResponseStage.execute(HandleResponseStage.java:50)
	at software.amazon.awssdk.core.internal.http.pipeline.stages.HandleResponseStage.execute(HandleResponseStage.java:38)
	at software.amazon.awssdk.core.internal.http.pipeline.RequestPipelineBuilder$ComposingRequestPipelineStage.execute(RequestPipelineBuilder.java:206)
	at software.amazon.awssdk.core.internal.http.pipeline.stages.ApiCallAttemptTimeoutTrackingStage.execute(ApiCallAttemptTimeoutTrackingStage.java:74)
	at software.amazon.awssdk.core.internal.http.pipeline.stages.ApiCallAttemptTimeoutTrackingStage.execute(ApiCallAttemptTimeoutTrackingStage.java:43)
	at software.amazon.awssdk.core.internal.http.pipeline.stages.TimeoutExceptionHandlingStage.execute(TimeoutExceptionHandlingStage.java:79)
	at software.amazon.awssdk.core.internal.http.pipeline.stages.TimeoutExceptionHandlingStage.execute(TimeoutExceptionHandlingStage.java:41)
	at software.amazon.awssdk.core.internal.http.pipeline.stages.ApiCallAttemptMetricCollectionStage.execute(ApiCallAttemptMetricCollectionStage.java:55)
	at software.amazon.awssdk.core.internal.http.pipeline.stages.ApiCallAttemptMetricCollectionStage.execute(ApiCallAttemptMetricCollectionStage.java:39)
	at software.amazon.awssdk.core.internal.http.pipeline.stages.RetryableStage2.executeRequest(RetryableStage2.java:93)
	at software.amazon.awssdk.core.internal.http.pipeline.stages.RetryableStage2.execute(RetryableStage2.java:56)
	at software.amazon.awssdk.core.internal.http.pipeline.stages.RetryableStage2.execute(RetryableStage2.java:36)
	at software.amazon.awssdk.core.internal.http.pipeline.RequestPipelineBuilder$ComposingRequestPipelineStage.execute(RequestPipelineBuilder.java:206)
	at software.amazon.awssdk.core.internal.http.StreamManagingStage.execute(StreamManagingStage.java:53)
	at software.amazon.awssdk.core.internal.http.StreamManagingStage.execute(StreamManagingStage.java:35)
	at software.amazon.awssdk.core.internal.http.pipeline.stages.ApiCallTimeoutTrackingStage.executeWithTimer(ApiCallTimeoutTrackingStage.java:82)
	at software.amazon.awssdk.core.internal.http.pipeline.stages.ApiCallTimeoutTrackingStage.execute(ApiCallTimeoutTrackingStage.java:62)
	at software.amazon.awssdk.core.internal.http.pipeline.stages.ApiCallTimeoutTrackingStage.execute(ApiCallTimeoutTrackingStage.java:43)
	at software.amazon.awssdk.core.internal.http.pipeline.stages.ApiCallMetricCollectionStage.execute(ApiCallMetricCollectionStage.java:50)
	at software.amazon.awssdk.core.internal.http.pipeline.stages.ApiCallMetricCollectionStage.execute(ApiCallMetricCollectionStage.java:32)
	at software.amazon.awssdk.core.internal.http.pipeline.RequestPipelineBuilder$ComposingRequestPipelineStage.execute(RequestPipelineBuilder.java:206)
	at software.amazon.awssdk.core.internal.http.pipeline.RequestPipelineBuilder$ComposingRequestPipelineStage.execute(RequestPipelineBuilder.java:206)
	at software.amazon.awssdk.core.internal.http.pipeline.stages.ExecutionFailureExceptionReportingStage.execute(ExecutionFailureExceptionReportingStage.java:37)
	at software.amazon.awssdk.core.internal.http.pipeline.stages.ExecutionFailureExceptionReportingStage.execute(ExecutionFailureExceptionReportingStage.java:26)
	at software.amazon.awssdk.core.internal.http.AmazonSyncHttpClient$RequestExecutionBuilderImpl.execute(AmazonSyncHttpClient.java:210)
	at software.amazon.awssdk.core.internal.handler.BaseSyncClientHandler.invoke(BaseSyncClientHandler.java:103)
	at software.amazon.awssdk.core.internal.handler.BaseSyncClientHandler.doExecute(BaseSyncClientHandler.java:173)
	at software.amazon.awssdk.core.internal.handler.BaseSyncClientHandler.lambda$execute$0(BaseSyncClientHandler.java:66)
	at software.amazon.awssdk.core.internal.handler.BaseSyncClientHandler.measureApiCallSuccess(BaseSyncClientHandler.java:182)
	at software.amazon.awssdk.core.internal.handler.BaseSyncClientHandler.execute(BaseSyncClientHandler.java:60)
	at software.amazon.awssdk.core.client.handler.SdkSyncClientHandler.execute(SdkSyncClientHandler.java:52)
	at software.amazon.awssdk.awscore.client.handler.AwsSyncClientHandler.execute(AwsSyncClientHandler.java:60)
	at software.amazon.awssdk.services.s3.DefaultS3Client.getObject(DefaultS3Client.java:5404)
	at software.amazon.awssdk.services.s3.S3Client.getObject(S3Client.java:9482)
	at com.example.ms_report_async.infraestructure.s3.S3Adapter.download(S3Adapter.java:40)
	at com.example.ms_report_async.application.usecase.ProcessImportFileUseCaseImpl.execute(ProcessImportFileUseCaseImpl.java:41)
	at com.example.ms_report_async.infraestructure.async.RabbitImportListener.receive(RabbitImportListener.java:35)
	at java.base/jdk.internal.reflect.DirectMethodHandleAccessor.invoke(DirectMethodHandleAccessor.java:103)
	at java.base/java.lang.reflect.Method.invoke(Method.java:580)
	at org.springframework.messaging.handler.invocation.InvocableHandlerMethod.doInvoke(InvocableHandlerMethod.java:168)
	at org.springframework.amqp.rabbit.listener.adapter.KotlinAwareInvocableHandlerMethod.doInvoke(KotlinAwareInvocableHandlerMethod.java:47)
	at org.springframework.messaging.handler.invocation.InvocableHandlerMethod.invoke(InvocableHandlerMethod.java:119)
	at org.springframework.amqp.rabbit.listener.adapter.HandlerAdapter.invoke(HandlerAdapter.java:83)
	at org.springframework.amqp.rabbit.listener.adapter.MessagingMessageListenerAdapter.invokeHandler(MessagingMessageListenerAdapter.java:287)
	at org.springframework.amqp.rabbit.listener.adapter.MessagingMessageListenerAdapter.invokeHandlerAndProcessResult(MessagingMessageListenerAdapter.java:233)
	at org.springframework.amqp.rabbit.listener.adapter.MessagingMessageListenerAdapter.onMessage(MessagingMessageListenerAdapter.java:157)
	at org.springframework.amqp.rabbit.listener.AbstractMessageListenerContainer.doInvokeListener(AbstractMessageListenerContainer.java:1683)
	at org.springframework.amqp.rabbit.listener.AbstractMessageListenerContainer.actualInvokeListener(AbstractMessageListenerContainer.java:1612)
	at java.base/jdk.internal.reflect.DirectMethodHandleAccessor.invoke(DirectMethodHandleAccessor.java:103)
	at java.base/java.lang.reflect.Method.invoke(Method.java:580)
	at org.springframework.aop.support.AopUtils.invokeJoinpointUsingReflection(AopUtils.java:359)
	at org.springframework.aop.framework.ReflectiveMethodInvocation.invokeJoinpoint(ReflectiveMethodInvocation.java:190)
	at org.springframework.aop.framework.ReflectiveMethodInvocation.proceed(ReflectiveMethodInvocation.java:158)
	at org.springframework.core.retry.RetryTemplate.execute(RetryTemplate.java:135)
	at org.springframework.amqp.rabbit.config.StatelessRetryOperationsInterceptor.invoke(StatelessRetryOperationsInterceptor.java:57)
	at org.springframework.aop.framework.ReflectiveMethodInvocation.proceed(ReflectiveMethodInvocation.java:179)
	at org.springframework.aop.framework.JdkDynamicAopProxy.invoke(JdkDynamicAopProxy.java:222)
	at org.springframework.amqp.rabbit.listener.$Proxy112.invokeListener(Unknown Source)
	at org.springframework.amqp.rabbit.listener.AbstractMessageListenerContainer.invokeListener(AbstractMessageListenerContainer.java:1599)
	at org.springframework.amqp.rabbit.listener.AbstractMessageListenerContainer.doExecuteListener(AbstractMessageListenerContainer.java:1590)
	at org.springframework.amqp.rabbit.listener.AbstractMessageListenerContainer.executeListenerAndHandleException(AbstractMessageListenerContainer.java:1539)
	at org.springframework.amqp.rabbit.listener.AbstractMessageListenerContainer.executeListener(AbstractMessageListenerContainer.java:1520)
	at org.springframework.amqp.rabbit.listener.SimpleMessageListenerContainer.doReceiveAndExecute(SimpleMessageListenerContainer.java:1116)
	at org.springframework.amqp.rabbit.listener.SimpleMessageListenerContainer.receiveAndExecute(SimpleMessageListenerContainer.java:1061)
	at org.springframework.amqp.rabbit.listener.SimpleMessageListenerContainer$AsyncMessageProcessingConsumer.mainLoop(SimpleMessageListenerContainer.java:1465)
	at org.springframework.amqp.rabbit.listener.SimpleMessageListenerContainer$AsyncMessageProcessingConsumer.run(SimpleMessageListenerContainer.java:1359)
	at java.base/java.lang.Thread.run(Thread.java:1583)
2026-03-10 20:24:32.199 [org.springframework.amqp.rabbit.RabbitListenerEndpointContainer#0-1] ERROR c.e.m.a.u.ProcessImportFileUseCaseImpl [] - Erro ao processar arquivo. JobId: 3990be1e-a8bb-47d9-98b2-7dc6cfdbe1ff, FileKey: estatisticas_di_2025_10-12_trusted.csv, DuracaoMs: 1614
software.amazon.awssdk.services.s3.model.S3Exception: User: arn:aws:sts::822696479830:assumed-role/voclabs/user3869980=guilherme.figueiredo@sptech.school is not authorized to perform: s3:ListBucket on resource: "arn:aws:s3:::brinks-bucket-1" with an explicit deny in an identity-based policy (Service: S3, Status Code: 403, Request ID: N7BZ8D7X9T6ARN1V, Extended Request ID: PyBosYazvY1C20gFHk/RArQMqp83cyO/FyJqmmPm9XuxgSV7D1a7ekUki3sepUewDUNL6DDOicw=)
	at software.amazon.awssdk.core.internal.http.CombinedResponseHandler.handleErrorResponse(CombinedResponseHandler.java:125)
	at software.amazon.awssdk.core.internal.http.CombinedResponseHandler.handleResponse(CombinedResponseHandler.java:82)
	at software.amazon.awssdk.core.internal.http.CombinedResponseHandler.handle(CombinedResponseHandler.java:60)
	at software.amazon.awssdk.core.internal.http.CombinedResponseHandler.handle(CombinedResponseHandler.java:41)
	at software.amazon.awssdk.core.internal.http.pipeline.stages.HandleResponseStage.execute(HandleResponseStage.java:50)
	at software.amazon.awssdk.core.internal.http.pipeline.stages.HandleResponseStage.execute(HandleResponseStage.java:38)
	at software.amazon.awssdk.core.internal.http.pipeline.RequestPipelineBuilder$ComposingRequestPipelineStage.execute(RequestPipelineBuilder.java:206)
	at software.amazon.awssdk.core.internal.http.pipeline.stages.ApiCallAttemptTimeoutTrackingStage.execute(ApiCallAttemptTimeoutTrackingStage.java:74)
	at software.amazon.awssdk.core.internal.http.pipeline.stages.ApiCallAttemptTimeoutTrackingStage.execute(ApiCallAttemptTimeoutTrackingStage.java:43)
	at software.amazon.awssdk.core.internal.http.pipeline.stages.TimeoutExceptionHandlingStage.execute(TimeoutExceptionHandlingStage.java:79)
	at software.amazon.awssdk.core.internal.http.pipeline.stages.TimeoutExceptionHandlingStage.execute(TimeoutExceptionHandlingStage.java:41)
	at software.amazon.awssdk.core.internal.http.pipeline.stages.ApiCallAttemptMetricCollectionStage.execute(ApiCallAttemptMetricCollectionStage.java:55)
	at software.amazon.awssdk.core.internal.http.pipeline.stages.ApiCallAttemptMetricCollectionStage.execute(ApiCallAttemptMetricCollectionStage.java:39)
	at software.amazon.awssdk.core.internal.http.pipeline.stages.RetryableStage2.executeRequest(RetryableStage2.java:93)
	at software.amazon.awssdk.core.internal.http.pipeline.stages.RetryableStage2.execute(RetryableStage2.java:56)
	at software.amazon.awssdk.core.internal.http.pipeline.stages.RetryableStage2.execute(RetryableStage2.java:36)
	at software.amazon.awssdk.core.internal.http.pipeline.RequestPipelineBuilder$ComposingRequestPipelineStage.execute(RequestPipelineBuilder.java:206)
	at software.amazon.awssdk.core.internal.http.StreamManagingStage.execute(StreamManagingStage.java:53)
	at software.amazon.awssdk.core.internal.http.StreamManagingStage.execute(StreamManagingStage.java:35)
	at software.amazon.awssdk.core.internal.http.pipeline.stages.ApiCallTimeoutTrackingStage.executeWithTimer(ApiCallTimeoutTrackingStage.java:82)
	at software.amazon.awssdk.core.internal.http.pipeline.stages.ApiCallTimeoutTrackingStage.execute(ApiCallTimeoutTrackingStage.java:62)
	at software.amazon.awssdk.core.internal.http.pipeline.stages.ApiCallTimeoutTrackingStage.execute(ApiCallTimeoutTrackingStage.java:43)
	at software.amazon.awssdk.core.internal.http.pipeline.stages.ApiCallMetricCollectionStage.execute(ApiCallMetricCollectionStage.java:50)
	at software.amazon.awssdk.core.internal.http.pipeline.stages.ApiCallMetricCollectionStage.execute(ApiCallMetricCollectionStage.java:32)
	at software.amazon.awssdk.core.internal.http.pipeline.RequestPipelineBuilder$ComposingRequestPipelineStage.execute(RequestPipelineBuilder.java:206)
	at software.amazon.awssdk.core.internal.http.pipeline.RequestPipelineBuilder$ComposingRequestPipelineStage.execute(RequestPipelineBuilder.java:206)
	at software.amazon.awssdk.core.internal.http.pipeline.stages.ExecutionFailureExceptionReportingStage.execute(ExecutionFailureExceptionReportingStage.java:37)
	at software.amazon.awssdk.core.internal.http.pipeline.stages.ExecutionFailureExceptionReportingStage.execute(ExecutionFailureExceptionReportingStage.java:26)
	at software.amazon.awssdk.core.internal.http.AmazonSyncHttpClient$RequestExecutionBuilderImpl.execute(AmazonSyncHttpClient.java:210)
	at software.amazon.awssdk.core.internal.handler.BaseSyncClientHandler.invoke(BaseSyncClientHandler.java:103)
	at software.amazon.awssdk.core.internal.handler.BaseSyncClientHandler.doExecute(BaseSyncClientHandler.java:173)
	at software.amazon.awssdk.core.internal.handler.BaseSyncClientHandler.lambda$execute$0(BaseSyncClientHandler.java:66)
	at software.amazon.awssdk.core.internal.handler.BaseSyncClientHandler.measureApiCallSuccess(BaseSyncClientHandler.java:182)
	at software.amazon.awssdk.core.internal.handler.BaseSyncClientHandler.execute(BaseSyncClientHandler.java:60)
	at software.amazon.awssdk.core.client.handler.SdkSyncClientHandler.execute(SdkSyncClientHandler.java:52)
	at software.amazon.awssdk.awscore.client.handler.AwsSyncClientHandler.execute(AwsSyncClientHandler.java:60)
	at software.amazon.awssdk.services.s3.DefaultS3Client.getObject(DefaultS3Client.java:5404)
	at software.amazon.awssdk.services.s3.S3Client.getObject(S3Client.java:9482)
	at com.example.ms_report_async.infraestructure.s3.S3Adapter.download(S3Adapter.java:40)
	at com.example.ms_report_async.application.usecase.ProcessImportFileUseCaseImpl.execute(ProcessImportFileUseCaseImpl.java:41)
	at com.example.ms_report_async.infraestructure.async.RabbitImportListener.receive(RabbitImportListener.java:35)
	at java.base/jdk.internal.reflect.DirectMethodHandleAccessor.invoke(DirectMethodHandleAccessor.java:103)
	at java.base/java.lang.reflect.Method.invoke(Method.java:580)
	at org.springframework.messaging.handler.invocation.InvocableHandlerMethod.doInvoke(InvocableHandlerMethod.java:168)
	at org.springframework.amqp.rabbit.listener.adapter.KotlinAwareInvocableHandlerMethod.doInvoke(KotlinAwareInvocableHandlerMethod.java:47)
	at org.springframework.messaging.handler.invocation.InvocableHandlerMethod.invoke(InvocableHandlerMethod.java:119)
	at org.springframework.amqp.rabbit.listener.adapter.HandlerAdapter.invoke(HandlerAdapter.java:83)
	at org.springframework.amqp.rabbit.listener.adapter.MessagingMessageListenerAdapter.invokeHandler(MessagingMessageListenerAdapter.java:287)
	at org.springframework.amqp.rabbit.listener.adapter.MessagingMessageListenerAdapter.invokeHandlerAndProcessResult(MessagingMessageListenerAdapter.java:233)
	at org.springframework.amqp.rabbit.listener.adapter.MessagingMessageListenerAdapter.onMessage(MessagingMessageListenerAdapter.java:157)
	at org.springframework.amqp.rabbit.listener.AbstractMessageListenerContainer.doInvokeListener(AbstractMessageListenerContainer.java:1683)
	at org.springframework.amqp.rabbit.listener.AbstractMessageListenerContainer.actualInvokeListener(AbstractMessageListenerContainer.java:1612)
	at java.base/jdk.internal.reflect.DirectMethodHandleAccessor.invoke(DirectMethodHandleAccessor.java:103)
	at java.base/java.lang.reflect.Method.invoke(Method.java:580)
	at org.springframework.aop.support.AopUtils.invokeJoinpointUsingReflection(AopUtils.java:359)
	at org.springframework.aop.framework.ReflectiveMethodInvocation.invokeJoinpoint(ReflectiveMethodInvocation.java:190)
	at org.springframework.aop.framework.ReflectiveMethodInvocation.proceed(ReflectiveMethodInvocation.java:158)
	at org.springframework.core.retry.RetryTemplate.execute(RetryTemplate.java:135)
	at org.springframework.amqp.rabbit.config.StatelessRetryOperationsInterceptor.invoke(StatelessRetryOperationsInterceptor.java:57)
	at org.springframework.aop.framework.ReflectiveMethodInvocation.proceed(ReflectiveMethodInvocation.java:179)
	at org.springframework.aop.framework.JdkDynamicAopProxy.invoke(JdkDynamicAopProxy.java:222)
	at org.springframework.amqp.rabbit.listener.$Proxy112.invokeListener(Unknown Source)
	at org.springframework.amqp.rabbit.listener.AbstractMessageListenerContainer.invokeListener(AbstractMessageListenerContainer.java:1599)
	at org.springframework.amqp.rabbit.listener.AbstractMessageListenerContainer.doExecuteListener(AbstractMessageListenerContainer.java:1590)
	at org.springframework.amqp.rabbit.listener.AbstractMessageListenerContainer.executeListenerAndHandleException(AbstractMessageListenerContainer.java:1539)
	at org.springframework.amqp.rabbit.listener.AbstractMessageListenerContainer.executeListener(AbstractMessageListenerContainer.java:1520)
	at org.springframework.amqp.rabbit.listener.SimpleMessageListenerContainer.doReceiveAndExecute(SimpleMessageListenerContainer.java:1116)
	at org.springframework.amqp.rabbit.listener.SimpleMessageListenerContainer.receiveAndExecute(SimpleMessageListenerContainer.java:1061)
	at org.springframework.amqp.rabbit.listener.SimpleMessageListenerContainer$AsyncMessageProcessingConsumer.mainLoop(SimpleMessageListenerContainer.java:1465)
	at org.springframework.amqp.rabbit.listener.SimpleMessageListenerContainer$AsyncMessageProcessingConsumer.run(SimpleMessageListenerContainer.java:1359)
	at java.base/java.lang.Thread.run(Thread.java:1583)
2026-03-10 20:24:32.201 [org.springframework.amqp.rabbit.RabbitListenerEndpointContainer#0-1] ERROR c.e.m.i.async.RabbitImportListener [] - Erro ao processar mensagem JSON: {"jobId":"3990be1e-a8bb-47d9-98b2-7dc6cfdbe1ff", "fileKey":"estatisticas_di_2025_10-12_trusted.csv"}
java.lang.RuntimeException: Falha ao processar arquivo: estatisticas_di_2025_10-12_trusted.csv
	at com.example.ms_report_async.application.usecase.ProcessImportFileUseCaseImpl.execute(ProcessImportFileUseCaseImpl.java:61)
	at com.example.ms_report_async.infraestructure.async.RabbitImportListener.receive(RabbitImportListener.java:35)
	at java.base/jdk.internal.reflect.DirectMethodHandleAccessor.invoke(DirectMethodHandleAccessor.java:103)
	at java.base/java.lang.reflect.Method.invoke(Method.java:580)
	at org.springframework.messaging.handler.invocation.InvocableHandlerMethod.doInvoke(InvocableHandlerMethod.java:168)
	at org.springframework.amqp.rabbit.listener.adapter.KotlinAwareInvocableHandlerMethod.doInvoke(KotlinAwareInvocableHandlerMethod.java:47)
	at org.springframework.messaging.handler.invocation.InvocableHandlerMethod.invoke(InvocableHandlerMethod.java:119)
	at org.springframework.amqp.rabbit.listener.adapter.HandlerAdapter.invoke(HandlerAdapter.java:83)
	at org.springframework.amqp.rabbit.listener.adapter.MessagingMessageListenerAdapter.invokeHandler(MessagingMessageListenerAdapter.java:287)
	at org.springframework.amqp.rabbit.listener.adapter.MessagingMessageListenerAdapter.invokeHandlerAndProcessResult(MessagingMessageListenerAdapter.java:233)
	at org.springframework.amqp.rabbit.listener.adapter.MessagingMessageListenerAdapter.onMessage(MessagingMessageListenerAdapter.java:157)
	at org.springframework.amqp.rabbit.listener.AbstractMessageListenerContainer.doInvokeListener(AbstractMessageListenerContainer.java:1683)
	at org.springframework.amqp.rabbit.listener.AbstractMessageListenerContainer.actualInvokeListener(AbstractMessageListenerContainer.java:1612)
	at java.base/jdk.internal.reflect.DirectMethodHandleAccessor.invoke(DirectMethodHandleAccessor.java:103)
	at java.base/java.lang.reflect.Method.invoke(Method.java:580)
	at org.springframework.aop.support.AopUtils.invokeJoinpointUsingReflection(AopUtils.java:359)
	at org.springframework.aop.framework.ReflectiveMethodInvocation.invokeJoinpoint(ReflectiveMethodInvocation.java:190)
	at org.springframework.aop.framework.ReflectiveMethodInvocation.proceed(ReflectiveMethodInvocation.java:158)
	at org.springframework.core.retry.RetryTemplate.execute(RetryTemplate.java:135)
	at org.springframework.amqp.rabbit.config.StatelessRetryOperationsInterceptor.invoke(StatelessRetryOperationsInterceptor.java:57)
	at org.springframework.aop.framework.ReflectiveMethodInvocation.proceed(ReflectiveMethodInvocation.java:179)
	at org.springframework.aop.framework.JdkDynamicAopProxy.invoke(JdkDynamicAopProxy.java:222)
	at org.springframework.amqp.rabbit.listener.$Proxy112.invokeListener(Unknown Source)
	at org.springframework.amqp.rabbit.listener.AbstractMessageListenerContainer.invokeListener(AbstractMessageListenerContainer.java:1599)
	at org.springframework.amqp.rabbit.listener.AbstractMessageListenerContainer.doExecuteListener(AbstractMessageListenerContainer.java:1590)
	at org.springframework.amqp.rabbit.listener.AbstractMessageListenerContainer.executeListenerAndHandleException(AbstractMessageListenerContainer.java:1539)
	at org.springframework.amqp.rabbit.listener.AbstractMessageListenerContainer.executeListener(AbstractMessageListenerContainer.java:1520)
	at org.springframework.amqp.rabbit.listener.SimpleMessageListenerContainer.doReceiveAndExecute(SimpleMessageListenerContainer.java:1116)
	at org.springframework.amqp.rabbit.listener.SimpleMessageListenerContainer.receiveAndExecute(SimpleMessageListenerContainer.java:1061)
	at org.springframework.amqp.rabbit.listener.SimpleMessageListenerContainer$AsyncMessageProcessingConsumer.mainLoop(SimpleMessageListenerContainer.java:1465)
	at org.springframework.amqp.rabbit.listener.SimpleMessageListenerContainer$AsyncMessageProcessingConsumer.run(SimpleMessageListenerContainer.java:1359)
	at java.base/java.lang.Thread.run(Thread.java:1583)
Caused by: software.amazon.awssdk.services.s3.model.S3Exception: User: arn:aws:sts::822696479830:assumed-role/voclabs/user3869980=guilherme.figueiredo@sptech.school is not authorized to perform: s3:ListBucket on resource: "arn:aws:s3:::brinks-bucket-1" with an explicit deny in an identity-based policy (Service: S3, Status Code: 403, Request ID: N7BZ8D7X9T6ARN1V, Extended Request ID: PyBosYazvY1C20gFHk/RArQMqp83cyO/FyJqmmPm9XuxgSV7D1a7ekUki3sepUewDUNL6DDOicw=)
	at software.amazon.awssdk.core.internal.http.CombinedResponseHandler.handleErrorResponse(CombinedResponseHandler.java:125)
	at software.amazon.awssdk.core.internal.http.CombinedResponseHandler.handleResponse(CombinedResponseHandler.java:82)
	at software.amazon.awssdk.core.internal.http.CombinedResponseHandler.handle(CombinedResponseHandler.java:60)
	at software.amazon.awssdk.core.internal.http.CombinedResponseHandler.handle(CombinedResponseHandler.java:41)
	at software.amazon.awssdk.core.internal.http.pipeline.stages.HandleResponseStage.execute(HandleResponseStage.java:50)
	at software.amazon.awssdk.core.internal.http.pipeline.stages.HandleResponseStage.execute(HandleResponseStage.java:38)
	at software.amazon.awssdk.core.internal.http.pipeline.RequestPipelineBuilder$ComposingRequestPipelineStage.execute(RequestPipelineBuilder.java:206)
	at software.amazon.awssdk.core.internal.http.pipeline.stages.ApiCallAttemptTimeoutTrackingStage.execute(ApiCallAttemptTimeoutTrackingStage.java:74)
	at software.amazon.awssdk.core.internal.http.pipeline.stages.ApiCallAttemptTimeoutTrackingStage.execute(ApiCallAttemptTimeoutTrackingStage.java:43)
	at software.amazon.awssdk.core.internal.http.pipeline.stages.TimeoutExceptionHandlingStage.execute(TimeoutExceptionHandlingStage.java:79)
	at software.amazon.awssdk.core.internal.http.pipeline.stages.TimeoutExceptionHandlingStage.execute(TimeoutExceptionHandlingStage.java:41)
	at software.amazon.awssdk.core.internal.http.pipeline.stages.ApiCallAttemptMetricCollectionStage.execute(ApiCallAttemptMetricCollectionStage.java:55)
	at software.amazon.awssdk.core.internal.http.pipeline.stages.ApiCallAttemptMetricCollectionStage.execute(ApiCallAttemptMetricCollectionStage.java:39)
	at software.amazon.awssdk.core.internal.http.pipeline.stages.RetryableStage2.executeRequest(RetryableStage2.java:93)
	at software.amazon.awssdk.core.internal.http.pipeline.stages.RetryableStage2.execute(RetryableStage2.java:56)
	at software.amazon.awssdk.core.internal.http.pipeline.stages.RetryableStage2.execute(RetryableStage2.java:36)
	at software.amazon.awssdk.core.internal.http.pipeline.RequestPipelineBuilder$ComposingRequestPipelineStage.execute(RequestPipelineBuilder.java:206)
	at software.amazon.awssdk.core.internal.http.StreamManagingStage.execute(StreamManagingStage.java:53)
	at software.amazon.awssdk.core.internal.http.StreamManagingStage.execute(StreamManagingStage.java:35)
	at software.amazon.awssdk.core.internal.http.pipeline.stages.ApiCallTimeoutTrackingStage.executeWithTimer(ApiCallTimeoutTrackingStage.java:82)
	at software.amazon.awssdk.core.internal.http.pipeline.stages.ApiCallTimeoutTrackingStage.execute(ApiCallTimeoutTrackingStage.java:62)
	at software.amazon.awssdk.core.internal.http.pipeline.stages.ApiCallTimeoutTrackingStage.execute(ApiCallTimeoutTrackingStage.java:43)
	at software.amazon.awssdk.core.internal.http.pipeline.stages.ApiCallMetricCollectionStage.execute(ApiCallMetricCollectionStage.java:50)
	at software.amazon.awssdk.core.internal.http.pipeline.stages.ApiCallMetricCollectionStage.execute(ApiCallMetricCollectionStage.java:32)
	at software.amazon.awssdk.core.internal.http.pipeline.RequestPipelineBuilder$ComposingRequestPipelineStage.execute(RequestPipelineBuilder.java:206)
	at software.amazon.awssdk.core.internal.http.pipeline.RequestPipelineBuilder$ComposingRequestPipelineStage.execute(RequestPipelineBuilder.java:206)
	at software.amazon.awssdk.core.internal.http.pipeline.stages.ExecutionFailureExceptionReportingStage.execute(ExecutionFailureExceptionReportingStage.java:37)
	at software.amazon.awssdk.core.internal.http.pipeline.stages.ExecutionFailureExceptionReportingStage.execute(ExecutionFailureExceptionReportingStage.java:26)
	at software.amazon.awssdk.core.internal.http.AmazonSyncHttpClient$RequestExecutionBuilderImpl.execute(AmazonSyncHttpClient.java:210)
	at software.amazon.awssdk.core.internal.handler.BaseSyncClientHandler.invoke(BaseSyncClientHandler.java:103)
	at software.amazon.awssdk.core.internal.handler.BaseSyncClientHandler.doExecute(BaseSyncClientHandler.java:173)
	at software.amazon.awssdk.core.internal.handler.BaseSyncClientHandler.lambda$execute$0(BaseSyncClientHandler.java:66)
	at software.amazon.awssdk.core.internal.handler.BaseSyncClientHandler.measureApiCallSuccess(BaseSyncClientHandler.java:182)
	at software.amazon.awssdk.core.internal.handler.BaseSyncClientHandler.execute(BaseSyncClientHandler.java:60)
	at software.amazon.awssdk.core.client.handler.SdkSyncClientHandler.execute(SdkSyncClientHandler.java:52)
	at software.amazon.awssdk.awscore.client.handler.AwsSyncClientHandler.execute(AwsSyncClientHandler.java:60)
	at software.amazon.awssdk.services.s3.DefaultS3Client.getObject(DefaultS3Client.java:5404)
	at software.amazon.awssdk.services.s3.S3Client.getObject(S3Client.java:9482)
	at com.example.ms_report_async.infraestructure.s3.S3Adapter.download(S3Adapter.java:40)
	at com.example.ms_report_async.application.usecase.ProcessImportFileUseCaseImpl.execute(ProcessImportFileUseCaseImpl.java:41)
	... 31 common frames omitted
2026-03-10 20:24:33.221 [org.springframework.amqp.rabbit.RabbitListenerEndpointContainer#0-1] DEBUG o.s.a.r.l.a.MessagingMessageListenerAdapter [] - Processing [GenericMessage [payload={"jobId":"3990be1e-a8bb-47d9-98b2-7dc6cfdbe1ff", "fileKey":"estatisticas_di_2025_10-12_trusted.csv"}, headers={amqp_receivedDeliveryMode=PERSISTENT, amqp_receivedExchange=import_exchange3, amqp_deliveryTag=1, amqp_consumerQueue=import_csv_queue3, amqp_redelivered=false, amqp_receivedRoutingKey=import.csv3, amqp_contentEncoding=UTF-8, amqp_retryCount=0, id=c947f3fd-5681-6b08-8776-fbbeec618266, amqp_consumerTag=amq.ctag-CaQCAk4u8RfF067ITehLow, amqp_lastInBatch=false, contentType=text/plain, timestamp=1773185073221}]]
2026-03-10 20:24:33.222 [org.springframework.amqp.rabbit.RabbitListenerEndpointContainer#0-1] INFO  c.e.m.i.async.RabbitImportListener [] - Mensagem recebida do RabbitMQ: {"jobId":"3990be1e-a8bb-47d9-98b2-7dc6cfdbe1ff", "fileKey":"estatisticas_di_2025_10-12_trusted.csv"}
2026-03-10 20:24:33.222 [org.springframework.amqp.rabbit.RabbitListenerEndpointContainer#0-1] DEBUG c.e.m.i.async.RabbitImportListener [] - Iniciando processamento. JobId: 3990be1e-a8bb-47d9-98b2-7dc6cfdbe1ff, FileKey: estatisticas_di_2025_10-12_trusted.csv
2026-03-10 20:24:33.222 [org.springframework.amqp.rabbit.RabbitListenerEndpointContainer#0-1] INFO  c.e.m.a.u.ProcessImportFileUseCaseImpl [] - Iniciando processamento do arquivo. JobId: 3990be1e-a8bb-47d9-98b2-7dc6cfdbe1ff, FileKey: estatisticas_di_2025_10-12_trusted.csv, Bucket: brinks-bucket-1
2026-03-10 20:24:33.222 [org.springframework.amqp.rabbit.RabbitListenerEndpointContainer#0-1] INFO  c.e.m.infraestructure.s3.S3Adapter [] - Iniciando download do S3. Bucket: brinks-bucket-1, Key: estatisticas_di_2025_10-12_trusted.csv
2026-03-10 20:24:33.378 [org.springframework.amqp.rabbit.RabbitListenerEndpointContainer#0-1] ERROR c.e.m.infraestructure.s3.S3Adapter [] - Erro ao fazer download do S3. Bucket: brinks-bucket-1, Key: estatisticas_di_2025_10-12_trusted.csv
software.amazon.awssdk.services.s3.model.S3Exception: User: arn:aws:sts::822696479830:assumed-role/voclabs/user3869980=guilherme.figueiredo@sptech.school is not authorized to perform: s3:ListBucket on resource: "arn:aws:s3:::brinks-bucket-1" with an explicit deny in an identity-based policy (Service: S3, Status Code: 403, Request ID: TZ0S3WAAGYN4H4DY, Extended Request ID: UBI9vLK1gpWOL3d6dgaMf+aGVaM1Gzy/5+Sj9GNPS5him7gzgJvpN1D5XmXU73ZJlCLfM/jP6vg=)
	at software.amazon.awssdk.core.internal.http.CombinedResponseHandler.handleErrorResponse(CombinedResponseHandler.java:125)
	at software.amazon.awssdk.core.internal.http.CombinedResponseHandler.handleResponse(CombinedResponseHandler.java:82)
	at software.amazon.awssdk.core.internal.http.CombinedResponseHandler.handle(CombinedResponseHandler.java:60)
	at software.amazon.awssdk.core.internal.http.CombinedResponseHandler.handle(CombinedResponseHandler.java:41)
	at software.amazon.awssdk.core.internal.http.pipeline.stages.HandleResponseStage.execute(HandleResponseStage.java:50)
	at software.amazon.awssdk.core.internal.http.pipeline.stages.HandleResponseStage.execute(HandleResponseStage.java:38)
	at software.amazon.awssdk.core.internal.http.pipeline.RequestPipelineBuilder$ComposingRequestPipelineStage.execute(RequestPipelineBuilder.java:206)
	at software.amazon.awssdk.core.internal.http.pipeline.stages.ApiCallAttemptTimeoutTrackingStage.execute(ApiCallAttemptTimeoutTrackingStage.java:74)
	at software.amazon.awssdk.core.internal.http.pipeline.stages.ApiCallAttemptTimeoutTrackingStage.execute(ApiCallAttemptTimeoutTrackingStage.java:43)
	at software.amazon.awssdk.core.internal.http.pipeline.stages.TimeoutExceptionHandlingStage.execute(TimeoutExceptionHandlingStage.java:79)
	at software.amazon.awssdk.core.internal.http.pipeline.stages.TimeoutExceptionHandlingStage.execute(TimeoutExceptionHandlingStage.java:41)
	at software.amazon.awssdk.core.internal.http.pipeline.stages.ApiCallAttemptMetricCollectionStage.execute(ApiCallAttemptMetricCollectionStage.java:55)
	at software.amazon.awssdk.core.internal.http.pipeline.stages.ApiCallAttemptMetricCollectionStage.execute(ApiCallAttemptMetricCollectionStage.java:39)
	at software.amazon.awssdk.core.internal.http.pipeline.stages.RetryableStage2.executeRequest(RetryableStage2.java:93)
	at software.amazon.awssdk.core.internal.http.pipeline.stages.RetryableStage2.execute(RetryableStage2.java:56)
	at software.amazon.awssdk.core.internal.http.pipeline.stages.RetryableStage2.execute(RetryableStage2.java:36)
	at software.amazon.awssdk.core.internal.http.pipeline.RequestPipelineBuilder$ComposingRequestPipelineStage.execute(RequestPipelineBuilder.java:206)
	at software.amazon.awssdk.core.internal.http.StreamManagingStage.execute(StreamManagingStage.java:53)
	at software.amazon.awssdk.core.internal.http.StreamManagingStage.execute(StreamManagingStage.java:35)
	at software.amazon.awssdk.core.internal.http.pipeline.stages.ApiCallTimeoutTrackingStage.executeWithTimer(ApiCallTimeoutTrackingStage.java:82)
	at software.amazon.awssdk.core.internal.http.pipeline.stages.ApiCallTimeoutTrackingStage.execute(ApiCallTimeoutTrackingStage.java:62)
	at software.amazon.awssdk.core.internal.http.pipeline.stages.ApiCallTimeoutTrackingStage.execute(ApiCallTimeoutTrackingStage.java:43)
	at software.amazon.awssdk.core.internal.http.pipeline.stages.ApiCallMetricCollectionStage.execute(ApiCallMetricCollectionStage.java:50)
	at software.amazon.awssdk.core.internal.http.pipeline.stages.ApiCallMetricCollectionStage.execute(ApiCallMetricCollectionStage.java:32)
	at software.amazon.awssdk.core.internal.http.pipeline.RequestPipelineBuilder$ComposingRequestPipelineStage.execute(RequestPipelineBuilder.java:206)
	at software.amazon.awssdk.core.internal.http.pipeline.RequestPipelineBuilder$ComposingRequestPipelineStage.execute(RequestPipelineBuilder.java:206)
	at software.amazon.awssdk.core.internal.http.pipeline.stages.ExecutionFailureExceptionReportingStage.execute(ExecutionFailureExceptionReportingStage.java:37)
	at software.amazon.awssdk.core.internal.http.pipeline.stages.ExecutionFailureExceptionReportingStage.execute(ExecutionFailureExceptionReportingStage.java:26)
	at software.amazon.awssdk.core.internal.http.AmazonSyncHttpClient$RequestExecutionBuilderImpl.execute(AmazonSyncHttpClient.java:210)
	at software.amazon.awssdk.core.internal.handler.BaseSyncClientHandler.invoke(BaseSyncClientHandler.java:103)
	at software.amazon.awssdk.core.internal.handler.BaseSyncClientHandler.doExecute(BaseSyncClientHandler.java:173)
	at software.amazon.awssdk.core.internal.handler.BaseSyncClientHandler.lambda$execute$0(BaseSyncClientHandler.java:66)
	at software.amazon.awssdk.core.internal.handler.BaseSyncClientHandler.measureApiCallSuccess(BaseSyncClientHandler.java:182)
	at software.amazon.awssdk.core.internal.handler.BaseSyncClientHandler.execute(BaseSyncClientHandler.java:60)
	at software.amazon.awssdk.core.client.handler.SdkSyncClientHandler.execute(SdkSyncClientHandler.java:52)
	at software.amazon.awssdk.awscore.client.handler.AwsSyncClientHandler.execute(AwsSyncClientHandler.java:60)
	at software.amazon.awssdk.services.s3.DefaultS3Client.getObject(DefaultS3Client.java:5404)
	at software.amazon.awssdk.services.s3.S3Client.getObject(S3Client.java:9482)
	at com.example.ms_report_async.infraestructure.s3.S3Adapter.download(S3Adapter.java:40)
	at com.example.ms_report_async.application.usecase.ProcessImportFileUseCaseImpl.execute(ProcessImportFileUseCaseImpl.java:41)
	at com.example.ms_report_async.infraestructure.async.RabbitImportListener.receive(RabbitImportListener.java:35)
	at java.base/jdk.internal.reflect.DirectMethodHandleAccessor.invoke(DirectMethodHandleAccessor.java:103)
	at java.base/java.lang.reflect.Method.invoke(Method.java:580)
	at org.springframework.messaging.handler.invocation.InvocableHandlerMethod.doInvoke(InvocableHandlerMethod.java:168)
	at org.springframework.amqp.rabbit.listener.adapter.KotlinAwareInvocableHandlerMethod.doInvoke(KotlinAwareInvocableHandlerMethod.java:47)
	at org.springframework.messaging.handler.invocation.InvocableHandlerMethod.invoke(InvocableHandlerMethod.java:119)
	at org.springframework.amqp.rabbit.listener.adapter.HandlerAdapter.invoke(HandlerAdapter.java:83)
	at org.springframework.amqp.rabbit.listener.adapter.MessagingMessageListenerAdapter.invokeHandler(MessagingMessageListenerAdapter.java:287)
	at org.springframework.amqp.rabbit.listener.adapter.MessagingMessageListenerAdapter.invokeHandlerAndProcessResult(MessagingMessageListenerAdapter.java:233)
	at org.springframework.amqp.rabbit.listener.adapter.MessagingMessageListenerAdapter.onMessage(MessagingMessageListenerAdapter.java:157)
	at org.springframework.amqp.rabbit.listener.AbstractMessageListenerContainer.doInvokeListener(AbstractMessageListenerContainer.java:1683)
	at org.springframework.amqp.rabbit.listener.AbstractMessageListenerContainer.actualInvokeListener(AbstractMessageListenerContainer.java:1612)
	at java.base/jdk.internal.reflect.DirectMethodHandleAccessor.invoke(DirectMethodHandleAccessor.java:103)
	at java.base/java.lang.reflect.Method.invoke(Method.java:580)
	at org.springframework.aop.support.AopUtils.invokeJoinpointUsingReflection(AopUtils.java:359)
	at org.springframework.aop.framework.ReflectiveMethodInvocation.invokeJoinpoint(ReflectiveMethodInvocation.java:190)
	at org.springframework.aop.framework.ReflectiveMethodInvocation.proceed(ReflectiveMethodInvocation.java:158)
	at org.springframework.core.retry.RetryTemplate.execute(RetryTemplate.java:174)
	at org.springframework.amqp.rabbit.config.StatelessRetryOperationsInterceptor.invoke(StatelessRetryOperationsInterceptor.java:57)
	at org.springframework.aop.framework.ReflectiveMethodInvocation.proceed(ReflectiveMethodInvocation.java:179)
	at org.springframework.aop.framework.JdkDynamicAopProxy.invoke(JdkDynamicAopProxy.java:222)
	at org.springframework.amqp.rabbit.listener.$Proxy112.invokeListener(Unknown Source)
	at org.springframework.amqp.rabbit.listener.AbstractMessageListenerContainer.invokeListener(AbstractMessageListenerContainer.java:1599)
	at org.springframework.amqp.rabbit.listener.AbstractMessageListenerContainer.doExecuteListener(AbstractMessageListenerContainer.java:1590)
	at org.springframework.amqp.rabbit.listener.AbstractMessageListenerContainer.executeListenerAndHandleException(AbstractMessageListenerContainer.java:1539)
	at org.springframework.amqp.rabbit.listener.AbstractMessageListenerContainer.executeListener(AbstractMessageListenerContainer.java:1520)
	at org.springframework.amqp.rabbit.listener.SimpleMessageListenerContainer.doReceiveAndExecute(SimpleMessageListenerContainer.java:1116)
	at org.springframework.amqp.rabbit.listener.SimpleMessageListenerContainer.receiveAndExecute(SimpleMessageListenerContainer.java:1061)
	at org.springframework.amqp.rabbit.listener.SimpleMessageListenerContainer$AsyncMessageProcessingConsumer.mainLoop(SimpleMessageListenerContainer.java:1465)
	at org.springframework.amqp.rabbit.listener.SimpleMessageListenerContainer$AsyncMessageProcessingConsumer.run(SimpleMessageListenerContainer.java:1359)
	at java.base/java.lang.Thread.run(Thread.java:1583)
2026-03-10 20:24:33.380 [org.springframework.amqp.rabbit.RabbitListenerEndpointContainer#0-1] ERROR c.e.m.a.u.ProcessImportFileUseCaseImpl [] - Erro ao processar arquivo. JobId: 3990be1e-a8bb-47d9-98b2-7dc6cfdbe1ff, FileKey: estatisticas_di_2025_10-12_trusted.csv, DuracaoMs: 158
software.amazon.awssdk.services.s3.model.S3Exception: User: arn:aws:sts::822696479830:assumed-role/voclabs/user3869980=guilherme.figueiredo@sptech.school is not authorized to perform: s3:ListBucket on resource: "arn:aws:s3:::brinks-bucket-1" with an explicit deny in an identity-based policy (Service: S3, Status Code: 403, Request ID: TZ0S3WAAGYN4H4DY, Extended Request ID: UBI9vLK1gpWOL3d6dgaMf+aGVaM1Gzy/5+Sj9GNPS5him7gzgJvpN1D5XmXU73ZJlCLfM/jP6vg=)
	at software.amazon.awssdk.core.internal.http.CombinedResponseHandler.handleErrorResponse(CombinedResponseHandler.java:125)
	at software.amazon.awssdk.core.internal.http.CombinedResponseHandler.handleResponse(CombinedResponseHandler.java:82)
	at software.amazon.awssdk.core.internal.http.CombinedResponseHandler.handle(CombinedResponseHandler.java:60)
	at software.amazon.awssdk.core.internal.http.CombinedResponseHandler.handle(CombinedResponseHandler.java:41)
	at software.amazon.awssdk.core.internal.http.pipeline.stages.HandleResponseStage.execute(HandleResponseStage.java:50)
	at software.amazon.awssdk.core.internal.http.pipeline.stages.HandleResponseStage.execute(HandleResponseStage.java:38)
	at software.amazon.awssdk.core.internal.http.pipeline.RequestPipelineBuilder$ComposingRequestPipelineStage.execute(RequestPipelineBuilder.java:206)
	at software.amazon.awssdk.core.internal.http.pipeline.stages.ApiCallAttemptTimeoutTrackingStage.execute(ApiCallAttemptTimeoutTrackingStage.java:74)
	at software.amazon.awssdk.core.internal.http.pipeline.stages.ApiCallAttemptTimeoutTrackingStage.execute(ApiCallAttemptTimeoutTrackingStage.java:43)
	at software.amazon.awssdk.core.internal.http.pipeline.stages.TimeoutExceptionHandlingStage.execute(TimeoutExceptionHandlingStage.java:79)
	at software.amazon.awssdk.core.internal.http.pipeline.stages.TimeoutExceptionHandlingStage.execute(TimeoutExceptionHandlingStage.java:41)
	at software.amazon.awssdk.core.internal.http.pipeline.stages.ApiCallAttemptMetricCollectionStage.execute(ApiCallAttemptMetricCollectionStage.java:55)
	at software.amazon.awssdk.core.internal.http.pipeline.stages.ApiCallAttemptMetricCollectionStage.execute(ApiCallAttemptMetricCollectionStage.java:39)
	at software.amazon.awssdk.core.internal.http.pipeline.stages.RetryableStage2.executeRequest(RetryableStage2.java:93)
	at software.amazon.awssdk.core.internal.http.pipeline.stages.RetryableStage2.execute(RetryableStage2.java:56)
	at software.amazon.awssdk.core.internal.http.pipeline.stages.RetryableStage2.execute(RetryableStage2.java:36)
	at software.amazon.awssdk.core.internal.http.pipeline.RequestPipelineBuilder$ComposingRequestPipelineStage.execute(RequestPipelineBuilder.java:206)
	at software.amazon.awssdk.core.internal.http.StreamManagingStage.execute(StreamManagingStage.java:53)
	at software.amazon.awssdk.core.internal.http.StreamManagingStage.execute(StreamManagingStage.java:35)
	at software.amazon.awssdk.core.internal.http.pipeline.stages.ApiCallTimeoutTrackingStage.executeWithTimer(ApiCallTimeoutTrackingStage.java:82)
	at software.amazon.awssdk.core.internal.http.pipeline.stages.ApiCallTimeoutTrackingStage.execute(ApiCallTimeoutTrackingStage.java:62)
	at software.amazon.awssdk.core.internal.http.pipeline.stages.ApiCallTimeoutTrackingStage.execute(ApiCallTimeoutTrackingStage.java:43)
	at software.amazon.awssdk.core.internal.http.pipeline.stages.ApiCallMetricCollectionStage.execute(ApiCallMetricCollectionStage.java:50)
	at software.amazon.awssdk.core.internal.http.pipeline.stages.ApiCallMetricCollectionStage.execute(ApiCallMetricCollectionStage.java:32)
	at software.amazon.awssdk.core.internal.http.pipeline.RequestPipelineBuilder$ComposingRequestPipelineStage.execute(RequestPipelineBuilder.java:206)
	at software.amazon.awssdk.core.internal.http.pipeline.RequestPipelineBuilder$ComposingRequestPipelineStage.execute(RequestPipelineBuilder.java:206)
	at software.amazon.awssdk.core.internal.http.pipeline.stages.ExecutionFailureExceptionReportingStage.execute(ExecutionFailureExceptionReportingStage.java:37)
	at software.amazon.awssdk.core.internal.http.pipeline.stages.ExecutionFailureExceptionReportingStage.execute(ExecutionFailureExceptionReportingStage.java:26)
	at software.amazon.awssdk.core.internal.http.AmazonSyncHttpClient$RequestExecutionBuilderImpl.execute(AmazonSyncHttpClient.java:210)
	at software.amazon.awssdk.core.internal.handler.BaseSyncClientHandler.invoke(BaseSyncClientHandler.java:103)
	at software.amazon.awssdk.core.internal.handler.BaseSyncClientHandler.doExecute(BaseSyncClientHandler.java:173)
	at software.amazon.awssdk.core.internal.handler.BaseSyncClientHandler.lambda$execute$0(BaseSyncClientHandler.java:66)
	at software.amazon.awssdk.core.internal.handler.BaseSyncClientHandler.measureApiCallSuccess(BaseSyncClientHandler.java:182)
	at software.amazon.awssdk.core.internal.handler.BaseSyncClientHandler.execute(BaseSyncClientHandler.java:60)
	at software.amazon.awssdk.core.client.handler.SdkSyncClientHandler.execute(SdkSyncClientHandler.java:52)
	at software.amazon.awssdk.awscore.client.handler.AwsSyncClientHandler.execute(AwsSyncClientHandler.java:60)
	at software.amazon.awssdk.services.s3.DefaultS3Client.getObject(DefaultS3Client.java:5404)
	at software.amazon.awssdk.services.s3.S3Client.getObject(S3Client.java:9482)
	at com.example.ms_report_async.infraestructure.s3.S3Adapter.download(S3Adapter.java:40)
	at com.example.ms_report_async.application.usecase.ProcessImportFileUseCaseImpl.execute(ProcessImportFileUseCaseImpl.java:41)
	at com.example.ms_report_async.infraestructure.async.RabbitImportListener.receive(RabbitImportListener.java:35)
	at java.base/jdk.internal.reflect.DirectMethodHandleAccessor.invoke(DirectMethodHandleAccessor.java:103)
	at java.base/java.lang.reflect.Method.invoke(Method.java:580)
	at org.springframework.messaging.handler.invocation.InvocableHandlerMethod.doInvoke(InvocableHandlerMethod.java:168)
	at org.springframework.amqp.rabbit.listener.adapter.KotlinAwareInvocableHandlerMethod.doInvoke(KotlinAwareInvocableHandlerMethod.java:47)
	at org.springframework.messaging.handler.invocation.InvocableHandlerMethod.invoke(InvocableHandlerMethod.java:119)
	at org.springframework.amqp.rabbit.listener.adapter.HandlerAdapter.invoke(HandlerAdapter.java:83)
	at org.springframework.amqp.rabbit.listener.adapter.MessagingMessageListenerAdapter.invokeHandler(MessagingMessageListenerAdapter.java:287)
	at org.springframework.amqp.rabbit.listener.adapter.MessagingMessageListenerAdapter.invokeHandlerAndProcessResult(MessagingMessageListenerAdapter.java:233)
	at org.springframework.amqp.rabbit.listener.adapter.MessagingMessageListenerAdapter.onMessage(MessagingMessageListenerAdapter.java:157)
	at org.springframework.amqp.rabbit.listener.AbstractMessageListenerContainer.doInvokeListener(AbstractMessageListenerContainer.java:1683)
	at org.springframework.amqp.rabbit.listener.AbstractMessageListenerContainer.actualInvokeListener(AbstractMessageListenerContainer.java:1612)
	at java.base/jdk.internal.reflect.DirectMethodHandleAccessor.invoke(DirectMethodHandleAccessor.java:103)
	at java.base/java.lang.reflect.Method.invoke(Method.java:580)
	at org.springframework.aop.support.AopUtils.invokeJoinpointUsingReflection(AopUtils.java:359)
	at org.springframework.aop.framework.ReflectiveMethodInvocation.invokeJoinpoint(ReflectiveMethodInvocation.java:190)
	at org.springframework.aop.framework.ReflectiveMethodInvocation.proceed(ReflectiveMethodInvocation.java:158)
	at org.springframework.core.retry.RetryTemplate.execute(RetryTemplate.java:174)
	at org.springframework.amqp.rabbit.config.StatelessRetryOperationsInterceptor.invoke(StatelessRetryOperationsInterceptor.java:57)
	at org.springframework.aop.framework.ReflectiveMethodInvocation.proceed(ReflectiveMethodInvocation.java:179)
	at org.springframework.aop.framework.JdkDynamicAopProxy.invoke(JdkDynamicAopProxy.java:222)
	at org.springframework.amqp.rabbit.listener.$Proxy112.invokeListener(Unknown Source)
	at org.springframework.amqp.rabbit.listener.AbstractMessageListenerContainer.invokeListener(AbstractMessageListenerContainer.java:1599)
	at org.springframework.amqp.rabbit.listener.AbstractMessageListenerContainer.doExecuteListener(AbstractMessageListenerContainer.java:1590)
	at org.springframework.amqp.rabbit.listener.AbstractMessageListenerContainer.executeListenerAndHandleException(AbstractMessageListenerContainer.java:1539)
	at org.springframework.amqp.rabbit.listener.AbstractMessageListenerContainer.executeListener(AbstractMessageListenerContainer.java:1520)
	at org.springframework.amqp.rabbit.listener.SimpleMessageListenerContainer.doReceiveAndExecute(SimpleMessageListenerContainer.java:1116)
	at org.springframework.amqp.rabbit.listener.SimpleMessageListenerContainer.receiveAndExecute(SimpleMessageListenerContainer.java:1061)
	at org.springframework.amqp.rabbit.listener.SimpleMessageListenerContainer$AsyncMessageProcessingConsumer.mainLoop(SimpleMessageListenerContainer.java:1465)
	at org.springframework.amqp.rabbit.listener.SimpleMessageListenerContainer$AsyncMessageProcessingConsumer.run(SimpleMessageListenerContainer.java:1359)
	at java.base/java.lang.Thread.run(Thread.java:1583)
2026-03-10 20:24:33.381 [org.springframework.amqp.rabbit.RabbitListenerEndpointContainer#0-1] ERROR c.e.m.i.async.RabbitImportListener [] - Erro ao processar mensagem JSON: {"jobId":"3990be1e-a8bb-47d9-98b2-7dc6cfdbe1ff", "fileKey":"estatisticas_di_2025_10-12_trusted.csv"}
java.lang.RuntimeException: Falha ao processar arquivo: estatisticas_di_2025_10-12_trusted.csv
	at com.example.ms_report_async.application.usecase.ProcessImportFileUseCaseImpl.execute(ProcessImportFileUseCaseImpl.java:61)
	at com.example.ms_report_async.infraestructure.async.RabbitImportListener.receive(RabbitImportListener.java:35)
	at java.base/jdk.internal.reflect.DirectMethodHandleAccessor.invoke(DirectMethodHandleAccessor.java:103)
	at java.base/java.lang.reflect.Method.invoke(Method.java:580)
	at org.springframework.messaging.handler.invocation.InvocableHandlerMethod.doInvoke(InvocableHandlerMethod.java:168)
	at org.springframework.amqp.rabbit.listener.adapter.KotlinAwareInvocableHandlerMethod.doInvoke(KotlinAwareInvocableHandlerMethod.java:47)
	at org.springframework.messaging.handler.invocation.InvocableHandlerMethod.invoke(InvocableHandlerMethod.java:119)
	at org.springframework.amqp.rabbit.listener.adapter.HandlerAdapter.invoke(HandlerAdapter.java:83)
	at org.springframework.amqp.rabbit.listener.adapter.MessagingMessageListenerAdapter.invokeHandler(MessagingMessageListenerAdapter.java:287)
	at org.springframework.amqp.rabbit.listener.adapter.MessagingMessageListenerAdapter.invokeHandlerAndProcessResult(MessagingMessageListenerAdapter.java:233)
	at org.springframework.amqp.rabbit.listener.adapter.MessagingMessageListenerAdapter.onMessage(MessagingMessageListenerAdapter.java:157)
	at org.springframework.amqp.rabbit.listener.AbstractMessageListenerContainer.doInvokeListener(AbstractMessageListenerContainer.java:1683)
	at org.springframework.amqp.rabbit.listener.AbstractMessageListenerContainer.actualInvokeListener(AbstractMessageListenerContainer.java:1612)
	at java.base/jdk.internal.reflect.DirectMethodHandleAccessor.invoke(DirectMethodHandleAccessor.java:103)
	at java.base/java.lang.reflect.Method.invoke(Method.java:580)
	at org.springframework.aop.support.AopUtils.invokeJoinpointUsingReflection(AopUtils.java:359)
	at org.springframework.aop.framework.ReflectiveMethodInvocation.invokeJoinpoint(ReflectiveMethodInvocation.java:190)
	at org.springframework.aop.framework.ReflectiveMethodInvocation.proceed(ReflectiveMethodInvocation.java:158)
	at org.springframework.core.retry.RetryTemplate.execute(RetryTemplate.java:174)
	at org.springframework.amqp.rabbit.config.StatelessRetryOperationsInterceptor.invoke(StatelessRetryOperationsInterceptor.java:57)
	at org.springframework.aop.framework.ReflectiveMethodInvocation.proceed(ReflectiveMethodInvocation.java:179)
	at org.springframework.aop.framework.JdkDynamicAopProxy.invoke(JdkDynamicAopProxy.java:222)
	at org.springframework.amqp.rabbit.listener.$Proxy112.invokeListener(Unknown Source)
	at org.springframework.amqp.rabbit.listener.AbstractMessageListenerContainer.invokeListener(AbstractMessageListenerContainer.java:1599)
	at org.springframework.amqp.rabbit.listener.AbstractMessageListenerContainer.doExecuteListener(AbstractMessageListenerContainer.java:1590)
	at org.springframework.amqp.rabbit.listener.AbstractMessageListenerContainer.executeListenerAndHandleException(AbstractMessageListenerContainer.java:1539)
	at org.springframework.amqp.rabbit.listener.AbstractMessageListenerContainer.executeListener(AbstractMessageListenerContainer.java:1520)
	at org.springframework.amqp.rabbit.listener.SimpleMessageListenerContainer.doReceiveAndExecute(SimpleMessageListenerContainer.java:1116)
	at org.springframework.amqp.rabbit.listener.SimpleMessageListenerContainer.receiveAndExecute(SimpleMessageListenerContainer.java:1061)
	at org.springframework.amqp.rabbit.listener.SimpleMessageListenerContainer$AsyncMessageProcessingConsumer.mainLoop(SimpleMessageListenerContainer.java:1465)
	at org.springframework.amqp.rabbit.listener.SimpleMessageListenerContainer$AsyncMessageProcessingConsumer.run(SimpleMessageListenerContainer.java:1359)
	at java.base/java.lang.Thread.run(Thread.java:1583)
Caused by: software.amazon.awssdk.services.s3.model.S3Exception: User: arn:aws:sts::822696479830:assumed-role/voclabs/user3869980=guilherme.figueiredo@sptech.school is not authorized to perform: s3:ListBucket on resource: "arn:aws:s3:::brinks-bucket-1" with an explicit deny in an identity-based policy (Service: S3, Status Code: 403, Request ID: TZ0S3WAAGYN4H4DY, Extended Request ID: UBI9vLK1gpWOL3d6dgaMf+aGVaM1Gzy/5+Sj9GNPS5him7gzgJvpN1D5XmXU73ZJlCLfM/jP6vg=)
	at software.amazon.awssdk.core.internal.http.CombinedResponseHandler.handleErrorResponse(CombinedResponseHandler.java:125)
	at software.amazon.awssdk.core.internal.http.CombinedResponseHandler.handleResponse(CombinedResponseHandler.java:82)
	at software.amazon.awssdk.core.internal.http.CombinedResponseHandler.handle(CombinedResponseHandler.java:60)
	at software.amazon.awssdk.core.internal.http.CombinedResponseHandler.handle(CombinedResponseHandler.java:41)
	at software.amazon.awssdk.core.internal.http.pipeline.stages.HandleResponseStage.execute(HandleResponseStage.java:50)
	at software.amazon.awssdk.core.internal.http.pipeline.stages.HandleResponseStage.execute(HandleResponseStage.java:38)
	at software.amazon.awssdk.core.internal.http.pipeline.RequestPipelineBuilder$ComposingRequestPipelineStage.execute(RequestPipelineBuilder.java:206)
	at software.amazon.awssdk.core.internal.http.pipeline.stages.ApiCallAttemptTimeoutTrackingStage.execute(ApiCallAttemptTimeoutTrackingStage.java:74)
	at software.amazon.awssdk.core.internal.http.pipeline.stages.ApiCallAttemptTimeoutTrackingStage.execute(ApiCallAttemptTimeoutTrackingStage.java:43)
	at software.amazon.awssdk.core.internal.http.pipeline.stages.TimeoutExceptionHandlingStage.execute(TimeoutExceptionHandlingStage.java:79)
	at software.amazon.awssdk.core.internal.http.pipeline.stages.TimeoutExceptionHandlingStage.execute(TimeoutExceptionHandlingStage.java:41)
	at software.amazon.awssdk.core.internal.http.pipeline.stages.ApiCallAttemptMetricCollectionStage.execute(ApiCallAttemptMetricCollectionStage.java:55)
	at software.amazon.awssdk.core.internal.http.pipeline.stages.ApiCallAttemptMetricCollectionStage.execute(ApiCallAttemptMetricCollectionStage.java:39)
	at software.amazon.awssdk.core.internal.http.pipeline.stages.RetryableStage2.executeRequest(RetryableStage2.java:93)
	at software.amazon.awssdk.core.internal.http.pipeline.stages.RetryableStage2.execute(RetryableStage2.java:56)
	at software.amazon.awssdk.core.internal.http.pipeline.stages.RetryableStage2.execute(RetryableStage2.java:36)
	at software.amazon.awssdk.core.internal.http.pipeline.RequestPipelineBuilder$ComposingRequestPipelineStage.execute(RequestPipelineBuilder.java:206)
	at software.amazon.awssdk.core.internal.http.StreamManagingStage.execute(StreamManagingStage.java:53)
	at software.amazon.awssdk.core.internal.http.StreamManagingStage.execute(StreamManagingStage.java:35)
	at software.amazon.awssdk.core.internal.http.pipeline.stages.ApiCallTimeoutTrackingStage.executeWithTimer(ApiCallTimeoutTrackingStage.java:82)
	at software.amazon.awssdk.core.internal.http.pipeline.stages.ApiCallTimeoutTrackingStage.execute(ApiCallTimeoutTrackingStage.java:62)
	at software.amazon.awssdk.core.internal.http.pipeline.stages.ApiCallTimeoutTrackingStage.execute(ApiCallTimeoutTrackingStage.java:43)
	at software.amazon.awssdk.core.internal.http.pipeline.stages.ApiCallMetricCollectionStage.execute(ApiCallMetricCollectionStage.java:50)
	at software.amazon.awssdk.core.internal.http.pipeline.stages.ApiCallMetricCollectionStage.execute(ApiCallMetricCollectionStage.java:32)
	at software.amazon.awssdk.core.internal.http.pipeline.RequestPipelineBuilder$ComposingRequestPipelineStage.execute(RequestPipelineBuilder.java:206)
	at software.amazon.awssdk.core.internal.http.pipeline.RequestPipelineBuilder$ComposingRequestPipelineStage.execute(RequestPipelineBuilder.java:206)
	at software.amazon.awssdk.core.internal.http.pipeline.stages.ExecutionFailureExceptionReportingStage.execute(ExecutionFailureExceptionReportingStage.java:37)
	at software.amazon.awssdk.core.internal.http.pipeline.stages.ExecutionFailureExceptionReportingStage.execute(ExecutionFailureExceptionReportingStage.java:26)
	at software.amazon.awssdk.core.internal.http.AmazonSyncHttpClient$RequestExecutionBuilderImpl.execute(AmazonSyncHttpClient.java:210)
	at software.amazon.awssdk.core.internal.handler.BaseSyncClientHandler.invoke(BaseSyncClientHandler.java:103)
	at software.amazon.awssdk.core.internal.handler.BaseSyncClientHandler.doExecute(BaseSyncClientHandler.java:173)
	at software.amazon.awssdk.core.internal.handler.BaseSyncClientHandler.lambda$execute$0(BaseSyncClientHandler.java:66)
	at software.amazon.awssdk.core.internal.handler.BaseSyncClientHandler.measureApiCallSuccess(BaseSyncClientHandler.java:182)
	at software.amazon.awssdk.core.internal.handler.BaseSyncClientHandler.execute(BaseSyncClientHandler.java:60)
	at software.amazon.awssdk.core.client.handler.SdkSyncClientHandler.execute(SdkSyncClientHandler.java:52)
	at software.amazon.awssdk.awscore.client.handler.AwsSyncClientHandler.execute(AwsSyncClientHandler.java:60)
	at software.amazon.awssdk.services.s3.DefaultS3Client.getObject(DefaultS3Client.java:5404)
	at software.amazon.awssdk.services.s3.S3Client.getObject(S3Client.java:9482)
	at com.example.ms_report_async.infraestructure.s3.S3Adapter.download(S3Adapter.java:40)
	at com.example.ms_report_async.application.usecase.ProcessImportFileUseCaseImpl.execute(ProcessImportFileUseCaseImpl.java:41)
	... 31 common frames omitted
2026-03-10 20:24:35.391 [org.springframework.amqp.rabbit.RabbitListenerEndpointContainer#0-1] DEBUG o.s.a.r.l.a.MessagingMessageListenerAdapter [] - Processing [GenericMessage [payload={"jobId":"3990be1e-a8bb-47d9-98b2-7dc6cfdbe1ff", "fileKey":"estatisticas_di_2025_10-12_trusted.csv"}, headers={amqp_receivedDeliveryMode=PERSISTENT, amqp_receivedExchange=import_exchange3, amqp_deliveryTag=1, amqp_consumerQueue=import_csv_queue3, amqp_redelivered=false, amqp_receivedRoutingKey=import.csv3, amqp_contentEncoding=UTF-8, amqp_retryCount=0, id=4fdba3bc-86ad-0cb8-f609-8ff28581d030, amqp_consumerTag=amq.ctag-CaQCAk4u8RfF067ITehLow, amqp_lastInBatch=false, contentType=text/plain, timestamp=1773185075391}]]
2026-03-10 20:24:35.392 [org.springframework.amqp.rabbit.RabbitListenerEndpointContainer#0-1] INFO  c.e.m.i.async.RabbitImportListener [] - Mensagem recebida do RabbitMQ: {"jobId":"3990be1e-a8bb-47d9-98b2-7dc6cfdbe1ff", "fileKey":"estatisticas_di_2025_10-12_trusted.csv"}
2026-03-10 20:24:35.392 [org.springframework.amqp.rabbit.RabbitListenerEndpointContainer#0-1] DEBUG c.e.m.i.async.RabbitImportListener [] - Iniciando processamento. JobId: 3990be1e-a8bb-47d9-98b2-7dc6cfdbe1ff, FileKey: estatisticas_di_2025_10-12_trusted.csv
2026-03-10 20:24:35.392 [org.springframework.amqp.rabbit.RabbitListenerEndpointContainer#0-1] INFO  c.e.m.a.u.ProcessImportFileUseCaseImpl [] - Iniciando processamento do arquivo. JobId: 3990be1e-a8bb-47d9-98b2-7dc6cfdbe1ff, FileKey: estatisticas_di_2025_10-12_trusted.csv, Bucket: brinks-bucket-1
2026-03-10 20:24:35.392 [org.springframework.amqp.rabbit.RabbitListenerEndpointContainer#0-1] INFO  c.e.m.infraestructure.s3.S3Adapter [] - Iniciando download do S3. Bucket: brinks-bucket-1, Key: estatisticas_di_2025_10-12_trusted.csv
2026-03-10 20:24:35.558 [org.springframework.amqp.rabbit.RabbitListenerEndpointContainer#0-1] ERROR c.e.m.infraestructure.s3.S3Adapter [] - Erro ao fazer download do S3. Bucket: brinks-bucket-1, Key: estatisticas_di_2025_10-12_trusted.csv
software.amazon.awssdk.services.s3.model.S3Exception: User: arn:aws:sts::822696479830:assumed-role/voclabs/user3869980=guilherme.figueiredo@sptech.school is not authorized to perform: s3:ListBucket on resource: "arn:aws:s3:::brinks-bucket-1" with an explicit deny in an identity-based policy (Service: S3, Status Code: 403, Request ID: PAYMYB2V9VAAEGKR, Extended Request ID: aO/KgS0XS05q0QZpt876np5ruyyH5bcyVZxn4DEXvijMiN/X7t0khfjUp3lwnuWjpKorQgfL7PU=)
	at software.amazon.awssdk.core.internal.http.CombinedResponseHandler.handleErrorResponse(CombinedResponseHandler.java:125)
	at software.amazon.awssdk.core.internal.http.CombinedResponseHandler.handleResponse(CombinedResponseHandler.java:82)
	at software.amazon.awssdk.core.internal.http.CombinedResponseHandler.handle(CombinedResponseHandler.java:60)
	at software.amazon.awssdk.core.internal.http.CombinedResponseHandler.handle(CombinedResponseHandler.java:41)
	at software.amazon.awssdk.core.internal.http.pipeline.stages.HandleResponseStage.execute(HandleResponseStage.java:50)
	at software.amazon.awssdk.core.internal.http.pipeline.stages.HandleResponseStage.execute(HandleResponseStage.java:38)
	at software.amazon.awssdk.core.internal.http.pipeline.RequestPipelineBuilder$ComposingRequestPipelineStage.execute(RequestPipelineBuilder.java:206)
	at software.amazon.awssdk.core.internal.http.pipeline.stages.ApiCallAttemptTimeoutTrackingStage.execute(ApiCallAttemptTimeoutTrackingStage.java:74)
	at software.amazon.awssdk.core.internal.http.pipeline.stages.ApiCallAttemptTimeoutTrackingStage.execute(ApiCallAttemptTimeoutTrackingStage.java:43)
	at software.amazon.awssdk.core.internal.http.pipeline.stages.TimeoutExceptionHandlingStage.execute(TimeoutExceptionHandlingStage.java:79)
	at software.amazon.awssdk.core.internal.http.pipeline.stages.TimeoutExceptionHandlingStage.execute(TimeoutExceptionHandlingStage.java:41)
	at software.amazon.awssdk.core.internal.http.pipeline.stages.ApiCallAttemptMetricCollectionStage.execute(ApiCallAttemptMetricCollectionStage.java:55)
	at software.amazon.awssdk.core.internal.http.pipeline.stages.ApiCallAttemptMetricCollectionStage.execute(ApiCallAttemptMetricCollectionStage.java:39)
	at software.amazon.awssdk.core.internal.http.pipeline.stages.RetryableStage2.executeRequest(RetryableStage2.java:93)
	at software.amazon.awssdk.core.internal.http.pipeline.stages.RetryableStage2.execute(RetryableStage2.java:56)
	at software.amazon.awssdk.core.internal.http.pipeline.stages.RetryableStage2.execute(RetryableStage2.java:36)
	at software.amazon.awssdk.core.internal.http.pipeline.RequestPipelineBuilder$ComposingRequestPipelineStage.execute(RequestPipelineBuilder.java:206)
	at software.amazon.awssdk.core.internal.http.StreamManagingStage.execute(StreamManagingStage.java:53)
	at software.amazon.awssdk.core.internal.http.StreamManagingStage.execute(StreamManagingStage.java:35)
	at software.amazon.awssdk.core.internal.http.pipeline.stages.ApiCallTimeoutTrackingStage.executeWithTimer(ApiCallTimeoutTrackingStage.java:82)
	at software.amazon.awssdk.core.internal.http.pipeline.stages.ApiCallTimeoutTrackingStage.execute(ApiCallTimeoutTrackingStage.java:62)
	at software.amazon.awssdk.core.internal.http.pipeline.stages.ApiCallTimeoutTrackingStage.execute(ApiCallTimeoutTrackingStage.java:43)
	at software.amazon.awssdk.core.internal.http.pipeline.stages.ApiCallMetricCollectionStage.execute(ApiCallMetricCollectionStage.java:50)
	at software.amazon.awssdk.core.internal.http.pipeline.stages.ApiCallMetricCollectionStage.execute(ApiCallMetricCollectionStage.java:32)
	at software.amazon.awssdk.core.internal.http.pipeline.RequestPipelineBuilder$ComposingRequestPipelineStage.execute(RequestPipelineBuilder.java:206)
	at software.amazon.awssdk.core.internal.http.pipeline.RequestPipelineBuilder$ComposingRequestPipelineStage.execute(RequestPipelineBuilder.java:206)
	at software.amazon.awssdk.core.internal.http.pipeline.stages.ExecutionFailureExceptionReportingStage.execute(ExecutionFailureExceptionReportingStage.java:37)
	at software.amazon.awssdk.core.internal.http.pipeline.stages.ExecutionFailureExceptionReportingStage.execute(ExecutionFailureExceptionReportingStage.java:26)
	at software.amazon.awssdk.core.internal.http.AmazonSyncHttpClient$RequestExecutionBuilderImpl.execute(AmazonSyncHttpClient.java:210)
	at software.amazon.awssdk.core.internal.handler.BaseSyncClientHandler.invoke(BaseSyncClientHandler.java:103)
	at software.amazon.awssdk.core.internal.handler.BaseSyncClientHandler.doExecute(BaseSyncClientHandler.java:173)
	at software.amazon.awssdk.core.internal.handler.BaseSyncClientHandler.lambda$execute$0(BaseSyncClientHandler.java:66)
	at software.amazon.awssdk.core.internal.handler.BaseSyncClientHandler.measureApiCallSuccess(BaseSyncClientHandler.java:182)
	at software.amazon.awssdk.core.internal.handler.BaseSyncClientHandler.execute(BaseSyncClientHandler.java:60)
	at software.amazon.awssdk.core.client.handler.SdkSyncClientHandler.execute(SdkSyncClientHandler.java:52)
	at software.amazon.awssdk.awscore.client.handler.AwsSyncClientHandler.execute(AwsSyncClientHandler.java:60)
	at software.amazon.awssdk.services.s3.DefaultS3Client.getObject(DefaultS3Client.java:5404)
	at software.amazon.awssdk.services.s3.S3Client.getObject(S3Client.java:9482)
	at com.example.ms_report_async.infraestructure.s3.S3Adapter.download(S3Adapter.java:40)
	at com.example.ms_report_async.application.usecase.ProcessImportFileUseCaseImpl.execute(ProcessImportFileUseCaseImpl.java:41)
	at com.example.ms_report_async.infraestructure.async.RabbitImportListener.receive(RabbitImportListener.java:35)
	at java.base/jdk.internal.reflect.DirectMethodHandleAccessor.invoke(DirectMethodHandleAccessor.java:103)
	at java.base/java.lang.reflect.Method.invoke(Method.java:580)
	at org.springframework.messaging.handler.invocation.InvocableHandlerMethod.doInvoke(InvocableHandlerMethod.java:168)
	at org.springframework.amqp.rabbit.listener.adapter.KotlinAwareInvocableHandlerMethod.doInvoke(KotlinAwareInvocableHandlerMethod.java:47)
	at org.springframework.messaging.handler.invocation.InvocableHandlerMethod.invoke(InvocableHandlerMethod.java:119)
	at org.springframework.amqp.rabbit.listener.adapter.HandlerAdapter.invoke(HandlerAdapter.java:83)
	at org.springframework.amqp.rabbit.listener.adapter.MessagingMessageListenerAdapter.invokeHandler(MessagingMessageListenerAdapter.java:287)
	at org.springframework.amqp.rabbit.listener.adapter.MessagingMessageListenerAdapter.invokeHandlerAndProcessResult(MessagingMessageListenerAdapter.java:233)
	at org.springframework.amqp.rabbit.listener.adapter.MessagingMessageListenerAdapter.onMessage(MessagingMessageListenerAdapter.java:157)
	at org.springframework.amqp.rabbit.listener.AbstractMessageListenerContainer.doInvokeListener(AbstractMessageListenerContainer.java:1683)
	at org.springframework.amqp.rabbit.listener.AbstractMessageListenerContainer.actualInvokeListener(AbstractMessageListenerContainer.java:1612)
	at java.base/jdk.internal.reflect.DirectMethodHandleAccessor.invoke(DirectMethodHandleAccessor.java:103)
	at java.base/java.lang.reflect.Method.invoke(Method.java:580)
	at org.springframework.aop.support.AopUtils.invokeJoinpointUsingReflection(AopUtils.java:359)
	at org.springframework.aop.framework.ReflectiveMethodInvocation.invokeJoinpoint(ReflectiveMethodInvocation.java:190)
	at org.springframework.aop.framework.ReflectiveMethodInvocation.proceed(ReflectiveMethodInvocation.java:158)
	at org.springframework.core.retry.RetryTemplate.execute(RetryTemplate.java:174)
	at org.springframework.amqp.rabbit.config.StatelessRetryOperationsInterceptor.invoke(StatelessRetryOperationsInterceptor.java:57)
	at org.springframework.aop.framework.ReflectiveMethodInvocation.proceed(ReflectiveMethodInvocation.java:179)
	at org.springframework.aop.framework.JdkDynamicAopProxy.invoke(JdkDynamicAopProxy.java:222)
	at org.springframework.amqp.rabbit.listener.$Proxy112.invokeListener(Unknown Source)
	at org.springframework.amqp.rabbit.listener.AbstractMessageListenerContainer.invokeListener(AbstractMessageListenerContainer.java:1599)
	at org.springframework.amqp.rabbit.listener.AbstractMessageListenerContainer.doExecuteListener(AbstractMessageListenerContainer.java:1590)
	at org.springframework.amqp.rabbit.listener.AbstractMessageListenerContainer.executeListenerAndHandleException(AbstractMessageListenerContainer.java:1539)
	at org.springframework.amqp.rabbit.listener.AbstractMessageListenerContainer.executeListener(AbstractMessageListenerContainer.java:1520)
	at org.springframework.amqp.rabbit.listener.SimpleMessageListenerContainer.doReceiveAndExecute(SimpleMessageListenerContainer.java:1116)
	at org.springframework.amqp.rabbit.listener.SimpleMessageListenerContainer.receiveAndExecute(SimpleMessageListenerContainer.java:1061)
	at org.springframework.amqp.rabbit.listener.SimpleMessageListenerContainer$AsyncMessageProcessingConsumer.mainLoop(SimpleMessageListenerContainer.java:1465)
	at org.springframework.amqp.rabbit.listener.SimpleMessageListenerContainer$AsyncMessageProcessingConsumer.run(SimpleMessageListenerContainer.java:1359)
	at java.base/java.lang.Thread.run(Thread.java:1583)
2026-03-10 20:24:35.559 [org.springframework.amqp.rabbit.RabbitListenerEndpointContainer#0-1] ERROR c.e.m.a.u.ProcessImportFileUseCaseImpl [] - Erro ao processar arquivo. JobId: 3990be1e-a8bb-47d9-98b2-7dc6cfdbe1ff, FileKey: estatisticas_di_2025_10-12_trusted.csv, DuracaoMs: 167
software.amazon.awssdk.services.s3.model.S3Exception: User: arn:aws:sts::822696479830:assumed-role/voclabs/user3869980=guilherme.figueiredo@sptech.school is not authorized to perform: s3:ListBucket on resource: "arn:aws:s3:::brinks-bucket-1" with an explicit deny in an identity-based policy (Service: S3, Status Code: 403, Request ID: PAYMYB2V9VAAEGKR, Extended Request ID: aO/KgS0XS05q0QZpt876np5ruyyH5bcyVZxn4DEXvijMiN/X7t0khfjUp3lwnuWjpKorQgfL7PU=)
	at software.amazon.awssdk.core.internal.http.CombinedResponseHandler.handleErrorResponse(CombinedResponseHandler.java:125)
	at software.amazon.awssdk.core.internal.http.CombinedResponseHandler.handleResponse(CombinedResponseHandler.java:82)
	at software.amazon.awssdk.core.internal.http.CombinedResponseHandler.handle(CombinedResponseHandler.java:60)
	at software.amazon.awssdk.core.internal.http.CombinedResponseHandler.handle(CombinedResponseHandler.java:41)
	at software.amazon.awssdk.core.internal.http.pipeline.stages.HandleResponseStage.execute(HandleResponseStage.java:50)
	at software.amazon.awssdk.core.internal.http.pipeline.stages.HandleResponseStage.execute(HandleResponseStage.java:38)
	at software.amazon.awssdk.core.internal.http.pipeline.RequestPipelineBuilder$ComposingRequestPipelineStage.execute(RequestPipelineBuilder.java:206)
	at software.amazon.awssdk.core.internal.http.pipeline.stages.ApiCallAttemptTimeoutTrackingStage.execute(ApiCallAttemptTimeoutTrackingStage.java:74)
	at software.amazon.awssdk.core.internal.http.pipeline.stages.ApiCallAttemptTimeoutTrackingStage.execute(ApiCallAttemptTimeoutTrackingStage.java:43)
	at software.amazon.awssdk.core.internal.http.pipeline.stages.TimeoutExceptionHandlingStage.execute(TimeoutExceptionHandlingStage.java:79)
	at software.amazon.awssdk.core.internal.http.pipeline.stages.TimeoutExceptionHandlingStage.execute(TimeoutExceptionHandlingStage.java:41)
	at software.amazon.awssdk.core.internal.http.pipeline.stages.ApiCallAttemptMetricCollectionStage.execute(ApiCallAttemptMetricCollectionStage.java:55)
	at software.amazon.awssdk.core.internal.http.pipeline.stages.ApiCallAttemptMetricCollectionStage.execute(ApiCallAttemptMetricCollectionStage.java:39)
	at software.amazon.awssdk.core.internal.http.pipeline.stages.RetryableStage2.executeRequest(RetryableStage2.java:93)
	at software.amazon.awssdk.core.internal.http.pipeline.stages.RetryableStage2.execute(RetryableStage2.java:56)
	at software.amazon.awssdk.core.internal.http.pipeline.stages.RetryableStage2.execute(RetryableStage2.java:36)
	at software.amazon.awssdk.core.internal.http.pipeline.RequestPipelineBuilder$ComposingRequestPipelineStage.execute(RequestPipelineBuilder.java:206)
	at software.amazon.awssdk.core.internal.http.StreamManagingStage.execute(StreamManagingStage.java:53)
	at software.amazon.awssdk.core.internal.http.StreamManagingStage.execute(StreamManagingStage.java:35)
	at software.amazon.awssdk.core.internal.http.pipeline.stages.ApiCallTimeoutTrackingStage.executeWithTimer(ApiCallTimeoutTrackingStage.java:82)
	at software.amazon.awssdk.core.internal.http.pipeline.stages.ApiCallTimeoutTrackingStage.execute(ApiCallTimeoutTrackingStage.java:62)
	at software.amazon.awssdk.core.internal.http.pipeline.stages.ApiCallTimeoutTrackingStage.execute(ApiCallTimeoutTrackingStage.java:43)
	at software.amazon.awssdk.core.internal.http.pipeline.stages.ApiCallMetricCollectionStage.execute(ApiCallMetricCollectionStage.java:50)
	at software.amazon.awssdk.core.internal.http.pipeline.stages.ApiCallMetricCollectionStage.execute(ApiCallMetricCollectionStage.java:32)
	at software.amazon.awssdk.core.internal.http.pipeline.RequestPipelineBuilder$ComposingRequestPipelineStage.execute(RequestPipelineBuilder.java:206)
	at software.amazon.awssdk.core.internal.http.pipeline.RequestPipelineBuilder$ComposingRequestPipelineStage.execute(RequestPipelineBuilder.java:206)
	at software.amazon.awssdk.core.internal.http.pipeline.stages.ExecutionFailureExceptionReportingStage.execute(ExecutionFailureExceptionReportingStage.java:37)
	at software.amazon.awssdk.core.internal.http.pipeline.stages.ExecutionFailureExceptionReportingStage.execute(ExecutionFailureExceptionReportingStage.java:26)
	at software.amazon.awssdk.core.internal.http.AmazonSyncHttpClient$RequestExecutionBuilderImpl.execute(AmazonSyncHttpClient.java:210)
	at software.amazon.awssdk.core.internal.handler.BaseSyncClientHandler.invoke(BaseSyncClientHandler.java:103)
	at software.amazon.awssdk.core.internal.handler.BaseSyncClientHandler.doExecute(BaseSyncClientHandler.java:173)
	at software.amazon.awssdk.core.internal.handler.BaseSyncClientHandler.lambda$execute$0(BaseSyncClientHandler.java:66)
	at software.amazon.awssdk.core.internal.handler.BaseSyncClientHandler.measureApiCallSuccess(BaseSyncClientHandler.java:182)
	at software.amazon.awssdk.core.internal.handler.BaseSyncClientHandler.execute(BaseSyncClientHandler.java:60)
	at software.amazon.awssdk.core.client.handler.SdkSyncClientHandler.execute(SdkSyncClientHandler.java:52)
	at software.amazon.awssdk.awscore.client.handler.AwsSyncClientHandler.execute(AwsSyncClientHandler.java:60)
	at software.amazon.awssdk.services.s3.DefaultS3Client.getObject(DefaultS3Client.java:5404)
	at software.amazon.awssdk.services.s3.S3Client.getObject(S3Client.java:9482)
	at com.example.ms_report_async.infraestructure.s3.S3Adapter.download(S3Adapter.java:40)
	at com.example.ms_report_async.application.usecase.ProcessImportFileUseCaseImpl.execute(ProcessImportFileUseCaseImpl.java:41)
	at com.example.ms_report_async.infraestructure.async.RabbitImportListener.receive(RabbitImportListener.java:35)
	at java.base/jdk.internal.reflect.DirectMethodHandleAccessor.invoke(DirectMethodHandleAccessor.java:103)
	at java.base/java.lang.reflect.Method.invoke(Method.java:580)
	at org.springframework.messaging.handler.invocation.InvocableHandlerMethod.doInvoke(InvocableHandlerMethod.java:168)
	at org.springframework.amqp.rabbit.listener.adapter.KotlinAwareInvocableHandlerMethod.doInvoke(KotlinAwareInvocableHandlerMethod.java:47)
	at org.springframework.messaging.handler.invocation.InvocableHandlerMethod.invoke(InvocableHandlerMethod.java:119)
	at org.springframework.amqp.rabbit.listener.adapter.HandlerAdapter.invoke(HandlerAdapter.java:83)
	at org.springframework.amqp.rabbit.listener.adapter.MessagingMessageListenerAdapter.invokeHandler(MessagingMessageListenerAdapter.java:287)
	at org.springframework.amqp.rabbit.listener.adapter.MessagingMessageListenerAdapter.invokeHandlerAndProcessResult(MessagingMessageListenerAdapter.java:233)
	at org.springframework.amqp.rabbit.listener.adapter.MessagingMessageListenerAdapter.onMessage(MessagingMessageListenerAdapter.java:157)
	at org.springframework.amqp.rabbit.listener.AbstractMessageListenerContainer.doInvokeListener(AbstractMessageListenerContainer.java:1683)
	at org.springframework.amqp.rabbit.listener.AbstractMessageListenerContainer.actualInvokeListener(AbstractMessageListenerContainer.java:1612)
	at java.base/jdk.internal.reflect.DirectMethodHandleAccessor.invoke(DirectMethodHandleAccessor.java:103)
	at java.base/java.lang.reflect.Method.invoke(Method.java:580)
	at org.springframework.aop.support.AopUtils.invokeJoinpointUsingReflection(AopUtils.java:359)
	at org.springframework.aop.framework.ReflectiveMethodInvocation.invokeJoinpoint(ReflectiveMethodInvocation.java:190)
	at org.springframework.aop.framework.ReflectiveMethodInvocation.proceed(ReflectiveMethodInvocation.java:158)
	at org.springframework.core.retry.RetryTemplate.execute(RetryTemplate.java:174)
	at org.springframework.amqp.rabbit.config.StatelessRetryOperationsInterceptor.invoke(StatelessRetryOperationsInterceptor.java:57)
	at org.springframework.aop.framework.ReflectiveMethodInvocation.proceed(ReflectiveMethodInvocation.java:179)
	at org.springframework.aop.framework.JdkDynamicAopProxy.invoke(JdkDynamicAopProxy.java:222)
	at org.springframework.amqp.rabbit.listener.$Proxy112.invokeListener(Unknown Source)
	at org.springframework.amqp.rabbit.listener.AbstractMessageListenerContainer.invokeListener(AbstractMessageListenerContainer.java:1599)
	at org.springframework.amqp.rabbit.listener.AbstractMessageListenerContainer.doExecuteListener(AbstractMessageListenerContainer.java:1590)
	at org.springframework.amqp.rabbit.listener.AbstractMessageListenerContainer.executeListenerAndHandleException(AbstractMessageListenerContainer.java:1539)
	at org.springframework.amqp.rabbit.listener.AbstractMessageListenerContainer.executeListener(AbstractMessageListenerContainer.java:1520)
	at org.springframework.amqp.rabbit.listener.SimpleMessageListenerContainer.doReceiveAndExecute(SimpleMessageListenerContainer.java:1116)
	at org.springframework.amqp.rabbit.listener.SimpleMessageListenerContainer.receiveAndExecute(SimpleMessageListenerContainer.java:1061)
	at org.springframework.amqp.rabbit.listener.SimpleMessageListenerContainer$AsyncMessageProcessingConsumer.mainLoop(SimpleMessageListenerContainer.java:1465)
	at org.springframework.amqp.rabbit.listener.SimpleMessageListenerContainer$AsyncMessageProcessingConsumer.run(SimpleMessageListenerContainer.java:1359)
	at java.base/java.lang.Thread.run(Thread.java:1583)
2026-03-10 20:24:35.560 [org.springframework.amqp.rabbit.RabbitListenerEndpointContainer#0-1] ERROR c.e.m.i.async.RabbitImportListener [] - Erro ao processar mensagem JSON: {"jobId":"3990be1e-a8bb-47d9-98b2-7dc6cfdbe1ff", "fileKey":"estatisticas_di_2025_10-12_trusted.csv"}
java.lang.RuntimeException: Falha ao processar arquivo: estatisticas_di_2025_10-12_trusted.csv
	at com.example.ms_report_async.application.usecase.ProcessImportFileUseCaseImpl.execute(ProcessImportFileUseCaseImpl.java:61)
	at com.example.ms_report_async.infraestructure.async.RabbitImportListener.receive(RabbitImportListener.java:35)
	at java.base/jdk.internal.reflect.DirectMethodHandleAccessor.invoke(DirectMethodHandleAccessor.java:103)
	at java.base/java.lang.reflect.Method.invoke(Method.java:580)
	at org.springframework.messaging.handler.invocation.InvocableHandlerMethod.doInvoke(InvocableHandlerMethod.java:168)
	at org.springframework.amqp.rabbit.listener.adapter.KotlinAwareInvocableHandlerMethod.doInvoke(KotlinAwareInvocableHandlerMethod.java:47)
	at org.springframework.messaging.handler.invocation.InvocableHandlerMethod.invoke(InvocableHandlerMethod.java:119)
	at org.springframework.amqp.rabbit.listener.adapter.HandlerAdapter.invoke(HandlerAdapter.java:83)
	at org.springframework.amqp.rabbit.listener.adapter.MessagingMessageListenerAdapter.invokeHandler(MessagingMessageListenerAdapter.java:287)
	at org.springframework.amqp.rabbit.listener.adapter.MessagingMessageListenerAdapter.invokeHandlerAndProcessResult(MessagingMessageListenerAdapter.java:233)
	at org.springframework.amqp.rabbit.listener.adapter.MessagingMessageListenerAdapter.onMessage(MessagingMessageListenerAdapter.java:157)
	at org.springframework.amqp.rabbit.listener.AbstractMessageListenerContainer.doInvokeListener(AbstractMessageListenerContainer.java:1683)
	at org.springframework.amqp.rabbit.listener.AbstractMessageListenerContainer.actualInvokeListener(AbstractMessageListenerContainer.java:1612)
	at java.base/jdk.internal.reflect.DirectMethodHandleAccessor.invoke(DirectMethodHandleAccessor.java:103)
	at java.base/java.lang.reflect.Method.invoke(Method.java:580)
	at org.springframework.aop.support.AopUtils.invokeJoinpointUsingReflection(AopUtils.java:359)
	at org.springframework.aop.framework.ReflectiveMethodInvocation.invokeJoinpoint(ReflectiveMethodInvocation.java:190)
	at org.springframework.aop.framework.ReflectiveMethodInvocation.proceed(ReflectiveMethodInvocation.java:158)
	at org.springframework.core.retry.RetryTemplate.execute(RetryTemplate.java:174)
	at org.springframework.amqp.rabbit.config.StatelessRetryOperationsInterceptor.invoke(StatelessRetryOperationsInterceptor.java:57)
	at org.springframework.aop.framework.ReflectiveMethodInvocation.proceed(ReflectiveMethodInvocation.java:179)
	at org.springframework.aop.framework.JdkDynamicAopProxy.invoke(JdkDynamicAopProxy.java:222)
	at org.springframework.amqp.rabbit.listener.$Proxy112.invokeListener(Unknown Source)
	at org.springframework.amqp.rabbit.listener.AbstractMessageListenerContainer.invokeListener(AbstractMessageListenerContainer.java:1599)
	at org.springframework.amqp.rabbit.listener.AbstractMessageListenerContainer.doExecuteListener(AbstractMessageListenerContainer.java:1590)
	at org.springframework.amqp.rabbit.listener.AbstractMessageListenerContainer.executeListenerAndHandleException(AbstractMessageListenerContainer.java:1539)
	at org.springframework.amqp.rabbit.listener.AbstractMessageListenerContainer.executeListener(AbstractMessageListenerContainer.java:1520)
	at org.springframework.amqp.rabbit.listener.SimpleMessageListenerContainer.doReceiveAndExecute(SimpleMessageListenerContainer.java:1116)
	at org.springframework.amqp.rabbit.listener.SimpleMessageListenerContainer.receiveAndExecute(SimpleMessageListenerContainer.java:1061)
	at org.springframework.amqp.rabbit.listener.SimpleMessageListenerContainer$AsyncMessageProcessingConsumer.mainLoop(SimpleMessageListenerContainer.java:1465)
	at org.springframework.amqp.rabbit.listener.SimpleMessageListenerContainer$AsyncMessageProcessingConsumer.run(SimpleMessageListenerContainer.java:1359)
	at java.base/java.lang.Thread.run(Thread.java:1583)
Caused by: software.amazon.awssdk.services.s3.model.S3Exception: User: arn:aws:sts::822696479830:assumed-role/voclabs/user3869980=guilherme.figueiredo@sptech.school is not authorized to perform: s3:ListBucket on resource: "arn:aws:s3:::brinks-bucket-1" with an explicit deny in an identity-based policy (Service: S3, Status Code: 403, Request ID: PAYMYB2V9VAAEGKR, Extended Request ID: aO/KgS0XS05q0QZpt876np5ruyyH5bcyVZxn4DEXvijMiN/X7t0khfjUp3lwnuWjpKorQgfL7PU=)
	at software.amazon.awssdk.core.internal.http.CombinedResponseHandler.handleErrorResponse(CombinedResponseHandler.java:125)
	at software.amazon.awssdk.core.internal.http.CombinedResponseHandler.handleResponse(CombinedResponseHandler.java:82)
	at software.amazon.awssdk.core.internal.http.CombinedResponseHandler.handle(CombinedResponseHandler.java:60)
	at software.amazon.awssdk.core.internal.http.CombinedResponseHandler.handle(CombinedResponseHandler.java:41)
	at software.amazon.awssdk.core.internal.http.pipeline.stages.HandleResponseStage.execute(HandleResponseStage.java:50)
	at software.amazon.awssdk.core.internal.http.pipeline.stages.HandleResponseStage.execute(HandleResponseStage.java:38)
	at software.amazon.awssdk.core.internal.http.pipeline.RequestPipelineBuilder$ComposingRequestPipelineStage.execute(RequestPipelineBuilder.java:206)
	at software.amazon.awssdk.core.internal.http.pipeline.stages.ApiCallAttemptTimeoutTrackingStage.execute(ApiCallAttemptTimeoutTrackingStage.java:74)
	at software.amazon.awssdk.core.internal.http.pipeline.stages.ApiCallAttemptTimeoutTrackingStage.execute(ApiCallAttemptTimeoutTrackingStage.java:43)
	at software.amazon.awssdk.core.internal.http.pipeline.stages.TimeoutExceptionHandlingStage.execute(TimeoutExceptionHandlingStage.java:79)
	at software.amazon.awssdk.core.internal.http.pipeline.stages.TimeoutExceptionHandlingStage.execute(TimeoutExceptionHandlingStage.java:41)
	at software.amazon.awssdk.core.internal.http.pipeline.stages.ApiCallAttemptMetricCollectionStage.execute(ApiCallAttemptMetricCollectionStage.java:55)
	at software.amazon.awssdk.core.internal.http.pipeline.stages.ApiCallAttemptMetricCollectionStage.execute(ApiCallAttemptMetricCollectionStage.java:39)
	at software.amazon.awssdk.core.internal.http.pipeline.stages.RetryableStage2.executeRequest(RetryableStage2.java:93)
	at software.amazon.awssdk.core.internal.http.pipeline.stages.RetryableStage2.execute(RetryableStage2.java:56)
	at software.amazon.awssdk.core.internal.http.pipeline.stages.RetryableStage2.execute(RetryableStage2.java:36)
	at software.amazon.awssdk.core.internal.http.pipeline.RequestPipelineBuilder$ComposingRequestPipelineStage.execute(RequestPipelineBuilder.java:206)
	at software.amazon.awssdk.core.internal.http.StreamManagingStage.execute(StreamManagingStage.java:53)
	at software.amazon.awssdk.core.internal.http.StreamManagingStage.execute(StreamManagingStage.java:35)
	at software.amazon.awssdk.core.internal.http.pipeline.stages.ApiCallTimeoutTrackingStage.executeWithTimer(ApiCallTimeoutTrackingStage.java:82)
	at software.amazon.awssdk.core.internal.http.pipeline.stages.ApiCallTimeoutTrackingStage.execute(ApiCallTimeoutTrackingStage.java:62)
	at software.amazon.awssdk.core.internal.http.pipeline.stages.ApiCallTimeoutTrackingStage.execute(ApiCallTimeoutTrackingStage.java:43)
	at software.amazon.awssdk.core.internal.http.pipeline.stages.ApiCallMetricCollectionStage.execute(ApiCallMetricCollectionStage.java:50)
	at software.amazon.awssdk.core.internal.http.pipeline.stages.ApiCallMetricCollectionStage.execute(ApiCallMetricCollectionStage.java:32)
	at software.amazon.awssdk.core.internal.http.pipeline.RequestPipelineBuilder$ComposingRequestPipelineStage.execute(RequestPipelineBuilder.java:206)
	at software.amazon.awssdk.core.internal.http.pipeline.RequestPipelineBuilder$ComposingRequestPipelineStage.execute(RequestPipelineBuilder.java:206)
	at software.amazon.awssdk.core.internal.http.pipeline.stages.ExecutionFailureExceptionReportingStage.execute(ExecutionFailureExceptionReportingStage.java:37)
	at software.amazon.awssdk.core.internal.http.pipeline.stages.ExecutionFailureExceptionReportingStage.execute(ExecutionFailureExceptionReportingStage.java:26)
	at software.amazon.awssdk.core.internal.http.AmazonSyncHttpClient$RequestExecutionBuilderImpl.execute(AmazonSyncHttpClient.java:210)
	at software.amazon.awssdk.core.internal.handler.BaseSyncClientHandler.invoke(BaseSyncClientHandler.java:103)
	at software.amazon.awssdk.core.internal.handler.BaseSyncClientHandler.doExecute(BaseSyncClientHandler.java:173)
	at software.amazon.awssdk.core.internal.handler.BaseSyncClientHandler.lambda$execute$0(BaseSyncClientHandler.java:66)
	at software.amazon.awssdk.core.internal.handler.BaseSyncClientHandler.measureApiCallSuccess(BaseSyncClientHandler.java:182)
	at software.amazon.awssdk.core.internal.handler.BaseSyncClientHandler.execute(BaseSyncClientHandler.java:60)
	at software.amazon.awssdk.core.client.handler.SdkSyncClientHandler.execute(SdkSyncClientHandler.java:52)
	at software.amazon.awssdk.awscore.client.handler.AwsSyncClientHandler.execute(AwsSyncClientHandler.java:60)
	at software.amazon.awssdk.services.s3.DefaultS3Client.getObject(DefaultS3Client.java:5404)
	at software.amazon.awssdk.services.s3.S3Client.getObject(S3Client.java:9482)
	at com.example.ms_report_async.infraestructure.s3.S3Adapter.download(S3Adapter.java:40)
	at com.example.ms_report_async.application.usecase.ProcessImportFileUseCaseImpl.execute(ProcessImportFileUseCaseImpl.java:41)
	... 31 common frames omitted
2026-03-10 20:24:39.564 [org.springframework.amqp.rabbit.RabbitListenerEndpointContainer#0-1] DEBUG o.s.a.r.l.a.MessagingMessageListenerAdapter [] - Processing [GenericMessage [payload={"jobId":"3990be1e-a8bb-47d9-98b2-7dc6cfdbe1ff", "fileKey":"estatisticas_di_2025_10-12_trusted.csv"}, headers={amqp_receivedDeliveryMode=PERSISTENT, amqp_receivedExchange=import_exchange3, amqp_deliveryTag=1, amqp_consumerQueue=import_csv_queue3, amqp_redelivered=false, amqp_receivedRoutingKey=import.csv3, amqp_contentEncoding=UTF-8, amqp_retryCount=0, id=4c5596f7-a5fd-3ac4-119d-358511194b6f, amqp_consumerTag=amq.ctag-CaQCAk4u8RfF067ITehLow, amqp_lastInBatch=false, contentType=text/plain, timestamp=1773185079564}]]
2026-03-10 20:24:39.565 [org.springframework.amqp.rabbit.RabbitListenerEndpointContainer#0-1] INFO  c.e.m.i.async.RabbitImportListener [] - Mensagem recebida do RabbitMQ: {"jobId":"3990be1e-a8bb-47d9-98b2-7dc6cfdbe1ff", "fileKey":"estatisticas_di_2025_10-12_trusted.csv"}
2026-03-10 20:24:39.565 [org.springframework.amqp.rabbit.RabbitListenerEndpointContainer#0-1] DEBUG c.e.m.i.async.RabbitImportListener [] - Iniciando processamento. JobId: 3990be1e-a8bb-47d9-98b2-7dc6cfdbe1ff, FileKey: estatisticas_di_2025_10-12_trusted.csv
2026-03-10 20:24:39.566 [org.springframework.amqp.rabbit.RabbitListenerEndpointContainer#0-1] INFO  c.e.m.a.u.ProcessImportFileUseCaseImpl [] - Iniciando processamento do arquivo. JobId: 3990be1e-a8bb-47d9-98b2-7dc6cfdbe1ff, FileKey: estatisticas_di_2025_10-12_trusted.csv, Bucket: brinks-bucket-1
2026-03-10 20:24:39.566 [org.springframework.amqp.rabbit.RabbitListenerEndpointContainer#0-1] INFO  c.e.m.infraestructure.s3.S3Adapter [] - Iniciando download do S3. Bucket: brinks-bucket-1, Key: estatisticas_di_2025_10-12_trusted.csv
2026-03-10 20:24:40.195 [org.springframework.amqp.rabbit.RabbitListenerEndpointContainer#0-1] ERROR c.e.m.infraestructure.s3.S3Adapter [] - Erro ao fazer download do S3. Bucket: brinks-bucket-1, Key: estatisticas_di_2025_10-12_trusted.csv
software.amazon.awssdk.services.s3.model.S3Exception: User: arn:aws:sts::822696479830:assumed-role/voclabs/user3869980=guilherme.figueiredo@sptech.school is not authorized to perform: s3:ListBucket on resource: "arn:aws:s3:::brinks-bucket-1" with an explicit deny in an identity-based policy (Service: S3, Status Code: 403, Request ID: 6J85XNT160XR5NCQ, Extended Request ID: mbV+PL1rcWiIeVpxMg4GgBwVNzc+8ro2EDIOCXI5pqXAkaAdP5mNX9EmuHVJVd5/nyuxnKKfAN0=)
	at software.amazon.awssdk.core.internal.http.CombinedResponseHandler.handleErrorResponse(CombinedResponseHandler.java:125)
	at software.amazon.awssdk.core.internal.http.CombinedResponseHandler.handleResponse(CombinedResponseHandler.java:82)
	at software.amazon.awssdk.core.internal.http.CombinedResponseHandler.handle(CombinedResponseHandler.java:60)
	at software.amazon.awssdk.core.internal.http.CombinedResponseHandler.handle(CombinedResponseHandler.java:41)
	at software.amazon.awssdk.core.internal.http.pipeline.stages.HandleResponseStage.execute(HandleResponseStage.java:50)
	at software.amazon.awssdk.core.internal.http.pipeline.stages.HandleResponseStage.execute(HandleResponseStage.java:38)
	at software.amazon.awssdk.core.internal.http.pipeline.RequestPipelineBuilder$ComposingRequestPipelineStage.execute(RequestPipelineBuilder.java:206)
	at software.amazon.awssdk.core.internal.http.pipeline.stages.ApiCallAttemptTimeoutTrackingStage.execute(ApiCallAttemptTimeoutTrackingStage.java:74)
	at software.amazon.awssdk.core.internal.http.pipeline.stages.ApiCallAttemptTimeoutTrackingStage.execute(ApiCallAttemptTimeoutTrackingStage.java:43)
	at software.amazon.awssdk.core.internal.http.pipeline.stages.TimeoutExceptionHandlingStage.execute(TimeoutExceptionHandlingStage.java:79)
	at software.amazon.awssdk.core.internal.http.pipeline.stages.TimeoutExceptionHandlingStage.execute(TimeoutExceptionHandlingStage.java:41)
	at software.amazon.awssdk.core.internal.http.pipeline.stages.ApiCallAttemptMetricCollectionStage.execute(ApiCallAttemptMetricCollectionStage.java:55)
	at software.amazon.awssdk.core.internal.http.pipeline.stages.ApiCallAttemptMetricCollectionStage.execute(ApiCallAttemptMetricCollectionStage.java:39)
	at software.amazon.awssdk.core.internal.http.pipeline.stages.RetryableStage2.executeRequest(RetryableStage2.java:93)
	at software.amazon.awssdk.core.internal.http.pipeline.stages.RetryableStage2.execute(RetryableStage2.java:56)
	at software.amazon.awssdk.core.internal.http.pipeline.stages.RetryableStage2.execute(RetryableStage2.java:36)
	at software.amazon.awssdk.core.internal.http.pipeline.RequestPipelineBuilder$ComposingRequestPipelineStage.execute(RequestPipelineBuilder.java:206)
	at software.amazon.awssdk.core.internal.http.StreamManagingStage.execute(StreamManagingStage.java:53)
	at software.amazon.awssdk.core.internal.http.StreamManagingStage.execute(StreamManagingStage.java:35)
	at software.amazon.awssdk.core.internal.http.pipeline.stages.ApiCallTimeoutTrackingStage.executeWithTimer(ApiCallTimeoutTrackingStage.java:82)
	at software.amazon.awssdk.core.internal.http.pipeline.stages.ApiCallTimeoutTrackingStage.execute(ApiCallTimeoutTrackingStage.java:62)
	at software.amazon.awssdk.core.internal.http.pipeline.stages.ApiCallTimeoutTrackingStage.execute(ApiCallTimeoutTrackingStage.java:43)
	at software.amazon.awssdk.core.internal.http.pipeline.stages.ApiCallMetricCollectionStage.execute(ApiCallMetricCollectionStage.java:50)
	at software.amazon.awssdk.core.internal.http.pipeline.stages.ApiCallMetricCollectionStage.execute(ApiCallMetricCollectionStage.java:32)
	at software.amazon.awssdk.core.internal.http.pipeline.RequestPipelineBuilder$ComposingRequestPipelineStage.execute(RequestPipelineBuilder.java:206)
	at software.amazon.awssdk.core.internal.http.pipeline.RequestPipelineBuilder$ComposingRequestPipelineStage.execute(RequestPipelineBuilder.java:206)
	at software.amazon.awssdk.core.internal.http.pipeline.stages.ExecutionFailureExceptionReportingStage.execute(ExecutionFailureExceptionReportingStage.java:37)
	at software.amazon.awssdk.core.internal.http.pipeline.stages.ExecutionFailureExceptionReportingStage.execute(ExecutionFailureExceptionReportingStage.java:26)
	at software.amazon.awssdk.core.internal.http.AmazonSyncHttpClient$RequestExecutionBuilderImpl.execute(AmazonSyncHttpClient.java:210)
	at software.amazon.awssdk.core.internal.handler.BaseSyncClientHandler.invoke(BaseSyncClientHandler.java:103)
	at software.amazon.awssdk.core.internal.handler.BaseSyncClientHandler.doExecute(BaseSyncClientHandler.java:173)
	at software.amazon.awssdk.core.internal.handler.BaseSyncClientHandler.lambda$execute$0(BaseSyncClientHandler.java:66)
	at software.amazon.awssdk.core.internal.handler.BaseSyncClientHandler.measureApiCallSuccess(BaseSyncClientHandler.java:182)
	at software.amazon.awssdk.core.internal.handler.BaseSyncClientHandler.execute(BaseSyncClientHandler.java:60)
	at software.amazon.awssdk.core.client.handler.SdkSyncClientHandler.execute(SdkSyncClientHandler.java:52)
	at software.amazon.awssdk.awscore.client.handler.AwsSyncClientHandler.execute(AwsSyncClientHandler.java:60)
	at software.amazon.awssdk.services.s3.DefaultS3Client.getObject(DefaultS3Client.java:5404)
	at software.amazon.awssdk.services.s3.S3Client.getObject(S3Client.java:9482)
	at com.example.ms_report_async.infraestructure.s3.S3Adapter.download(S3Adapter.java:40)
	at com.example.ms_report_async.application.usecase.ProcessImportFileUseCaseImpl.execute(ProcessImportFileUseCaseImpl.java:41)
	at com.example.ms_report_async.infraestructure.async.RabbitImportListener.receive(RabbitImportListener.java:35)
	at java.base/jdk.internal.reflect.DirectMethodHandleAccessor.invoke(DirectMethodHandleAccessor.java:103)
	at java.base/java.lang.reflect.Method.invoke(Method.java:580)
	at org.springframework.messaging.handler.invocation.InvocableHandlerMethod.doInvoke(InvocableHandlerMethod.java:168)
	at org.springframework.amqp.rabbit.listener.adapter.KotlinAwareInvocableHandlerMethod.doInvoke(KotlinAwareInvocableHandlerMethod.java:47)
	at org.springframework.messaging.handler.invocation.InvocableHandlerMethod.invoke(InvocableHandlerMethod.java:119)
	at org.springframework.amqp.rabbit.listener.adapter.HandlerAdapter.invoke(HandlerAdapter.java:83)
	at org.springframework.amqp.rabbit.listener.adapter.MessagingMessageListenerAdapter.invokeHandler(MessagingMessageListenerAdapter.java:287)
	at org.springframework.amqp.rabbit.listener.adapter.MessagingMessageListenerAdapter.invokeHandlerAndProcessResult(MessagingMessageListenerAdapter.java:233)
	at org.springframework.amqp.rabbit.listener.adapter.MessagingMessageListenerAdapter.onMessage(MessagingMessageListenerAdapter.java:157)
	at org.springframework.amqp.rabbit.listener.AbstractMessageListenerContainer.doInvokeListener(AbstractMessageListenerContainer.java:1683)
	at org.springframework.amqp.rabbit.listener.AbstractMessageListenerContainer.actualInvokeListener(AbstractMessageListenerContainer.java:1612)
	at java.base/jdk.internal.reflect.DirectMethodHandleAccessor.invoke(DirectMethodHandleAccessor.java:103)
	at java.base/java.lang.reflect.Method.invoke(Method.java:580)
	at org.springframework.aop.support.AopUtils.invokeJoinpointUsingReflection(AopUtils.java:359)
	at org.springframework.aop.framework.ReflectiveMethodInvocation.invokeJoinpoint(ReflectiveMethodInvocation.java:190)
	at org.springframework.aop.framework.ReflectiveMethodInvocation.proceed(ReflectiveMethodInvocation.java:158)
	at org.springframework.core.retry.RetryTemplate.execute(RetryTemplate.java:174)
	at org.springframework.amqp.rabbit.config.StatelessRetryOperationsInterceptor.invoke(StatelessRetryOperationsInterceptor.java:57)
	at org.springframework.aop.framework.ReflectiveMethodInvocation.proceed(ReflectiveMethodInvocation.java:179)
	at org.springframework.aop.framework.JdkDynamicAopProxy.invoke(JdkDynamicAopProxy.java:222)
	at org.springframework.amqp.rabbit.listener.$Proxy112.invokeListener(Unknown Source)
	at org.springframework.amqp.rabbit.listener.AbstractMessageListenerContainer.invokeListener(AbstractMessageListenerContainer.java:1599)
	at org.springframework.amqp.rabbit.listener.AbstractMessageListenerContainer.doExecuteListener(AbstractMessageListenerContainer.java:1590)
	at org.springframework.amqp.rabbit.listener.AbstractMessageListenerContainer.executeListenerAndHandleException(AbstractMessageListenerContainer.java:1539)
	at org.springframework.amqp.rabbit.listener.AbstractMessageListenerContainer.executeListener(AbstractMessageListenerContainer.java:1520)
	at org.springframework.amqp.rabbit.listener.SimpleMessageListenerContainer.doReceiveAndExecute(SimpleMessageListenerContainer.java:1116)
	at org.springframework.amqp.rabbit.listener.SimpleMessageListenerContainer.receiveAndExecute(SimpleMessageListenerContainer.java:1061)
	at org.springframework.amqp.rabbit.listener.SimpleMessageListenerContainer$AsyncMessageProcessingConsumer.mainLoop(SimpleMessageListenerContainer.java:1465)
	at org.springframework.amqp.rabbit.listener.SimpleMessageListenerContainer$AsyncMessageProcessingConsumer.run(SimpleMessageListenerContainer.java:1359)
	at java.base/java.lang.Thread.run(Thread.java:1583)
2026-03-10 20:24:40.196 [org.springframework.amqp.rabbit.RabbitListenerEndpointContainer#0-1] ERROR c.e.m.a.u.ProcessImportFileUseCaseImpl [] - Erro ao processar arquivo. JobId: 3990be1e-a8bb-47d9-98b2-7dc6cfdbe1ff, FileKey: estatisticas_di_2025_10-12_trusted.csv, DuracaoMs: 630
software.amazon.awssdk.services.s3.model.S3Exception: User: arn:aws:sts::822696479830:assumed-role/voclabs/user3869980=guilherme.figueiredo@sptech.school is not authorized to perform: s3:ListBucket on resource: "arn:aws:s3:::brinks-bucket-1" with an explicit deny in an identity-based policy (Service: S3, Status Code: 403, Request ID: 6J85XNT160XR5NCQ, Extended Request ID: mbV+PL1rcWiIeVpxMg4GgBwVNzc+8ro2EDIOCXI5pqXAkaAdP5mNX9EmuHVJVd5/nyuxnKKfAN0=)
	at software.amazon.awssdk.core.internal.http.CombinedResponseHandler.handleErrorResponse(CombinedResponseHandler.java:125)
	at software.amazon.awssdk.core.internal.http.CombinedResponseHandler.handleResponse(CombinedResponseHandler.java:82)
	at software.amazon.awssdk.core.internal.http.CombinedResponseHandler.handle(CombinedResponseHandler.java:60)
	at software.amazon.awssdk.core.internal.http.CombinedResponseHandler.handle(CombinedResponseHandler.java:41)
	at software.amazon.awssdk.core.internal.http.pipeline.stages.HandleResponseStage.execute(HandleResponseStage.java:50)
	at software.amazon.awssdk.core.internal.http.pipeline.stages.HandleResponseStage.execute(HandleResponseStage.java:38)
	at software.amazon.awssdk.core.internal.http.pipeline.RequestPipelineBuilder$ComposingRequestPipelineStage.execute(RequestPipelineBuilder.java:206)
	at software.amazon.awssdk.core.internal.http.pipeline.stages.ApiCallAttemptTimeoutTrackingStage.execute(ApiCallAttemptTimeoutTrackingStage.java:74)
	at software.amazon.awssdk.core.internal.http.pipeline.stages.ApiCallAttemptTimeoutTrackingStage.execute(ApiCallAttemptTimeoutTrackingStage.java:43)
	at software.amazon.awssdk.core.internal.http.pipeline.stages.TimeoutExceptionHandlingStage.execute(TimeoutExceptionHandlingStage.java:79)
	at software.amazon.awssdk.core.internal.http.pipeline.stages.TimeoutExceptionHandlingStage.execute(TimeoutExceptionHandlingStage.java:41)
	at software.amazon.awssdk.core.internal.http.pipeline.stages.ApiCallAttemptMetricCollectionStage.execute(ApiCallAttemptMetricCollectionStage.java:55)
	at software.amazon.awssdk.core.internal.http.pipeline.stages.ApiCallAttemptMetricCollectionStage.execute(ApiCallAttemptMetricCollectionStage.java:39)
	at software.amazon.awssdk.core.internal.http.pipeline.stages.RetryableStage2.executeRequest(RetryableStage2.java:93)
	at software.amazon.awssdk.core.internal.http.pipeline.stages.RetryableStage2.execute(RetryableStage2.java:56)
	at software.amazon.awssdk.core.internal.http.pipeline.stages.RetryableStage2.execute(RetryableStage2.java:36)
	at software.amazon.awssdk.core.internal.http.pipeline.RequestPipelineBuilder$ComposingRequestPipelineStage.execute(RequestPipelineBuilder.java:206)
	at software.amazon.awssdk.core.internal.http.StreamManagingStage.execute(StreamManagingStage.java:53)
	at software.amazon.awssdk.core.internal.http.StreamManagingStage.execute(StreamManagingStage.java:35)
	at software.amazon.awssdk.core.internal.http.pipeline.stages.ApiCallTimeoutTrackingStage.executeWithTimer(ApiCallTimeoutTrackingStage.java:82)
	at software.amazon.awssdk.core.internal.http.pipeline.stages.ApiCallTimeoutTrackingStage.execute(ApiCallTimeoutTrackingStage.java:62)
	at software.amazon.awssdk.core.internal.http.pipeline.stages.ApiCallTimeoutTrackingStage.execute(ApiCallTimeoutTrackingStage.java:43)
	at software.amazon.awssdk.core.internal.http.pipeline.stages.ApiCallMetricCollectionStage.execute(ApiCallMetricCollectionStage.java:50)
	at software.amazon.awssdk.core.internal.http.pipeline.stages.ApiCallMetricCollectionStage.execute(ApiCallMetricCollectionStage.java:32)
	at software.amazon.awssdk.core.internal.http.pipeline.RequestPipelineBuilder$ComposingRequestPipelineStage.execute(RequestPipelineBuilder.java:206)
	at software.amazon.awssdk.core.internal.http.pipeline.RequestPipelineBuilder$ComposingRequestPipelineStage.execute(RequestPipelineBuilder.java:206)
	at software.amazon.awssdk.core.internal.http.pipeline.stages.ExecutionFailureExceptionReportingStage.execute(ExecutionFailureExceptionReportingStage.java:37)
	at software.amazon.awssdk.core.internal.http.pipeline.stages.ExecutionFailureExceptionReportingStage.execute(ExecutionFailureExceptionReportingStage.java:26)
	at software.amazon.awssdk.core.internal.http.AmazonSyncHttpClient$RequestExecutionBuilderImpl.execute(AmazonSyncHttpClient.java:210)
	at software.amazon.awssdk.core.internal.handler.BaseSyncClientHandler.invoke(BaseSyncClientHandler.java:103)
	at software.amazon.awssdk.core.internal.handler.BaseSyncClientHandler.doExecute(BaseSyncClientHandler.java:173)
	at software.amazon.awssdk.core.internal.handler.BaseSyncClientHandler.lambda$execute$0(BaseSyncClientHandler.java:66)
	at software.amazon.awssdk.core.internal.handler.BaseSyncClientHandler.measureApiCallSuccess(BaseSyncClientHandler.java:182)
	at software.amazon.awssdk.core.internal.handler.BaseSyncClientHandler.execute(BaseSyncClientHandler.java:60)
	at software.amazon.awssdk.core.client.handler.SdkSyncClientHandler.execute(SdkSyncClientHandler.java:52)
	at software.amazon.awssdk.awscore.client.handler.AwsSyncClientHandler.execute(AwsSyncClientHandler.java:60)
	at software.amazon.awssdk.services.s3.DefaultS3Client.getObject(DefaultS3Client.java:5404)
	at software.amazon.awssdk.services.s3.S3Client.getObject(S3Client.java:9482)
	at com.example.ms_report_async.infraestructure.s3.S3Adapter.download(S3Adapter.java:40)
	at com.example.ms_report_async.application.usecase.ProcessImportFileUseCaseImpl.execute(ProcessImportFileUseCaseImpl.java:41)
	at com.example.ms_report_async.infraestructure.async.RabbitImportListener.receive(RabbitImportListener.java:35)
	at java.base/jdk.internal.reflect.DirectMethodHandleAccessor.invoke(DirectMethodHandleAccessor.java:103)
	at java.base/java.lang.reflect.Method.invoke(Method.java:580)
	at org.springframework.messaging.handler.invocation.InvocableHandlerMethod.doInvoke(InvocableHandlerMethod.java:168)
	at org.springframework.amqp.rabbit.listener.adapter.KotlinAwareInvocableHandlerMethod.doInvoke(KotlinAwareInvocableHandlerMethod.java:47)
	at org.springframework.messaging.handler.invocation.InvocableHandlerMethod.invoke(InvocableHandlerMethod.java:119)
	at org.springframework.amqp.rabbit.listener.adapter.HandlerAdapter.invoke(HandlerAdapter.java:83)
	at org.springframework.amqp.rabbit.listener.adapter.MessagingMessageListenerAdapter.invokeHandler(MessagingMessageListenerAdapter.java:287)
	at org.springframework.amqp.rabbit.listener.adapter.MessagingMessageListenerAdapter.invokeHandlerAndProcessResult(MessagingMessageListenerAdapter.java:233)
	at org.springframework.amqp.rabbit.listener.adapter.MessagingMessageListenerAdapter.onMessage(MessagingMessageListenerAdapter.java:157)
	at org.springframework.amqp.rabbit.listener.AbstractMessageListenerContainer.doInvokeListener(AbstractMessageListenerContainer.java:1683)
	at org.springframework.amqp.rabbit.listener.AbstractMessageListenerContainer.actualInvokeListener(AbstractMessageListenerContainer.java:1612)
	at java.base/jdk.internal.reflect.DirectMethodHandleAccessor.invoke(DirectMethodHandleAccessor.java:103)
	at java.base/java.lang.reflect.Method.invoke(Method.java:580)
	at org.springframework.aop.support.AopUtils.invokeJoinpointUsingReflection(AopUtils.java:359)
	at org.springframework.aop.framework.ReflectiveMethodInvocation.invokeJoinpoint(ReflectiveMethodInvocation.java:190)
	at org.springframework.aop.framework.ReflectiveMethodInvocation.proceed(ReflectiveMethodInvocation.java:158)
	at org.springframework.core.retry.RetryTemplate.execute(RetryTemplate.java:174)
	at org.springframework.amqp.rabbit.config.StatelessRetryOperationsInterceptor.invoke(StatelessRetryOperationsInterceptor.java:57)
	at org.springframework.aop.framework.ReflectiveMethodInvocation.proceed(ReflectiveMethodInvocation.java:179)
	at org.springframework.aop.framework.JdkDynamicAopProxy.invoke(JdkDynamicAopProxy.java:222)
	at org.springframework.amqp.rabbit.listener.$Proxy112.invokeListener(Unknown Source)
	at org.springframework.amqp.rabbit.listener.AbstractMessageListenerContainer.invokeListener(AbstractMessageListenerContainer.java:1599)
	at org.springframework.amqp.rabbit.listener.AbstractMessageListenerContainer.doExecuteListener(AbstractMessageListenerContainer.java:1590)
	at org.springframework.amqp.rabbit.listener.AbstractMessageListenerContainer.executeListenerAndHandleException(AbstractMessageListenerContainer.java:1539)
	at org.springframework.amqp.rabbit.listener.AbstractMessageListenerContainer.executeListener(AbstractMessageListenerContainer.java:1520)
	at org.springframework.amqp.rabbit.listener.SimpleMessageListenerContainer.doReceiveAndExecute(SimpleMessageListenerContainer.java:1116)
	at org.springframework.amqp.rabbit.listener.SimpleMessageListenerContainer.receiveAndExecute(SimpleMessageListenerContainer.java:1061)
	at org.springframework.amqp.rabbit.listener.SimpleMessageListenerContainer$AsyncMessageProcessingConsumer.mainLoop(SimpleMessageListenerContainer.java:1465)
	at org.springframework.amqp.rabbit.listener.SimpleMessageListenerContainer$AsyncMessageProcessingConsumer.run(SimpleMessageListenerContainer.java:1359)
	at java.base/java.lang.Thread.run(Thread.java:1583)
2026-03-10 20:24:40.197 [org.springframework.amqp.rabbit.RabbitListenerEndpointContainer#0-1] ERROR c.e.m.i.async.RabbitImportListener [] - Erro ao processar mensagem JSON: {"jobId":"3990be1e-a8bb-47d9-98b2-7dc6cfdbe1ff", "fileKey":"estatisticas_di_2025_10-12_trusted.csv"}
java.lang.RuntimeException: Falha ao processar arquivo: estatisticas_di_2025_10-12_trusted.csv
	at com.example.ms_report_async.application.usecase.ProcessImportFileUseCaseImpl.execute(ProcessImportFileUseCaseImpl.java:61)
	at com.example.ms_report_async.infraestructure.async.RabbitImportListener.receive(RabbitImportListener.java:35)
	at java.base/jdk.internal.reflect.DirectMethodHandleAccessor.invoke(DirectMethodHandleAccessor.java:103)
	at java.base/java.lang.reflect.Method.invoke(Method.java:580)
	at org.springframework.messaging.handler.invocation.InvocableHandlerMethod.doInvoke(InvocableHandlerMethod.java:168)
	at org.springframework.amqp.rabbit.listener.adapter.KotlinAwareInvocableHandlerMethod.doInvoke(KotlinAwareInvocableHandlerMethod.java:47)
	at org.springframework.messaging.handler.invocation.InvocableHandlerMethod.invoke(InvocableHandlerMethod.java:119)
	at org.springframework.amqp.rabbit.listener.adapter.HandlerAdapter.invoke(HandlerAdapter.java:83)
	at org.springframework.amqp.rabbit.listener.adapter.MessagingMessageListenerAdapter.invokeHandler(MessagingMessageListenerAdapter.java:287)
	at org.springframework.amqp.rabbit.listener.adapter.MessagingMessageListenerAdapter.invokeHandlerAndProcessResult(MessagingMessageListenerAdapter.java:233)
	at org.springframework.amqp.rabbit.listener.adapter.MessagingMessageListenerAdapter.onMessage(MessagingMessageListenerAdapter.java:157)
	at org.springframework.amqp.rabbit.listener.AbstractMessageListenerContainer.doInvokeListener(AbstractMessageListenerContainer.java:1683)
	at org.springframework.amqp.rabbit.listener.AbstractMessageListenerContainer.actualInvokeListener(AbstractMessageListenerContainer.java:1612)
	at java.base/jdk.internal.reflect.DirectMethodHandleAccessor.invoke(DirectMethodHandleAccessor.java:103)
	at java.base/java.lang.reflect.Method.invoke(Method.java:580)
	at org.springframework.aop.support.AopUtils.invokeJoinpointUsingReflection(AopUtils.java:359)
	at org.springframework.aop.framework.ReflectiveMethodInvocation.invokeJoinpoint(ReflectiveMethodInvocation.java:190)
	at org.springframework.aop.framework.ReflectiveMethodInvocation.proceed(ReflectiveMethodInvocation.java:158)
	at org.springframework.core.retry.RetryTemplate.execute(RetryTemplate.java:174)
	at org.springframework.amqp.rabbit.config.StatelessRetryOperationsInterceptor.invoke(StatelessRetryOperationsInterceptor.java:57)
	at org.springframework.aop.framework.ReflectiveMethodInvocation.proceed(ReflectiveMethodInvocation.java:179)
	at org.springframework.aop.framework.JdkDynamicAopProxy.invoke(JdkDynamicAopProxy.java:222)
	at org.springframework.amqp.rabbit.listener.$Proxy112.invokeListener(Unknown Source)
	at org.springframework.amqp.rabbit.listener.AbstractMessageListenerContainer.invokeListener(AbstractMessageListenerContainer.java:1599)
	at org.springframework.amqp.rabbit.listener.AbstractMessageListenerContainer.doExecuteListener(AbstractMessageListenerContainer.java:1590)
	at org.springframework.amqp.rabbit.listener.AbstractMessageListenerContainer.executeListenerAndHandleException(AbstractMessageListenerContainer.java:1539)
	at org.springframework.amqp.rabbit.listener.AbstractMessageListenerContainer.executeListener(AbstractMessageListenerContainer.java:1520)
	at org.springframework.amqp.rabbit.listener.SimpleMessageListenerContainer.doReceiveAndExecute(SimpleMessageListenerContainer.java:1116)
	at org.springframework.amqp.rabbit.listener.SimpleMessageListenerContainer.receiveAndExecute(SimpleMessageListenerContainer.java:1061)
	at org.springframework.amqp.rabbit.listener.SimpleMessageListenerContainer$AsyncMessageProcessingConsumer.mainLoop(SimpleMessageListenerContainer.java:1465)
	at org.springframework.amqp.rabbit.listener.SimpleMessageListenerContainer$AsyncMessageProcessingConsumer.run(SimpleMessageListenerContainer.java:1359)
	at java.base/java.lang.Thread.run(Thread.java:1583)
Caused by: software.amazon.awssdk.services.s3.model.S3Exception: User: arn:aws:sts::822696479830:assumed-role/voclabs/user3869980=guilherme.figueiredo@sptech.school is not authorized to perform: s3:ListBucket on resource: "arn:aws:s3:::brinks-bucket-1" with an explicit deny in an identity-based policy (Service: S3, Status Code: 403, Request ID: 6J85XNT160XR5NCQ, Extended Request ID: mbV+PL1rcWiIeVpxMg4GgBwVNzc+8ro2EDIOCXI5pqXAkaAdP5mNX9EmuHVJVd5/nyuxnKKfAN0=)
	at software.amazon.awssdk.core.internal.http.CombinedResponseHandler.handleErrorResponse(CombinedResponseHandler.java:125)
	at software.amazon.awssdk.core.internal.http.CombinedResponseHandler.handleResponse(CombinedResponseHandler.java:82)
	at software.amazon.awssdk.core.internal.http.CombinedResponseHandler.handle(CombinedResponseHandler.java:60)
	at software.amazon.awssdk.core.internal.http.CombinedResponseHandler.handle(CombinedResponseHandler.java:41)
	at software.amazon.awssdk.core.internal.http.pipeline.stages.HandleResponseStage.execute(HandleResponseStage.java:50)
	at software.amazon.awssdk.core.internal.http.pipeline.stages.HandleResponseStage.execute(HandleResponseStage.java:38)
	at software.amazon.awssdk.core.internal.http.pipeline.RequestPipelineBuilder$ComposingRequestPipelineStage.execute(RequestPipelineBuilder.java:206)
	at software.amazon.awssdk.core.internal.http.pipeline.stages.ApiCallAttemptTimeoutTrackingStage.execute(ApiCallAttemptTimeoutTrackingStage.java:74)
	at software.amazon.awssdk.core.internal.http.pipeline.stages.ApiCallAttemptTimeoutTrackingStage.execute(ApiCallAttemptTimeoutTrackingStage.java:43)
	at software.amazon.awssdk.core.internal.http.pipeline.stages.TimeoutExceptionHandlingStage.execute(TimeoutExceptionHandlingStage.java:79)
	at software.amazon.awssdk.core.internal.http.pipeline.stages.TimeoutExceptionHandlingStage.execute(TimeoutExceptionHandlingStage.java:41)
	at software.amazon.awssdk.core.internal.http.pipeline.stages.ApiCallAttemptMetricCollectionStage.execute(ApiCallAttemptMetricCollectionStage.java:55)
	at software.amazon.awssdk.core.internal.http.pipeline.stages.ApiCallAttemptMetricCollectionStage.execute(ApiCallAttemptMetricCollectionStage.java:39)
	at software.amazon.awssdk.core.internal.http.pipeline.stages.RetryableStage2.executeRequest(RetryableStage2.java:93)
	at software.amazon.awssdk.core.internal.http.pipeline.stages.RetryableStage2.execute(RetryableStage2.java:56)
	at software.amazon.awssdk.core.internal.http.pipeline.stages.RetryableStage2.execute(RetryableStage2.java:36)
	at software.amazon.awssdk.core.internal.http.pipeline.RequestPipelineBuilder$ComposingRequestPipelineStage.execute(RequestPipelineBuilder.java:206)
	at software.amazon.awssdk.core.internal.http.StreamManagingStage.execute(StreamManagingStage.java:53)
	at software.amazon.awssdk.core.internal.http.StreamManagingStage.execute(StreamManagingStage.java:35)
	at software.amazon.awssdk.core.internal.http.pipeline.stages.ApiCallTimeoutTrackingStage.executeWithTimer(ApiCallTimeoutTrackingStage.java:82)
	at software.amazon.awssdk.core.internal.http.pipeline.stages.ApiCallTimeoutTrackingStage.execute(ApiCallTimeoutTrackingStage.java:62)
	at software.amazon.awssdk.core.internal.http.pipeline.stages.ApiCallTimeoutTrackingStage.execute(ApiCallTimeoutTrackingStage.java:43)
	at software.amazon.awssdk.core.internal.http.pipeline.stages.ApiCallMetricCollectionStage.execute(ApiCallMetricCollectionStage.java:50)
	at software.amazon.awssdk.core.internal.http.pipeline.stages.ApiCallMetricCollectionStage.execute(ApiCallMetricCollectionStage.java:32)
	at software.amazon.awssdk.core.internal.http.pipeline.RequestPipelineBuilder$ComposingRequestPipelineStage.execute(RequestPipelineBuilder.java:206)
	at software.amazon.awssdk.core.internal.http.pipeline.RequestPipelineBuilder$ComposingRequestPipelineStage.execute(RequestPipelineBuilder.java:206)
	at software.amazon.awssdk.core.internal.http.pipeline.stages.ExecutionFailureExceptionReportingStage.execute(ExecutionFailureExceptionReportingStage.java:37)
	at software.amazon.awssdk.core.internal.http.pipeline.stages.ExecutionFailureExceptionReportingStage.execute(ExecutionFailureExceptionReportingStage.java:26)
	at software.amazon.awssdk.core.internal.http.AmazonSyncHttpClient$RequestExecutionBuilderImpl.execute(AmazonSyncHttpClient.java:210)
	at software.amazon.awssdk.core.internal.handler.BaseSyncClientHandler.invoke(BaseSyncClientHandler.java:103)
	at software.amazon.awssdk.core.internal.handler.BaseSyncClientHandler.doExecute(BaseSyncClientHandler.java:173)
	at software.amazon.awssdk.core.internal.handler.BaseSyncClientHandler.lambda$execute$0(BaseSyncClientHandler.java:66)
	at software.amazon.awssdk.core.internal.handler.BaseSyncClientHandler.measureApiCallSuccess(BaseSyncClientHandler.java:182)
	at software.amazon.awssdk.core.internal.handler.BaseSyncClientHandler.execute(BaseSyncClientHandler.java:60)
	at software.amazon.awssdk.core.client.handler.SdkSyncClientHandler.execute(SdkSyncClientHandler.java:52)
	at software.amazon.awssdk.awscore.client.handler.AwsSyncClientHandler.execute(AwsSyncClientHandler.java:60)
	at software.amazon.awssdk.services.s3.DefaultS3Client.getObject(DefaultS3Client.java:5404)
	at software.amazon.awssdk.services.s3.S3Client.getObject(S3Client.java:9482)
	at com.example.ms_report_async.infraestructure.s3.S3Adapter.download(S3Adapter.java:40)
	at com.example.ms_report_async.application.usecase.ProcessImportFileUseCaseImpl.execute(ProcessImportFileUseCaseImpl.java:41)
	... 31 common frames omitted
2026-03-10 20:24:40.199 [org.springframework.amqp.rabbit.RabbitListenerEndpointContainer#0-1] WARN  o.s.a.r.r.RejectAndDontRequeueRecoverer [] - Retries exhausted for message (Body:'[B@5c538591(byte[100])' MessageProperties [headers={}, contentType=text/plain, contentEncoding=UTF-8, contentLength=0, receivedDeliveryMode=PERSISTENT, priority=0, redelivered=false, receivedExchange=import_exchange3, receivedRoutingKey=import.csv3, deliveryTag=1, consumerTag=amq.ctag-CaQCAk4u8RfF067ITehLow, consumerQueue=import_csv_queue3])
org.springframework.amqp.rabbit.support.ListenerExecutionFailedException: Listener method 'public void com.example.ms_report_async.infraestructure.async.RabbitImportListener.receive(java.lang.String)' threw exception
	at org.springframework.amqp.rabbit.listener.adapter.MessagingMessageListenerAdapter.invokeHandler(MessagingMessageListenerAdapter.java:296)
	at org.springframework.amqp.rabbit.listener.adapter.MessagingMessageListenerAdapter.invokeHandlerAndProcessResult(MessagingMessageListenerAdapter.java:233)
	at org.springframework.amqp.rabbit.listener.adapter.MessagingMessageListenerAdapter.onMessage(MessagingMessageListenerAdapter.java:157)
	at org.springframework.amqp.rabbit.listener.AbstractMessageListenerContainer.doInvokeListener(AbstractMessageListenerContainer.java:1683)
	at org.springframework.amqp.rabbit.listener.AbstractMessageListenerContainer.actualInvokeListener(AbstractMessageListenerContainer.java:1612)
	at java.base/jdk.internal.reflect.DirectMethodHandleAccessor.invoke(DirectMethodHandleAccessor.java:103)
	at java.base/java.lang.reflect.Method.invoke(Method.java:580)
	at org.springframework.aop.support.AopUtils.invokeJoinpointUsingReflection(AopUtils.java:359)
	at org.springframework.aop.framework.ReflectiveMethodInvocation.invokeJoinpoint(ReflectiveMethodInvocation.java:190)
	at org.springframework.aop.framework.ReflectiveMethodInvocation.proceed(ReflectiveMethodInvocation.java:158)
	at org.springframework.core.retry.RetryTemplate.execute(RetryTemplate.java:174)
	at org.springframework.amqp.rabbit.config.StatelessRetryOperationsInterceptor.invoke(StatelessRetryOperationsInterceptor.java:57)
	at org.springframework.aop.framework.ReflectiveMethodInvocation.proceed(ReflectiveMethodInvocation.java:179)
	at org.springframework.aop.framework.JdkDynamicAopProxy.invoke(JdkDynamicAopProxy.java:222)
	at org.springframework.amqp.rabbit.listener.$Proxy112.invokeListener(Unknown Source)
	at org.springframework.amqp.rabbit.listener.AbstractMessageListenerContainer.invokeListener(AbstractMessageListenerContainer.java:1599)
	at org.springframework.amqp.rabbit.listener.AbstractMessageListenerContainer.doExecuteListener(AbstractMessageListenerContainer.java:1590)
	at org.springframework.amqp.rabbit.listener.AbstractMessageListenerContainer.executeListenerAndHandleException(AbstractMessageListenerContainer.java:1539)
	at org.springframework.amqp.rabbit.listener.AbstractMessageListenerContainer.executeListener(AbstractMessageListenerContainer.java:1520)
	at org.springframework.amqp.rabbit.listener.SimpleMessageListenerContainer.doReceiveAndExecute(SimpleMessageListenerContainer.java:1116)
	at org.springframework.amqp.rabbit.listener.SimpleMessageListenerContainer.receiveAndExecute(SimpleMessageListenerContainer.java:1061)
	at org.springframework.amqp.rabbit.listener.SimpleMessageListenerContainer$AsyncMessageProcessingConsumer.mainLoop(SimpleMessageListenerContainer.java:1465)
	at org.springframework.amqp.rabbit.listener.SimpleMessageListenerContainer$AsyncMessageProcessingConsumer.run(SimpleMessageListenerContainer.java:1359)
	at java.base/java.lang.Thread.run(Thread.java:1583)
Caused by: java.lang.RuntimeException: Falha ao ler JSON do RabbitMQ
	at com.example.ms_report_async.infraestructure.async.RabbitImportListener.receive(RabbitImportListener.java:40)
	at java.base/jdk.internal.reflect.DirectMethodHandleAccessor.invoke(DirectMethodHandleAccessor.java:103)
	at java.base/java.lang.reflect.Method.invoke(Method.java:580)
	at org.springframework.messaging.handler.invocation.InvocableHandlerMethod.doInvoke(InvocableHandlerMethod.java:168)
	at org.springframework.amqp.rabbit.listener.adapter.KotlinAwareInvocableHandlerMethod.doInvoke(KotlinAwareInvocableHandlerMethod.java:47)
	at org.springframework.messaging.handler.invocation.InvocableHandlerMethod.invoke(InvocableHandlerMethod.java:119)
	at org.springframework.amqp.rabbit.listener.adapter.HandlerAdapter.invoke(HandlerAdapter.java:83)
	at org.springframework.amqp.rabbit.listener.adapter.MessagingMessageListenerAdapter.invokeHandler(MessagingMessageListenerAdapter.java:287)
	... 23 common frames omitted
Caused by: java.lang.RuntimeException: Falha ao processar arquivo: estatisticas_di_2025_10-12_trusted.csv
	at com.example.ms_report_async.application.usecase.ProcessImportFileUseCaseImpl.execute(ProcessImportFileUseCaseImpl.java:61)
	at com.example.ms_report_async.infraestructure.async.RabbitImportListener.receive(RabbitImportListener.java:35)
	... 30 common frames omitted
Caused by: software.amazon.awssdk.services.s3.model.S3Exception: User: arn:aws:sts::822696479830:assumed-role/voclabs/user3869980=guilherme.figueiredo@sptech.school is not authorized to perform: s3:ListBucket on resource: "arn:aws:s3:::brinks-bucket-1" with an explicit deny in an identity-based policy (Service: S3, Status Code: 403, Request ID: 6J85XNT160XR5NCQ, Extended Request ID: mbV+PL1rcWiIeVpxMg4GgBwVNzc+8ro2EDIOCXI5pqXAkaAdP5mNX9EmuHVJVd5/nyuxnKKfAN0=)
	at software.amazon.awssdk.core.internal.http.CombinedResponseHandler.handleErrorResponse(CombinedResponseHandler.java:125)
	at software.amazon.awssdk.core.internal.http.CombinedResponseHandler.handleResponse(CombinedResponseHandler.java:82)
	at software.amazon.awssdk.core.internal.http.CombinedResponseHandler.handle(CombinedResponseHandler.java:60)
	at software.amazon.awssdk.core.internal.http.CombinedResponseHandler.handle(CombinedResponseHandler.java:41)
	at software.amazon.awssdk.core.internal.http.pipeline.stages.HandleResponseStage.execute(HandleResponseStage.java:50)
	at software.amazon.awssdk.core.internal.http.pipeline.stages.HandleResponseStage.execute(HandleResponseStage.java:38)
	at software.amazon.awssdk.core.internal.http.pipeline.RequestPipelineBuilder$ComposingRequestPipelineStage.execute(RequestPipelineBuilder.java:206)
	at software.amazon.awssdk.core.internal.http.pipeline.stages.ApiCallAttemptTimeoutTrackingStage.execute(ApiCallAttemptTimeoutTrackingStage.java:74)
	at software.amazon.awssdk.core.internal.http.pipeline.stages.ApiCallAttemptTimeoutTrackingStage.execute(ApiCallAttemptTimeoutTrackingStage.java:43)
	at software.amazon.awssdk.core.internal.http.pipeline.stages.TimeoutExceptionHandlingStage.execute(TimeoutExceptionHandlingStage.java:79)
	at software.amazon.awssdk.core.internal.http.pipeline.stages.TimeoutExceptionHandlingStage.execute(TimeoutExceptionHandlingStage.java:41)
	at software.amazon.awssdk.core.internal.http.pipeline.stages.ApiCallAttemptMetricCollectionStage.execute(ApiCallAttemptMetricCollectionStage.java:55)
	at software.amazon.awssdk.core.internal.http.pipeline.stages.ApiCallAttemptMetricCollectionStage.execute(ApiCallAttemptMetricCollectionStage.java:39)
	at software.amazon.awssdk.core.internal.http.pipeline.stages.RetryableStage2.executeRequest(RetryableStage2.java:93)
	at software.amazon.awssdk.core.internal.http.pipeline.stages.RetryableStage2.execute(RetryableStage2.java:56)
	at software.amazon.awssdk.core.internal.http.pipeline.stages.RetryableStage2.execute(RetryableStage2.java:36)
	at software.amazon.awssdk.core.internal.http.pipeline.RequestPipelineBuilder$ComposingRequestPipelineStage.execute(RequestPipelineBuilder.java:206)
	at software.amazon.awssdk.core.internal.http.StreamManagingStage.execute(StreamManagingStage.java:53)
	at software.amazon.awssdk.core.internal.http.StreamManagingStage.execute(StreamManagingStage.java:35)
	at software.amazon.awssdk.core.internal.http.pipeline.stages.ApiCallTimeoutTrackingStage.executeWithTimer(ApiCallTimeoutTrackingStage.java:82)
	at software.amazon.awssdk.core.internal.http.pipeline.stages.ApiCallTimeoutTrackingStage.execute(ApiCallTimeoutTrackingStage.java:62)
	at software.amazon.awssdk.core.internal.http.pipeline.stages.ApiCallTimeoutTrackingStage.execute(ApiCallTimeoutTrackingStage.java:43)
	at software.amazon.awssdk.core.internal.http.pipeline.stages.ApiCallMetricCollectionStage.execute(ApiCallMetricCollectionStage.java:50)
	at software.amazon.awssdk.core.internal.http.pipeline.stages.ApiCallMetricCollectionStage.execute(ApiCallMetricCollectionStage.java:32)
	at software.amazon.awssdk.core.internal.http.pipeline.RequestPipelineBuilder$ComposingRequestPipelineStage.execute(RequestPipelineBuilder.java:206)
	at software.amazon.awssdk.core.internal.http.pipeline.RequestPipelineBuilder$ComposingRequestPipelineStage.execute(RequestPipelineBuilder.java:206)
	at software.amazon.awssdk.core.internal.http.pipeline.stages.ExecutionFailureExceptionReportingStage.execute(ExecutionFailureExceptionReportingStage.java:37)
	at software.amazon.awssdk.core.internal.http.pipeline.stages.ExecutionFailureExceptionReportingStage.execute(ExecutionFailureExceptionReportingStage.java:26)
	at software.amazon.awssdk.core.internal.http.AmazonSyncHttpClient$RequestExecutionBuilderImpl.execute(AmazonSyncHttpClient.java:210)
	at software.amazon.awssdk.core.internal.handler.BaseSyncClientHandler.invoke(BaseSyncClientHandler.java:103)
	at software.amazon.awssdk.core.internal.handler.BaseSyncClientHandler.doExecute(BaseSyncClientHandler.java:173)
	at software.amazon.awssdk.core.internal.handler.BaseSyncClientHandler.lambda$execute$0(BaseSyncClientHandler.java:66)
	at software.amazon.awssdk.core.internal.handler.BaseSyncClientHandler.measureApiCallSuccess(BaseSyncClientHandler.java:182)
	at software.amazon.awssdk.core.internal.handler.BaseSyncClientHandler.execute(BaseSyncClientHandler.java:60)
	at software.amazon.awssdk.core.client.handler.SdkSyncClientHandler.execute(SdkSyncClientHandler.java:52)
	at software.amazon.awssdk.awscore.client.handler.AwsSyncClientHandler.execute(AwsSyncClientHandler.java:60)
	at software.amazon.awssdk.services.s3.DefaultS3Client.getObject(DefaultS3Client.java:5404)
	at software.amazon.awssdk.services.s3.S3Client.getObject(S3Client.java:9482)
	at com.example.ms_report_async.infraestructure.s3.S3Adapter.download(S3Adapter.java:40)
	at com.example.ms_report_async.application.usecase.ProcessImportFileUseCaseImpl.execute(ProcessImportFileUseCaseImpl.java:41)
	... 31 common frames omitted
2026-03-10 20:24:40.200 [org.springframework.amqp.rabbit.RabbitListenerEndpointContainer#0-1] WARN  o.s.a.r.l.ConditionalRejectingErrorHandler [] - Execution of Rabbit message listener failed.
org.springframework.amqp.rabbit.support.ListenerExecutionFailedException: Retry Policy Exhausted
	at org.springframework.amqp.rabbit.retry.RejectAndDontRequeueRecoverer.recover(RejectAndDontRequeueRecoverer.java:77)
	at org.springframework.amqp.rabbit.config.StatelessRetryOperationsInterceptorFactoryBean.recover(StatelessRetryOperationsInterceptorFactoryBean.java:65)
	at org.springframework.amqp.rabbit.config.StatelessRetryOperationsInterceptor.invoke(StatelessRetryOperationsInterceptor.java:61)
	at org.springframework.aop.framework.ReflectiveMethodInvocation.proceed(ReflectiveMethodInvocation.java:179)
	at org.springframework.aop.framework.JdkDynamicAopProxy.invoke(JdkDynamicAopProxy.java:222)
	at org.springframework.amqp.rabbit.listener.$Proxy112.invokeListener(Unknown Source)
	at org.springframework.amqp.rabbit.listener.AbstractMessageListenerContainer.invokeListener(AbstractMessageListenerContainer.java:1599)
	at org.springframework.amqp.rabbit.listener.AbstractMessageListenerContainer.doExecuteListener(AbstractMessageListenerContainer.java:1590)
	at org.springframework.amqp.rabbit.listener.AbstractMessageListenerContainer.executeListenerAndHandleException(AbstractMessageListenerContainer.java:1539)
	at org.springframework.amqp.rabbit.listener.AbstractMessageListenerContainer.executeListener(AbstractMessageListenerContainer.java:1520)
	at org.springframework.amqp.rabbit.listener.SimpleMessageListenerContainer.doReceiveAndExecute(SimpleMessageListenerContainer.java:1116)
	at org.springframework.amqp.rabbit.listener.SimpleMessageListenerContainer.receiveAndExecute(SimpleMessageListenerContainer.java:1061)
	at org.springframework.amqp.rabbit.listener.SimpleMessageListenerContainer$AsyncMessageProcessingConsumer.mainLoop(SimpleMessageListenerContainer.java:1465)
	at org.springframework.amqp.rabbit.listener.SimpleMessageListenerContainer$AsyncMessageProcessingConsumer.run(SimpleMessageListenerContainer.java:1359)
	at java.base/java.lang.Thread.run(Thread.java:1583)
Caused by: org.springframework.amqp.AmqpRejectAndDontRequeueException
	... 15 common frames omitted
Caused by: org.springframework.amqp.rabbit.support.ListenerExecutionFailedException: Listener method 'public void com.example.ms_report_async.infraestructure.async.RabbitImportListener.receive(java.lang.String)' threw exception
	at org.springframework.amqp.rabbit.listener.adapter.MessagingMessageListenerAdapter.invokeHandler(MessagingMessageListenerAdapter.java:296)
	at org.springframework.amqp.rabbit.listener.adapter.MessagingMessageListenerAdapter.invokeHandlerAndProcessResult(MessagingMessageListenerAdapter.java:233)
	at org.springframework.amqp.rabbit.listener.adapter.MessagingMessageListenerAdapter.onMessage(MessagingMessageListenerAdapter.java:157)
	at org.springframework.amqp.rabbit.listener.AbstractMessageListenerContainer.doInvokeListener(AbstractMessageListenerContainer.java:1683)
	at org.springframework.amqp.rabbit.listener.AbstractMessageListenerContainer.actualInvokeListener(AbstractMessageListenerContainer.java:1612)
	at java.base/jdk.internal.reflect.DirectMethodHandleAccessor.invoke(DirectMethodHandleAccessor.java:103)
	at java.base/java.lang.reflect.Method.invoke(Method.java:580)
	at org.springframework.aop.support.AopUtils.invokeJoinpointUsingReflection(AopUtils.java:359)
	at org.springframework.aop.framework.ReflectiveMethodInvocation.invokeJoinpoint(ReflectiveMethodInvocation.java:190)
	at org.springframework.aop.framework.ReflectiveMethodInvocation.proceed(ReflectiveMethodInvocation.java:158)
	at org.springframework.core.retry.RetryTemplate.execute(RetryTemplate.java:174)
	at org.springframework.amqp.rabbit.config.StatelessRetryOperationsInterceptor.invoke(StatelessRetryOperationsInterceptor.java:57)
	... 12 common frames omitted
Caused by: java.lang.RuntimeException: Falha ao ler JSON do RabbitMQ
	at com.example.ms_report_async.infraestructure.async.RabbitImportListener.receive(RabbitImportListener.java:40)
	at java.base/jdk.internal.reflect.DirectMethodHandleAccessor.invoke(DirectMethodHandleAccessor.java:103)
	at java.base/java.lang.reflect.Method.invoke(Method.java:580)
	at org.springframework.messaging.handler.invocation.InvocableHandlerMethod.doInvoke(InvocableHandlerMethod.java:168)
	at org.springframework.amqp.rabbit.listener.adapter.KotlinAwareInvocableHandlerMethod.doInvoke(KotlinAwareInvocableHandlerMethod.java:47)
	at org.springframework.messaging.handler.invocation.InvocableHandlerMethod.invoke(InvocableHandlerMethod.java:119)
	at org.springframework.amqp.rabbit.listener.adapter.HandlerAdapter.invoke(HandlerAdapter.java:83)
	at org.springframework.amqp.rabbit.listener.adapter.MessagingMessageListenerAdapter.invokeHandler(MessagingMessageListenerAdapter.java:287)
	... 23 common frames omitted
Caused by: java.lang.RuntimeException: Falha ao processar arquivo: estatisticas_di_2025_10-12_trusted.csv
	at com.example.ms_report_async.application.usecase.ProcessImportFileUseCaseImpl.execute(ProcessImportFileUseCaseImpl.java:61)
	at com.example.ms_report_async.infraestructure.async.RabbitImportListener.receive(RabbitImportListener.java:35)
	... 30 common frames omitted
Caused by: software.amazon.awssdk.services.s3.model.S3Exception: User: arn:aws:sts::822696479830:assumed-role/voclabs/user3869980=guilherme.figueiredo@sptech.school is not authorized to perform: s3:ListBucket on resource: "arn:aws:s3:::brinks-bucket-1" with an explicit deny in an identity-based policy (Service: S3, Status Code: 403, Request ID: 6J85XNT160XR5NCQ, Extended Request ID: mbV+PL1rcWiIeVpxMg4GgBwVNzc+8ro2EDIOCXI5pqXAkaAdP5mNX9EmuHVJVd5/nyuxnKKfAN0=)
	at software.amazon.awssdk.core.internal.http.CombinedResponseHandler.handleErrorResponse(CombinedResponseHandler.java:125)
	at software.amazon.awssdk.core.internal.http.CombinedResponseHandler.handleResponse(CombinedResponseHandler.java:82)
	at software.amazon.awssdk.core.internal.http.CombinedResponseHandler.handle(CombinedResponseHandler.java:60)
	at software.amazon.awssdk.core.internal.http.CombinedResponseHandler.handle(CombinedResponseHandler.java:41)
	at software.amazon.awssdk.core.internal.http.pipeline.stages.HandleResponseStage.execute(HandleResponseStage.java:50)
	at software.amazon.awssdk.core.internal.http.pipeline.stages.HandleResponseStage.execute(HandleResponseStage.java:38)
	at software.amazon.awssdk.core.internal.http.pipeline.RequestPipelineBuilder$ComposingRequestPipelineStage.execute(RequestPipelineBuilder.java:206)
	at software.amazon.awssdk.core.internal.http.pipeline.stages.ApiCallAttemptTimeoutTrackingStage.execute(ApiCallAttemptTimeoutTrackingStage.java:74)
	at software.amazon.awssdk.core.internal.http.pipeline.stages.ApiCallAttemptTimeoutTrackingStage.execute(ApiCallAttemptTimeoutTrackingStage.java:43)
	at software.amazon.awssdk.core.internal.http.pipeline.stages.TimeoutExceptionHandlingStage.execute(TimeoutExceptionHandlingStage.java:79)
	at software.amazon.awssdk.core.internal.http.pipeline.stages.TimeoutExceptionHandlingStage.execute(TimeoutExceptionHandlingStage.java:41)
	at software.amazon.awssdk.core.internal.http.pipeline.stages.ApiCallAttemptMetricCollectionStage.execute(ApiCallAttemptMetricCollectionStage.java:55)
	at software.amazon.awssdk.core.internal.http.pipeline.stages.ApiCallAttemptMetricCollectionStage.execute(ApiCallAttemptMetricCollectionStage.java:39)
	at software.amazon.awssdk.core.internal.http.pipeline.stages.RetryableStage2.executeRequest(RetryableStage2.java:93)
	at software.amazon.awssdk.core.internal.http.pipeline.stages.RetryableStage2.execute(RetryableStage2.java:56)
	at software.amazon.awssdk.core.internal.http.pipeline.stages.RetryableStage2.execute(RetryableStage2.java:36)
	at software.amazon.awssdk.core.internal.http.pipeline.RequestPipelineBuilder$ComposingRequestPipelineStage.execute(RequestPipelineBuilder.java:206)
	at software.amazon.awssdk.core.internal.http.StreamManagingStage.execute(StreamManagingStage.java:53)
	at software.amazon.awssdk.core.internal.http.StreamManagingStage.execute(StreamManagingStage.java:35)
	at software.amazon.awssdk.core.internal.http.pipeline.stages.ApiCallTimeoutTrackingStage.executeWithTimer(ApiCallTimeoutTrackingStage.java:82)
	at software.amazon.awssdk.core.internal.http.pipeline.stages.ApiCallTimeoutTrackingStage.execute(ApiCallTimeoutTrackingStage.java:62)
	at software.amazon.awssdk.core.internal.http.pipeline.stages.ApiCallTimeoutTrackingStage.execute(ApiCallTimeoutTrackingStage.java:43)
	at software.amazon.awssdk.core.internal.http.pipeline.stages.ApiCallMetricCollectionStage.execute(ApiCallMetricCollectionStage.java:50)
	at software.amazon.awssdk.core.internal.http.pipeline.stages.ApiCallMetricCollectionStage.execute(ApiCallMetricCollectionStage.java:32)
	at software.amazon.awssdk.core.internal.http.pipeline.RequestPipelineBuilder$ComposingRequestPipelineStage.execute(RequestPipelineBuilder.java:206)
	at software.amazon.awssdk.core.internal.http.pipeline.RequestPipelineBuilder$ComposingRequestPipelineStage.execute(RequestPipelineBuilder.java:206)
	at software.amazon.awssdk.core.internal.http.pipeline.stages.ExecutionFailureExceptionReportingStage.execute(ExecutionFailureExceptionReportingStage.java:37)
	at software.amazon.awssdk.core.internal.http.pipeline.stages.ExecutionFailureExceptionReportingStage.execute(ExecutionFailureExceptionReportingStage.java:26)
	at software.amazon.awssdk.core.internal.http.AmazonSyncHttpClient$RequestExecutionBuilderImpl.execute(AmazonSyncHttpClient.java:210)
	at software.amazon.awssdk.core.internal.handler.BaseSyncClientHandler.invoke(BaseSyncClientHandler.java:103)
	at software.amazon.awssdk.core.internal.handler.BaseSyncClientHandler.doExecute(BaseSyncClientHandler.java:173)
	at software.amazon.awssdk.core.internal.handler.BaseSyncClientHandler.lambda$execute$0(BaseSyncClientHandler.java:66)
	at software.amazon.awssdk.core.internal.handler.BaseSyncClientHandler.measureApiCallSuccess(BaseSyncClientHandler.java:182)
	at software.amazon.awssdk.core.internal.handler.BaseSyncClientHandler.execute(BaseSyncClientHandler.java:60)
	at software.amazon.awssdk.core.client.handler.SdkSyncClientHandler.execute(SdkSyncClientHandler.java:52)
	at software.amazon.awssdk.awscore.client.handler.AwsSyncClientHandler.execute(AwsSyncClientHandler.java:60)
	at software.amazon.awssdk.services.s3.DefaultS3Client.getObject(DefaultS3Client.java:5404)
	at software.amazon.awssdk.services.s3.S3Client.getObject(S3Client.java:9482)
	at com.example.ms_report_async.infraestructure.s3.S3Adapter.download(S3Adapter.java:40)
	at com.example.ms_report_async.application.usecase.ProcessImportFileUseCaseImpl.execute(ProcessImportFileUseCaseImpl.java:41)
	... 31 common frames omitted
2026-03-10 20:24:40.205 [org.springframework.amqp.rabbit.RabbitListenerEndpointContainer#0-1] DEBUG o.s.a.r.l.BlockingQueueConsumer [] - Rejecting messages (requeue=false)
2026-03-10 20:26:16.746 [SpringApplicationShutdownHook] DEBUG o.s.a.r.l.SimpleMessageListenerContainer [] - Shutting down Rabbit listener container
2026-03-10 20:26:16.781 [pool-3-thread-5] DEBUG o.s.a.r.l.BlockingQueueConsumer [] - Received cancelOk for tag amq.ctag-CaQCAk4u8RfF067ITehLow (import_csv_queue3); Consumer@70f7700: tags=[[amq.ctag-CaQCAk4u8RfF067ITehLow]], channel=Cached Rabbit Channel: AMQChannel(amqp://user@127.0.0.1:5672/,1), conn: Proxy@2042ee9d Shared Rabbit Connection: SimpleConnection@4823f126 [delegate=amqp://user@127.0.0.1:5672/, localPort=52039], acknowledgeMode=AUTO local queue size=0
2026-03-10 20:26:16.781 [org.springframework.amqp.rabbit.RabbitListenerEndpointContainer#0-2] INFO  o.s.a.r.l.SimpleMessageListenerContainer [] - Waiting for workers to finish.
2026-03-10 20:26:17.058 [org.springframework.amqp.rabbit.RabbitListenerEndpointContainer#0-2] INFO  o.s.a.r.l.SimpleMessageListenerContainer [] - Successfully waited for workers to finish.
2026-03-10 20:26:17.061 [org.springframework.amqp.rabbit.RabbitListenerEndpointContainer#0-1] DEBUG o.s.a.r.l.SimpleMessageListenerContainer [] - Cancelling Consumer@70f7700: tags=[[amq.ctag-CaQCAk4u8RfF067ITehLow]], channel=Cached Rabbit Channel: AMQChannel(amqp://user@127.0.0.1:5672/,1), conn: Proxy@2042ee9d Shared Rabbit Connection: SimpleConnection@4823f126 [delegate=amqp://user@127.0.0.1:5672/, localPort=52039], acknowledgeMode=AUTO local queue size=0
2026-03-10 20:26:17.061 [org.springframework.amqp.rabbit.RabbitListenerEndpointContainer#0-1] DEBUG o.s.a.r.l.BlockingQueueConsumer [] - Closing Rabbit Channel: Cached Rabbit Channel: AMQChannel(amqp://user@127.0.0.1:5672/,1), conn: Proxy@2042ee9d Shared Rabbit Connection: SimpleConnection@4823f126 [delegate=amqp://user@127.0.0.1:5672/, localPort=52039]
2026-03-10 20:26:17.062 [org.springframework.amqp.rabbit.RabbitListenerEndpointContainer#0-1] DEBUG o.s.a.r.c.CachingConnectionFactory [] - Closing cached Channel: AMQChannel(amqp://user@127.0.0.1:5672/,1)
2026-03-10 20:26:17.063 [SpringApplicationShutdownHook] INFO  o.s.boot.tomcat.GracefulShutdown [] - Commencing graceful shutdown. Waiting for active requests to complete
2026-03-10 20:26:17.088 [tomcat-shutdown] INFO  o.s.boot.tomcat.GracefulShutdown [] - Graceful shutdown complete
2026-03-10 20:26:17.097 [SpringApplicationShutdownHook] DEBUG o.s.a.r.c.CachingConnectionFactory [] - Closing cached Channel: AMQChannel(amqp://user@127.0.0.1:5672/,2)
2026-03-10 20:26:17.129 [SpringApplicationShutdownHook] DEBUG o.s.a.r.l.SimpleMessageListenerContainer [] - Shutdown ignored - container is not active already
2026-03-10 20:26:24.225 [background-preinit] INFO  o.h.validator.internal.util.Version [] - HV000001: Hibernate Validator 9.0.1.Final
2026-03-10 20:26:24.366 [restartedMain] INFO  c.e.m.MsReportAsyncApplication [] - Starting MsReportAsyncApplication using Java 21.0.8 with PID 4760 (C:\Users\guilh\OneDrive\Desktop\sptech\PI\ms async\ms-report-async\target\classes started by guilh in C:\Users\guilh\OneDrive\Desktop\sptech\PI\ms async\ms-report-async)
2026-03-10 20:26:24.366 [restartedMain] DEBUG c.e.m.MsReportAsyncApplication [] - Running with Spring Boot v4.0.3, Spring v7.0.5
2026-03-10 20:26:24.366 [restartedMain] INFO  c.e.m.MsReportAsyncApplication [] - No active profile set, falling back to 1 default profile: "default"
2026-03-10 20:26:24.468 [restartedMain] INFO  o.s.b.d.e.DevToolsPropertyDefaultsPostProcessor [] - Devtools property defaults active! Set 'spring.devtools.add-properties' to 'false' to disable
2026-03-10 20:26:24.468 [restartedMain] INFO  o.s.b.d.e.DevToolsPropertyDefaultsPostProcessor [] - For additional web related logging consider setting the 'logging.level.web' property to 'DEBUG'
2026-03-10 20:26:27.174 [restartedMain] INFO  o.s.boot.tomcat.TomcatWebServer [] - Tomcat initialized with port 8080 (http)
2026-03-10 20:26:27.197 [restartedMain] INFO  o.a.coyote.http11.Http11NioProtocol [] - Initializing ProtocolHandler ["http-nio-8080"]
2026-03-10 20:26:27.201 [restartedMain] INFO  o.a.catalina.core.StandardService [] - Starting service [Tomcat]
2026-03-10 20:26:27.201 [restartedMain] INFO  o.a.catalina.core.StandardEngine [] - Starting Servlet engine: [Apache Tomcat/11.0.18]
2026-03-10 20:26:27.295 [restartedMain] INFO  o.s.b.w.c.s.WebApplicationContextInitializer [] - Root WebApplicationContext: initialization completed in 2827 ms
2026-03-10 20:26:27.717 [restartedMain] WARN  s.a.a.p.internal.ProfileFileReader [] - Ignoring profile '[default]' on line 3, because '[profile default]' was already seen in the same file.
2026-03-10 20:26:30.493 [restartedMain] INFO  o.s.b.a.e.web.EndpointLinksResolver [] - Exposing 1 endpoint beneath base path '/actuator'
2026-03-10 20:26:30.548 [restartedMain] DEBUG o.s.a.r.l.a.MessagingMessageListenerAdapter [] - Inferred argument type for public void com.example.ms_report_async.infraestructure.async.RabbitImportListener.receive(java.lang.String) is class java.lang.String
2026-03-10 20:26:30.593 [restartedMain] DEBUG o.s.a.r.l.SimpleMessageListenerContainer [] - No global properties bean
2026-03-10 20:26:30.649 [restartedMain] INFO  o.a.coyote.http11.Http11NioProtocol [] - Starting ProtocolHandler ["http-nio-8080"]
2026-03-10 20:26:30.675 [restartedMain] INFO  o.s.boot.tomcat.TomcatWebServer [] - Tomcat started on port 8080 (http) with context path '/'
2026-03-10 20:26:30.677 [restartedMain] DEBUG o.s.a.r.l.SimpleMessageListenerContainer [] - Starting Rabbit listener container.
2026-03-10 20:26:30.682 [restartedMain] INFO  o.s.a.r.c.CachingConnectionFactory [] - Attempting to connect to: [localhost:5672]
2026-03-10 20:26:30.850 [restartedMain] INFO  o.s.a.r.c.CachingConnectionFactory [] - Created new connection: rabbitConnectionFactory#320f2f92:0/SimpleConnection@4823f126 [delegate=amqp://user@127.0.0.1:5672/, localPort=53302]
2026-03-10 20:26:30.854 [restartedMain] DEBUG o.s.amqp.rabbit.core.RabbitAdmin [] - Initializing declarations
2026-03-10 20:26:30.874 [restartedMain] DEBUG o.s.a.r.c.CachingConnectionFactory [] - Creating cached Rabbit Channel from AMQChannel(amqp://user@127.0.0.1:5672/,1)
2026-03-10 20:26:30.886 [restartedMain] DEBUG o.s.amqp.rabbit.core.RabbitTemplate [] - Executing callback  on RabbitMQ Channel: Cached Rabbit Channel: AMQChannel(amqp://user@127.0.0.1:5672/,1), conn: Proxy@2042ee9d Shared Rabbit Connection: SimpleConnection@4823f126 [delegate=amqp://user@127.0.0.1:5672/, localPort=53302]
2026-03-10 20:26:30.887 [restartedMain] DEBUG o.s.amqp.rabbit.core.RabbitAdmin [] - declaring Exchange 'import_exchange3'
2026-03-10 20:26:30.896 [restartedMain] DEBUG o.s.amqp.rabbit.core.RabbitAdmin [] - declaring Queue 'import_csv_queue3'
2026-03-10 20:26:30.904 [restartedMain] DEBUG o.s.amqp.rabbit.core.RabbitAdmin [] - Binding destination [import_csv_queue3 (QUEUE)] to exchange [import_exchange3] with routing key [import.csv3]
2026-03-10 20:26:30.918 [restartedMain] DEBUG o.s.amqp.rabbit.core.RabbitAdmin [] - Declarations finished
2026-03-10 20:26:30.927 [org.springframework.amqp.rabbit.RabbitListenerEndpointContainer#0-1] DEBUG o.s.amqp.rabbit.core.RabbitTemplate [] - Executing callback  on RabbitMQ Channel: Cached Rabbit Channel: AMQChannel(amqp://user@127.0.0.1:5672/,1), conn: Proxy@2042ee9d Shared Rabbit Connection: SimpleConnection@4823f126 [delegate=amqp://user@127.0.0.1:5672/, localPort=53302]
2026-03-10 20:26:30.934 [org.springframework.amqp.rabbit.RabbitListenerEndpointContainer#0-1] DEBUG o.s.a.r.l.BlockingQueueConsumer [] - Starting consumer Consumer@70f7700: tags=[[]], channel=null, acknowledgeMode=AUTO local queue size=0
2026-03-10 20:26:30.959 [org.springframework.amqp.rabbit.RabbitListenerEndpointContainer#0-1] DEBUG o.s.a.r.l.BlockingQueueConsumer [] - Started on queue 'import_csv_queue3' with tag amq.ctag-9Zh49KHdRCKJfmqDy1rNdQ: Consumer@70f7700: tags=[[]], channel=Cached Rabbit Channel: AMQChannel(amqp://user@127.0.0.1:5672/,1), conn: Proxy@2042ee9d Shared Rabbit Connection: SimpleConnection@4823f126 [delegate=amqp://user@127.0.0.1:5672/, localPort=53302], acknowledgeMode=AUTO local queue size=0
2026-03-10 20:26:30.959 [pool-3-thread-3] DEBUG o.s.a.r.l.BlockingQueueConsumer [] - ConsumeOK: Consumer@70f7700: tags=[[amq.ctag-9Zh49KHdRCKJfmqDy1rNdQ]], channel=Cached Rabbit Channel: AMQChannel(amqp://user@127.0.0.1:5672/,1), conn: Proxy@2042ee9d Shared Rabbit Connection: SimpleConnection@4823f126 [delegate=amqp://user@127.0.0.1:5672/, localPort=53302], acknowledgeMode=AUTO local queue size=0
2026-03-10 20:26:30.973 [restartedMain] INFO  c.e.m.MsReportAsyncApplication [] - Started MsReportAsyncApplication in 7.977 seconds (process running for 10.052)
2026-03-10 20:26:36.664 [http-nio-8080-exec-2] INFO  o.a.c.c.C.[Tomcat].[localhost].[/] [] - Initializing Spring DispatcherServlet 'dispatcherServlet'
2026-03-10 20:26:36.665 [http-nio-8080-exec-2] INFO  o.s.web.servlet.DispatcherServlet [] - Initializing Servlet 'dispatcherServlet'
2026-03-10 20:26:36.667 [http-nio-8080-exec-2] INFO  o.s.web.servlet.DispatcherServlet [] - Completed initialization in 2 ms
2026-03-10 20:26:36.762 [http-nio-8080-exec-2] INFO  c.e.m.i.r.impl.ImportControllerImpl [] - Recebendo requisição de importação. FileKey: estatisticas_di_2025_10-12_trusted.csv
2026-03-10 20:26:36.763 [http-nio-8080-exec-2] DEBUG c.e.m.i.async.RabbitImportProducer [] - Gerando novo JobId: 63f9af82-fd06-41fa-850d-19dd2c251c70 para FileKey: estatisticas_di_2025_10-12_trusted.csv
2026-03-10 20:26:36.770 [http-nio-8080-exec-2] DEBUG o.s.a.r.c.CachingConnectionFactory [] - Creating cached Rabbit Channel from AMQChannel(amqp://user@127.0.0.1:5672/,2)
2026-03-10 20:26:36.771 [http-nio-8080-exec-2] DEBUG o.s.amqp.rabbit.core.RabbitTemplate [] - Executing callback  on RabbitMQ Channel: Cached Rabbit Channel: AMQChannel(amqp://user@127.0.0.1:5672/,2), conn: Proxy@2042ee9d Shared Rabbit Connection: SimpleConnection@4823f126 [delegate=amqp://user@127.0.0.1:5672/, localPort=53302]
2026-03-10 20:26:36.793 [http-nio-8080-exec-2] DEBUG o.s.amqp.rabbit.core.RabbitTemplate [] - Publishing message [(Body:'[B@30942db9(byte[100])' MessageProperties [headers={}, contentType=text/plain, contentEncoding=UTF-8, contentLength=100, deliveryMode=PERSISTENT, priority=0, deliveryTag=0])] on exchange [import_exchange3], routingKey = [import.csv3]
2026-03-10 20:26:36.801 [http-nio-8080-exec-2] INFO  c.e.m.i.async.RabbitImportProducer [] - Mensagem publicada no RabbitMQ com sucesso. Exchange: import_exchange3, RoutingKey: import.csv3, JobId: 63f9af82-fd06-41fa-850d-19dd2c251c70
2026-03-10 20:26:36.801 [http-nio-8080-exec-2] INFO  c.e.m.i.r.impl.ImportControllerImpl [] - Importação enfileirada com sucesso. JobId: 63f9af82-fd06-41fa-850d-19dd2c251c70, FileKey: estatisticas_di_2025_10-12_trusted.csv
2026-03-10 20:26:36.813 [pool-3-thread-4] DEBUG o.s.a.r.l.BlockingQueueConsumer [] - Storing delivery for consumerTag: 'amq.ctag-9Zh49KHdRCKJfmqDy1rNdQ' with deliveryTag: '1' in Consumer@70f7700: tags=[[amq.ctag-9Zh49KHdRCKJfmqDy1rNdQ]], channel=Cached Rabbit Channel: AMQChannel(amqp://user@127.0.0.1:5672/,1), conn: Proxy@2042ee9d Shared Rabbit Connection: SimpleConnection@4823f126 [delegate=amqp://user@127.0.0.1:5672/, localPort=53302], acknowledgeMode=AUTO local queue size=0
2026-03-10 20:26:36.813 [org.springframework.amqp.rabbit.RabbitListenerEndpointContainer#0-1] DEBUG o.s.a.r.l.BlockingQueueConsumer [] - Received message: (Body:'[B@2500a0d0(byte[100])' MessageProperties [headers={}, contentType=text/plain, contentEncoding=UTF-8, contentLength=0, receivedDeliveryMode=PERSISTENT, priority=0, redelivered=false, receivedExchange=import_exchange3, receivedRoutingKey=import.csv3, deliveryTag=1, consumerTag=amq.ctag-9Zh49KHdRCKJfmqDy1rNdQ, consumerQueue=import_csv_queue3])
2026-03-10 20:26:36.831 [org.springframework.amqp.rabbit.RabbitListenerEndpointContainer#0-1] DEBUG o.s.a.r.l.a.MessagingMessageListenerAdapter [] - Processing [GenericMessage [payload={"jobId":"63f9af82-fd06-41fa-850d-19dd2c251c70", "fileKey":"estatisticas_di_2025_10-12_trusted.csv"}, headers={amqp_receivedDeliveryMode=PERSISTENT, amqp_receivedExchange=import_exchange3, amqp_deliveryTag=1, amqp_consumerQueue=import_csv_queue3, amqp_redelivered=false, amqp_receivedRoutingKey=import.csv3, amqp_contentEncoding=UTF-8, amqp_retryCount=0, id=6d573ddd-8c3c-b43c-d748-772fcd0a579b, amqp_consumerTag=amq.ctag-9Zh49KHdRCKJfmqDy1rNdQ, amqp_lastInBatch=false, contentType=text/plain, timestamp=1773185196829}]]
2026-03-10 20:26:36.834 [org.springframework.amqp.rabbit.RabbitListenerEndpointContainer#0-1] INFO  c.e.m.i.async.RabbitImportListener [] - Mensagem recebida do RabbitMQ: {"jobId":"63f9af82-fd06-41fa-850d-19dd2c251c70", "fileKey":"estatisticas_di_2025_10-12_trusted.csv"}
2026-03-10 20:26:36.847 [org.springframework.amqp.rabbit.RabbitListenerEndpointContainer#0-1] DEBUG c.e.m.i.async.RabbitImportListener [] - Iniciando processamento. JobId: 63f9af82-fd06-41fa-850d-19dd2c251c70, FileKey: estatisticas_di_2025_10-12_trusted.csv
2026-03-10 20:26:36.847 [org.springframework.amqp.rabbit.RabbitListenerEndpointContainer#0-1] INFO  c.e.m.a.u.ProcessImportFileUseCaseImpl [] - Iniciando processamento do arquivo. JobId: 63f9af82-fd06-41fa-850d-19dd2c251c70, FileKey: estatisticas_di_2025_10-12_trusted.csv, Bucket: brinks-bucket-1
2026-03-10 20:26:36.848 [org.springframework.amqp.rabbit.RabbitListenerEndpointContainer#0-1] INFO  c.e.m.infraestructure.s3.S3Adapter [] - Iniciando download do S3. Bucket: brinks-bucket-1, Key: estatisticas_di_2025_10-12_trusted.csv
2026-03-10 20:26:39.927 [org.springframework.amqp.rabbit.RabbitListenerEndpointContainer#0-1] ERROR c.e.m.infraestructure.s3.S3Adapter [] - Erro ao fazer download do S3. Bucket: brinks-bucket-1, Key: estatisticas_di_2025_10-12_trusted.csv
software.amazon.awssdk.services.s3.model.S3Exception: User: arn:aws:sts::822696479830:assumed-role/voclabs/user3869980=guilherme.figueiredo@sptech.school is not authorized to perform: s3:GetObject on resource: "arn:aws:s3:::brinks-bucket-1/estatisticas_di_2025_10-12_trusted.csv" with an explicit deny in an identity-based policy (Service: S3, Status Code: 403, Request ID: 3MBJJW683PMH7QK5, Extended Request ID: bovd2MzNWv8KTrs3KT7hp8TqrnxWs1uaFoQd/aBhwlSfBkVMGLRSv+bBpIxX8MwSeN+7G+KhXgU=)
	at software.amazon.awssdk.core.internal.http.CombinedResponseHandler.handleErrorResponse(CombinedResponseHandler.java:125)
	at software.amazon.awssdk.core.internal.http.CombinedResponseHandler.handleResponse(CombinedResponseHandler.java:82)
	at software.amazon.awssdk.core.internal.http.CombinedResponseHandler.handle(CombinedResponseHandler.java:60)
	at software.amazon.awssdk.core.internal.http.CombinedResponseHandler.handle(CombinedResponseHandler.java:41)
	at software.amazon.awssdk.core.internal.http.pipeline.stages.HandleResponseStage.execute(HandleResponseStage.java:50)
	at software.amazon.awssdk.core.internal.http.pipeline.stages.HandleResponseStage.execute(HandleResponseStage.java:38)
	at software.amazon.awssdk.core.internal.http.pipeline.RequestPipelineBuilder$ComposingRequestPipelineStage.execute(RequestPipelineBuilder.java:206)
	at software.amazon.awssdk.core.internal.http.pipeline.stages.ApiCallAttemptTimeoutTrackingStage.execute(ApiCallAttemptTimeoutTrackingStage.java:74)
	at software.amazon.awssdk.core.internal.http.pipeline.stages.ApiCallAttemptTimeoutTrackingStage.execute(ApiCallAttemptTimeoutTrackingStage.java:43)
	at software.amazon.awssdk.core.internal.http.pipeline.stages.TimeoutExceptionHandlingStage.execute(TimeoutExceptionHandlingStage.java:79)
	at software.amazon.awssdk.core.internal.http.pipeline.stages.TimeoutExceptionHandlingStage.execute(TimeoutExceptionHandlingStage.java:41)
	at software.amazon.awssdk.core.internal.http.pipeline.stages.ApiCallAttemptMetricCollectionStage.execute(ApiCallAttemptMetricCollectionStage.java:55)
	at software.amazon.awssdk.core.internal.http.pipeline.stages.ApiCallAttemptMetricCollectionStage.execute(ApiCallAttemptMetricCollectionStage.java:39)
	at software.amazon.awssdk.core.internal.http.pipeline.stages.RetryableStage2.executeRequest(RetryableStage2.java:93)
	at software.amazon.awssdk.core.internal.http.pipeline.stages.RetryableStage2.execute(RetryableStage2.java:56)
	at software.amazon.awssdk.core.internal.http.pipeline.stages.RetryableStage2.execute(RetryableStage2.java:36)
	at software.amazon.awssdk.core.internal.http.pipeline.RequestPipelineBuilder$ComposingRequestPipelineStage.execute(RequestPipelineBuilder.java:206)
	at software.amazon.awssdk.core.internal.http.StreamManagingStage.execute(StreamManagingStage.java:53)
	at software.amazon.awssdk.core.internal.http.StreamManagingStage.execute(StreamManagingStage.java:35)
	at software.amazon.awssdk.core.internal.http.pipeline.stages.ApiCallTimeoutTrackingStage.executeWithTimer(ApiCallTimeoutTrackingStage.java:82)
	at software.amazon.awssdk.core.internal.http.pipeline.stages.ApiCallTimeoutTrackingStage.execute(ApiCallTimeoutTrackingStage.java:62)
	at software.amazon.awssdk.core.internal.http.pipeline.stages.ApiCallTimeoutTrackingStage.execute(ApiCallTimeoutTrackingStage.java:43)
	at software.amazon.awssdk.core.internal.http.pipeline.stages.ApiCallMetricCollectionStage.execute(ApiCallMetricCollectionStage.java:50)
	at software.amazon.awssdk.core.internal.http.pipeline.stages.ApiCallMetricCollectionStage.execute(ApiCallMetricCollectionStage.java:32)
	at software.amazon.awssdk.core.internal.http.pipeline.RequestPipelineBuilder$ComposingRequestPipelineStage.execute(RequestPipelineBuilder.java:206)
	at software.amazon.awssdk.core.internal.http.pipeline.RequestPipelineBuilder$ComposingRequestPipelineStage.execute(RequestPipelineBuilder.java:206)
	at software.amazon.awssdk.core.internal.http.pipeline.stages.ExecutionFailureExceptionReportingStage.execute(ExecutionFailureExceptionReportingStage.java:37)
	at software.amazon.awssdk.core.internal.http.pipeline.stages.ExecutionFailureExceptionReportingStage.execute(ExecutionFailureExceptionReportingStage.java:26)
	at software.amazon.awssdk.core.internal.http.AmazonSyncHttpClient$RequestExecutionBuilderImpl.execute(AmazonSyncHttpClient.java:210)
	at software.amazon.awssdk.core.internal.handler.BaseSyncClientHandler.invoke(BaseSyncClientHandler.java:103)
	at software.amazon.awssdk.core.internal.handler.BaseSyncClientHandler.doExecute(BaseSyncClientHandler.java:173)
	at software.amazon.awssdk.core.internal.handler.BaseSyncClientHandler.lambda$execute$0(BaseSyncClientHandler.java:66)
	at software.amazon.awssdk.core.internal.handler.BaseSyncClientHandler.measureApiCallSuccess(BaseSyncClientHandler.java:182)
	at software.amazon.awssdk.core.internal.handler.BaseSyncClientHandler.execute(BaseSyncClientHandler.java:60)
	at software.amazon.awssdk.core.client.handler.SdkSyncClientHandler.execute(SdkSyncClientHandler.java:52)
	at software.amazon.awssdk.awscore.client.handler.AwsSyncClientHandler.execute(AwsSyncClientHandler.java:60)
	at software.amazon.awssdk.services.s3.DefaultS3Client.getObject(DefaultS3Client.java:5404)
	at software.amazon.awssdk.services.s3.S3Client.getObject(S3Client.java:9482)
	at com.example.ms_report_async.infraestructure.s3.S3Adapter.download(S3Adapter.java:40)
	at com.example.ms_report_async.application.usecase.ProcessImportFileUseCaseImpl.execute(ProcessImportFileUseCaseImpl.java:41)
	at com.example.ms_report_async.infraestructure.async.RabbitImportListener.receive(RabbitImportListener.java:35)
	at java.base/jdk.internal.reflect.DirectMethodHandleAccessor.invoke(DirectMethodHandleAccessor.java:103)
	at java.base/java.lang.reflect.Method.invoke(Method.java:580)
	at org.springframework.messaging.handler.invocation.InvocableHandlerMethod.doInvoke(InvocableHandlerMethod.java:168)
	at org.springframework.amqp.rabbit.listener.adapter.KotlinAwareInvocableHandlerMethod.doInvoke(KotlinAwareInvocableHandlerMethod.java:47)
	at org.springframework.messaging.handler.invocation.InvocableHandlerMethod.invoke(InvocableHandlerMethod.java:119)
	at org.springframework.amqp.rabbit.listener.adapter.HandlerAdapter.invoke(HandlerAdapter.java:83)
	at org.springframework.amqp.rabbit.listener.adapter.MessagingMessageListenerAdapter.invokeHandler(MessagingMessageListenerAdapter.java:287)
	at org.springframework.amqp.rabbit.listener.adapter.MessagingMessageListenerAdapter.invokeHandlerAndProcessResult(MessagingMessageListenerAdapter.java:233)
	at org.springframework.amqp.rabbit.listener.adapter.MessagingMessageListenerAdapter.onMessage(MessagingMessageListenerAdapter.java:157)
	at org.springframework.amqp.rabbit.listener.AbstractMessageListenerContainer.doInvokeListener(AbstractMessageListenerContainer.java:1683)
	at org.springframework.amqp.rabbit.listener.AbstractMessageListenerContainer.actualInvokeListener(AbstractMessageListenerContainer.java:1612)
	at java.base/jdk.internal.reflect.DirectMethodHandleAccessor.invoke(DirectMethodHandleAccessor.java:103)
	at java.base/java.lang.reflect.Method.invoke(Method.java:580)
	at org.springframework.aop.support.AopUtils.invokeJoinpointUsingReflection(AopUtils.java:359)
	at org.springframework.aop.framework.ReflectiveMethodInvocation.invokeJoinpoint(ReflectiveMethodInvocation.java:190)
	at org.springframework.aop.framework.ReflectiveMethodInvocation.proceed(ReflectiveMethodInvocation.java:158)
	at org.springframework.core.retry.RetryTemplate.execute(RetryTemplate.java:135)
	at org.springframework.amqp.rabbit.config.StatelessRetryOperationsInterceptor.invoke(StatelessRetryOperationsInterceptor.java:57)
	at org.springframework.aop.framework.ReflectiveMethodInvocation.proceed(ReflectiveMethodInvocation.java:179)
	at org.springframework.aop.framework.JdkDynamicAopProxy.invoke(JdkDynamicAopProxy.java:222)
	at org.springframework.amqp.rabbit.listener.$Proxy112.invokeListener(Unknown Source)
	at org.springframework.amqp.rabbit.listener.AbstractMessageListenerContainer.invokeListener(AbstractMessageListenerContainer.java:1599)
	at org.springframework.amqp.rabbit.listener.AbstractMessageListenerContainer.doExecuteListener(AbstractMessageListenerContainer.java:1590)
	at org.springframework.amqp.rabbit.listener.AbstractMessageListenerContainer.executeListenerAndHandleException(AbstractMessageListenerContainer.java:1539)
	at org.springframework.amqp.rabbit.listener.AbstractMessageListenerContainer.executeListener(AbstractMessageListenerContainer.java:1520)
	at org.springframework.amqp.rabbit.listener.SimpleMessageListenerContainer.doReceiveAndExecute(SimpleMessageListenerContainer.java:1116)
	at org.springframework.amqp.rabbit.listener.SimpleMessageListenerContainer.receiveAndExecute(SimpleMessageListenerContainer.java:1061)
	at org.springframework.amqp.rabbit.listener.SimpleMessageListenerContainer$AsyncMessageProcessingConsumer.mainLoop(SimpleMessageListenerContainer.java:1465)
	at org.springframework.amqp.rabbit.listener.SimpleMessageListenerContainer$AsyncMessageProcessingConsumer.run(SimpleMessageListenerContainer.java:1359)
	at java.base/java.lang.Thread.run(Thread.java:1583)
2026-03-10 20:26:39.933 [org.springframework.amqp.rabbit.RabbitListenerEndpointContainer#0-1] ERROR c.e.m.a.u.ProcessImportFileUseCaseImpl [] - Erro ao processar arquivo. JobId: 63f9af82-fd06-41fa-850d-19dd2c251c70, FileKey: estatisticas_di_2025_10-12_trusted.csv, DuracaoMs: 3085
software.amazon.awssdk.services.s3.model.S3Exception: User: arn:aws:sts::822696479830:assumed-role/voclabs/user3869980=guilherme.figueiredo@sptech.school is not authorized to perform: s3:GetObject on resource: "arn:aws:s3:::brinks-bucket-1/estatisticas_di_2025_10-12_trusted.csv" with an explicit deny in an identity-based policy (Service: S3, Status Code: 403, Request ID: 3MBJJW683PMH7QK5, Extended Request ID: bovd2MzNWv8KTrs3KT7hp8TqrnxWs1uaFoQd/aBhwlSfBkVMGLRSv+bBpIxX8MwSeN+7G+KhXgU=)
	at software.amazon.awssdk.core.internal.http.CombinedResponseHandler.handleErrorResponse(CombinedResponseHandler.java:125)
	at software.amazon.awssdk.core.internal.http.CombinedResponseHandler.handleResponse(CombinedResponseHandler.java:82)
	at software.amazon.awssdk.core.internal.http.CombinedResponseHandler.handle(CombinedResponseHandler.java:60)
	at software.amazon.awssdk.core.internal.http.CombinedResponseHandler.handle(CombinedResponseHandler.java:41)
	at software.amazon.awssdk.core.internal.http.pipeline.stages.HandleResponseStage.execute(HandleResponseStage.java:50)
	at software.amazon.awssdk.core.internal.http.pipeline.stages.HandleResponseStage.execute(HandleResponseStage.java:38)
	at software.amazon.awssdk.core.internal.http.pipeline.RequestPipelineBuilder$ComposingRequestPipelineStage.execute(RequestPipelineBuilder.java:206)
	at software.amazon.awssdk.core.internal.http.pipeline.stages.ApiCallAttemptTimeoutTrackingStage.execute(ApiCallAttemptTimeoutTrackingStage.java:74)
	at software.amazon.awssdk.core.internal.http.pipeline.stages.ApiCallAttemptTimeoutTrackingStage.execute(ApiCallAttemptTimeoutTrackingStage.java:43)
	at software.amazon.awssdk.core.internal.http.pipeline.stages.TimeoutExceptionHandlingStage.execute(TimeoutExceptionHandlingStage.java:79)
	at software.amazon.awssdk.core.internal.http.pipeline.stages.TimeoutExceptionHandlingStage.execute(TimeoutExceptionHandlingStage.java:41)
	at software.amazon.awssdk.core.internal.http.pipeline.stages.ApiCallAttemptMetricCollectionStage.execute(ApiCallAttemptMetricCollectionStage.java:55)
	at software.amazon.awssdk.core.internal.http.pipeline.stages.ApiCallAttemptMetricCollectionStage.execute(ApiCallAttemptMetricCollectionStage.java:39)
	at software.amazon.awssdk.core.internal.http.pipeline.stages.RetryableStage2.executeRequest(RetryableStage2.java:93)
	at software.amazon.awssdk.core.internal.http.pipeline.stages.RetryableStage2.execute(RetryableStage2.java:56)
	at software.amazon.awssdk.core.internal.http.pipeline.stages.RetryableStage2.execute(RetryableStage2.java:36)
	at software.amazon.awssdk.core.internal.http.pipeline.RequestPipelineBuilder$ComposingRequestPipelineStage.execute(RequestPipelineBuilder.java:206)
	at software.amazon.awssdk.core.internal.http.StreamManagingStage.execute(StreamManagingStage.java:53)
	at software.amazon.awssdk.core.internal.http.StreamManagingStage.execute(StreamManagingStage.java:35)
	at software.amazon.awssdk.core.internal.http.pipeline.stages.ApiCallTimeoutTrackingStage.executeWithTimer(ApiCallTimeoutTrackingStage.java:82)
	at software.amazon.awssdk.core.internal.http.pipeline.stages.ApiCallTimeoutTrackingStage.execute(ApiCallTimeoutTrackingStage.java:62)
	at software.amazon.awssdk.core.internal.http.pipeline.stages.ApiCallTimeoutTrackingStage.execute(ApiCallTimeoutTrackingStage.java:43)
	at software.amazon.awssdk.core.internal.http.pipeline.stages.ApiCallMetricCollectionStage.execute(ApiCallMetricCollectionStage.java:50)
	at software.amazon.awssdk.core.internal.http.pipeline.stages.ApiCallMetricCollectionStage.execute(ApiCallMetricCollectionStage.java:32)
	at software.amazon.awssdk.core.internal.http.pipeline.RequestPipelineBuilder$ComposingRequestPipelineStage.execute(RequestPipelineBuilder.java:206)
	at software.amazon.awssdk.core.internal.http.pipeline.RequestPipelineBuilder$ComposingRequestPipelineStage.execute(RequestPipelineBuilder.java:206)
	at software.amazon.awssdk.core.internal.http.pipeline.stages.ExecutionFailureExceptionReportingStage.execute(ExecutionFailureExceptionReportingStage.java:37)
	at software.amazon.awssdk.core.internal.http.pipeline.stages.ExecutionFailureExceptionReportingStage.execute(ExecutionFailureExceptionReportingStage.java:26)
	at software.amazon.awssdk.core.internal.http.AmazonSyncHttpClient$RequestExecutionBuilderImpl.execute(AmazonSyncHttpClient.java:210)
	at software.amazon.awssdk.core.internal.handler.BaseSyncClientHandler.invoke(BaseSyncClientHandler.java:103)
	at software.amazon.awssdk.core.internal.handler.BaseSyncClientHandler.doExecute(BaseSyncClientHandler.java:173)
	at software.amazon.awssdk.core.internal.handler.BaseSyncClientHandler.lambda$execute$0(BaseSyncClientHandler.java:66)
	at software.amazon.awssdk.core.internal.handler.BaseSyncClientHandler.measureApiCallSuccess(BaseSyncClientHandler.java:182)
	at software.amazon.awssdk.core.internal.handler.BaseSyncClientHandler.execute(BaseSyncClientHandler.java:60)
	at software.amazon.awssdk.core.client.handler.SdkSyncClientHandler.execute(SdkSyncClientHandler.java:52)
	at software.amazon.awssdk.awscore.client.handler.AwsSyncClientHandler.execute(AwsSyncClientHandler.java:60)
	at software.amazon.awssdk.services.s3.DefaultS3Client.getObject(DefaultS3Client.java:5404)
	at software.amazon.awssdk.services.s3.S3Client.getObject(S3Client.java:9482)
	at com.example.ms_report_async.infraestructure.s3.S3Adapter.download(S3Adapter.java:40)
	at com.example.ms_report_async.application.usecase.ProcessImportFileUseCaseImpl.execute(ProcessImportFileUseCaseImpl.java:41)
	at com.example.ms_report_async.infraestructure.async.RabbitImportListener.receive(RabbitImportListener.java:35)
	at java.base/jdk.internal.reflect.DirectMethodHandleAccessor.invoke(DirectMethodHandleAccessor.java:103)
	at java.base/java.lang.reflect.Method.invoke(Method.java:580)
	at org.springframework.messaging.handler.invocation.InvocableHandlerMethod.doInvoke(InvocableHandlerMethod.java:168)
	at org.springframework.amqp.rabbit.listener.adapter.KotlinAwareInvocableHandlerMethod.doInvoke(KotlinAwareInvocableHandlerMethod.java:47)
	at org.springframework.messaging.handler.invocation.InvocableHandlerMethod.invoke(InvocableHandlerMethod.java:119)
	at org.springframework.amqp.rabbit.listener.adapter.HandlerAdapter.invoke(HandlerAdapter.java:83)
	at org.springframework.amqp.rabbit.listener.adapter.MessagingMessageListenerAdapter.invokeHandler(MessagingMessageListenerAdapter.java:287)
	at org.springframework.amqp.rabbit.listener.adapter.MessagingMessageListenerAdapter.invokeHandlerAndProcessResult(MessagingMessageListenerAdapter.java:233)
	at org.springframework.amqp.rabbit.listener.adapter.MessagingMessageListenerAdapter.onMessage(MessagingMessageListenerAdapter.java:157)
	at org.springframework.amqp.rabbit.listener.AbstractMessageListenerContainer.doInvokeListener(AbstractMessageListenerContainer.java:1683)
	at org.springframework.amqp.rabbit.listener.AbstractMessageListenerContainer.actualInvokeListener(AbstractMessageListenerContainer.java:1612)
	at java.base/jdk.internal.reflect.DirectMethodHandleAccessor.invoke(DirectMethodHandleAccessor.java:103)
	at java.base/java.lang.reflect.Method.invoke(Method.java:580)
	at org.springframework.aop.support.AopUtils.invokeJoinpointUsingReflection(AopUtils.java:359)
	at org.springframework.aop.framework.ReflectiveMethodInvocation.invokeJoinpoint(ReflectiveMethodInvocation.java:190)
	at org.springframework.aop.framework.ReflectiveMethodInvocation.proceed(ReflectiveMethodInvocation.java:158)
	at org.springframework.core.retry.RetryTemplate.execute(RetryTemplate.java:135)
	at org.springframework.amqp.rabbit.config.StatelessRetryOperationsInterceptor.invoke(StatelessRetryOperationsInterceptor.java:57)
	at org.springframework.aop.framework.ReflectiveMethodInvocation.proceed(ReflectiveMethodInvocation.java:179)
	at org.springframework.aop.framework.JdkDynamicAopProxy.invoke(JdkDynamicAopProxy.java:222)
	at org.springframework.amqp.rabbit.listener.$Proxy112.invokeListener(Unknown Source)
	at org.springframework.amqp.rabbit.listener.AbstractMessageListenerContainer.invokeListener(AbstractMessageListenerContainer.java:1599)
	at org.springframework.amqp.rabbit.listener.AbstractMessageListenerContainer.doExecuteListener(AbstractMessageListenerContainer.java:1590)
	at org.springframework.amqp.rabbit.listener.AbstractMessageListenerContainer.executeListenerAndHandleException(AbstractMessageListenerContainer.java:1539)
	at org.springframework.amqp.rabbit.listener.AbstractMessageListenerContainer.executeListener(AbstractMessageListenerContainer.java:1520)
	at org.springframework.amqp.rabbit.listener.SimpleMessageListenerContainer.doReceiveAndExecute(SimpleMessageListenerContainer.java:1116)
	at org.springframework.amqp.rabbit.listener.SimpleMessageListenerContainer.receiveAndExecute(SimpleMessageListenerContainer.java:1061)
	at org.springframework.amqp.rabbit.listener.SimpleMessageListenerContainer$AsyncMessageProcessingConsumer.mainLoop(SimpleMessageListenerContainer.java:1465)
	at org.springframework.amqp.rabbit.listener.SimpleMessageListenerContainer$AsyncMessageProcessingConsumer.run(SimpleMessageListenerContainer.java:1359)
	at java.base/java.lang.Thread.run(Thread.java:1583)
2026-03-10 20:26:39.936 [org.springframework.amqp.rabbit.RabbitListenerEndpointContainer#0-1] ERROR c.e.m.i.async.RabbitImportListener [] - Erro ao processar mensagem JSON: {"jobId":"63f9af82-fd06-41fa-850d-19dd2c251c70", "fileKey":"estatisticas_di_2025_10-12_trusted.csv"}
java.lang.RuntimeException: Falha ao processar arquivo: estatisticas_di_2025_10-12_trusted.csv
	at com.example.ms_report_async.application.usecase.ProcessImportFileUseCaseImpl.execute(ProcessImportFileUseCaseImpl.java:61)
	at com.example.ms_report_async.infraestructure.async.RabbitImportListener.receive(RabbitImportListener.java:35)
	at java.base/jdk.internal.reflect.DirectMethodHandleAccessor.invoke(DirectMethodHandleAccessor.java:103)
	at java.base/java.lang.reflect.Method.invoke(Method.java:580)
	at org.springframework.messaging.handler.invocation.InvocableHandlerMethod.doInvoke(InvocableHandlerMethod.java:168)
	at org.springframework.amqp.rabbit.listener.adapter.KotlinAwareInvocableHandlerMethod.doInvoke(KotlinAwareInvocableHandlerMethod.java:47)
	at org.springframework.messaging.handler.invocation.InvocableHandlerMethod.invoke(InvocableHandlerMethod.java:119)
	at org.springframework.amqp.rabbit.listener.adapter.HandlerAdapter.invoke(HandlerAdapter.java:83)
	at org.springframework.amqp.rabbit.listener.adapter.MessagingMessageListenerAdapter.invokeHandler(MessagingMessageListenerAdapter.java:287)
	at org.springframework.amqp.rabbit.listener.adapter.MessagingMessageListenerAdapter.invokeHandlerAndProcessResult(MessagingMessageListenerAdapter.java:233)
	at org.springframework.amqp.rabbit.listener.adapter.MessagingMessageListenerAdapter.onMessage(MessagingMessageListenerAdapter.java:157)
	at org.springframework.amqp.rabbit.listener.AbstractMessageListenerContainer.doInvokeListener(AbstractMessageListenerContainer.java:1683)
	at org.springframework.amqp.rabbit.listener.AbstractMessageListenerContainer.actualInvokeListener(AbstractMessageListenerContainer.java:1612)
	at java.base/jdk.internal.reflect.DirectMethodHandleAccessor.invoke(DirectMethodHandleAccessor.java:103)
	at java.base/java.lang.reflect.Method.invoke(Method.java:580)
	at org.springframework.aop.support.AopUtils.invokeJoinpointUsingReflection(AopUtils.java:359)
	at org.springframework.aop.framework.ReflectiveMethodInvocation.invokeJoinpoint(ReflectiveMethodInvocation.java:190)
	at org.springframework.aop.framework.ReflectiveMethodInvocation.proceed(ReflectiveMethodInvocation.java:158)
	at org.springframework.core.retry.RetryTemplate.execute(RetryTemplate.java:135)
	at org.springframework.amqp.rabbit.config.StatelessRetryOperationsInterceptor.invoke(StatelessRetryOperationsInterceptor.java:57)
	at org.springframework.aop.framework.ReflectiveMethodInvocation.proceed(ReflectiveMethodInvocation.java:179)
	at org.springframework.aop.framework.JdkDynamicAopProxy.invoke(JdkDynamicAopProxy.java:222)
	at org.springframework.amqp.rabbit.listener.$Proxy112.invokeListener(Unknown Source)
	at org.springframework.amqp.rabbit.listener.AbstractMessageListenerContainer.invokeListener(AbstractMessageListenerContainer.java:1599)
	at org.springframework.amqp.rabbit.listener.AbstractMessageListenerContainer.doExecuteListener(AbstractMessageListenerContainer.java:1590)
	at org.springframework.amqp.rabbit.listener.AbstractMessageListenerContainer.executeListenerAndHandleException(AbstractMessageListenerContainer.java:1539)
	at org.springframework.amqp.rabbit.listener.AbstractMessageListenerContainer.executeListener(AbstractMessageListenerContainer.java:1520)
	at org.springframework.amqp.rabbit.listener.SimpleMessageListenerContainer.doReceiveAndExecute(SimpleMessageListenerContainer.java:1116)
	at org.springframework.amqp.rabbit.listener.SimpleMessageListenerContainer.receiveAndExecute(SimpleMessageListenerContainer.java:1061)
	at org.springframework.amqp.rabbit.listener.SimpleMessageListenerContainer$AsyncMessageProcessingConsumer.mainLoop(SimpleMessageListenerContainer.java:1465)
	at org.springframework.amqp.rabbit.listener.SimpleMessageListenerContainer$AsyncMessageProcessingConsumer.run(SimpleMessageListenerContainer.java:1359)
	at java.base/java.lang.Thread.run(Thread.java:1583)
Caused by: software.amazon.awssdk.services.s3.model.S3Exception: User: arn:aws:sts::822696479830:assumed-role/voclabs/user3869980=guilherme.figueiredo@sptech.school is not authorized to perform: s3:GetObject on resource: "arn:aws:s3:::brinks-bucket-1/estatisticas_di_2025_10-12_trusted.csv" with an explicit deny in an identity-based policy (Service: S3, Status Code: 403, Request ID: 3MBJJW683PMH7QK5, Extended Request ID: bovd2MzNWv8KTrs3KT7hp8TqrnxWs1uaFoQd/aBhwlSfBkVMGLRSv+bBpIxX8MwSeN+7G+KhXgU=)
	at software.amazon.awssdk.core.internal.http.CombinedResponseHandler.handleErrorResponse(CombinedResponseHandler.java:125)
	at software.amazon.awssdk.core.internal.http.CombinedResponseHandler.handleResponse(CombinedResponseHandler.java:82)
	at software.amazon.awssdk.core.internal.http.CombinedResponseHandler.handle(CombinedResponseHandler.java:60)
	at software.amazon.awssdk.core.internal.http.CombinedResponseHandler.handle(CombinedResponseHandler.java:41)
	at software.amazon.awssdk.core.internal.http.pipeline.stages.HandleResponseStage.execute(HandleResponseStage.java:50)
	at software.amazon.awssdk.core.internal.http.pipeline.stages.HandleResponseStage.execute(HandleResponseStage.java:38)
	at software.amazon.awssdk.core.internal.http.pipeline.RequestPipelineBuilder$ComposingRequestPipelineStage.execute(RequestPipelineBuilder.java:206)
	at software.amazon.awssdk.core.internal.http.pipeline.stages.ApiCallAttemptTimeoutTrackingStage.execute(ApiCallAttemptTimeoutTrackingStage.java:74)
	at software.amazon.awssdk.core.internal.http.pipeline.stages.ApiCallAttemptTimeoutTrackingStage.execute(ApiCallAttemptTimeoutTrackingStage.java:43)
	at software.amazon.awssdk.core.internal.http.pipeline.stages.TimeoutExceptionHandlingStage.execute(TimeoutExceptionHandlingStage.java:79)
	at software.amazon.awssdk.core.internal.http.pipeline.stages.TimeoutExceptionHandlingStage.execute(TimeoutExceptionHandlingStage.java:41)
	at software.amazon.awssdk.core.internal.http.pipeline.stages.ApiCallAttemptMetricCollectionStage.execute(ApiCallAttemptMetricCollectionStage.java:55)
	at software.amazon.awssdk.core.internal.http.pipeline.stages.ApiCallAttemptMetricCollectionStage.execute(ApiCallAttemptMetricCollectionStage.java:39)
	at software.amazon.awssdk.core.internal.http.pipeline.stages.RetryableStage2.executeRequest(RetryableStage2.java:93)
	at software.amazon.awssdk.core.internal.http.pipeline.stages.RetryableStage2.execute(RetryableStage2.java:56)
	at software.amazon.awssdk.core.internal.http.pipeline.stages.RetryableStage2.execute(RetryableStage2.java:36)
	at software.amazon.awssdk.core.internal.http.pipeline.RequestPipelineBuilder$ComposingRequestPipelineStage.execute(RequestPipelineBuilder.java:206)
	at software.amazon.awssdk.core.internal.http.StreamManagingStage.execute(StreamManagingStage.java:53)
	at software.amazon.awssdk.core.internal.http.StreamManagingStage.execute(StreamManagingStage.java:35)
	at software.amazon.awssdk.core.internal.http.pipeline.stages.ApiCallTimeoutTrackingStage.executeWithTimer(ApiCallTimeoutTrackingStage.java:82)
	at software.amazon.awssdk.core.internal.http.pipeline.stages.ApiCallTimeoutTrackingStage.execute(ApiCallTimeoutTrackingStage.java:62)
	at software.amazon.awssdk.core.internal.http.pipeline.stages.ApiCallTimeoutTrackingStage.execute(ApiCallTimeoutTrackingStage.java:43)
	at software.amazon.awssdk.core.internal.http.pipeline.stages.ApiCallMetricCollectionStage.execute(ApiCallMetricCollectionStage.java:50)
	at software.amazon.awssdk.core.internal.http.pipeline.stages.ApiCallMetricCollectionStage.execute(ApiCallMetricCollectionStage.java:32)
	at software.amazon.awssdk.core.internal.http.pipeline.RequestPipelineBuilder$ComposingRequestPipelineStage.execute(RequestPipelineBuilder.java:206)
	at software.amazon.awssdk.core.internal.http.pipeline.RequestPipelineBuilder$ComposingRequestPipelineStage.execute(RequestPipelineBuilder.java:206)
	at software.amazon.awssdk.core.internal.http.pipeline.stages.ExecutionFailureExceptionReportingStage.execute(ExecutionFailureExceptionReportingStage.java:37)
	at software.amazon.awssdk.core.internal.http.pipeline.stages.ExecutionFailureExceptionReportingStage.execute(ExecutionFailureExceptionReportingStage.java:26)
	at software.amazon.awssdk.core.internal.http.AmazonSyncHttpClient$RequestExecutionBuilderImpl.execute(AmazonSyncHttpClient.java:210)
	at software.amazon.awssdk.core.internal.handler.BaseSyncClientHandler.invoke(BaseSyncClientHandler.java:103)
	at software.amazon.awssdk.core.internal.handler.BaseSyncClientHandler.doExecute(BaseSyncClientHandler.java:173)
	at software.amazon.awssdk.core.internal.handler.BaseSyncClientHandler.lambda$execute$0(BaseSyncClientHandler.java:66)
	at software.amazon.awssdk.core.internal.handler.BaseSyncClientHandler.measureApiCallSuccess(BaseSyncClientHandler.java:182)
	at software.amazon.awssdk.core.internal.handler.BaseSyncClientHandler.execute(BaseSyncClientHandler.java:60)
	at software.amazon.awssdk.core.client.handler.SdkSyncClientHandler.execute(SdkSyncClientHandler.java:52)
	at software.amazon.awssdk.awscore.client.handler.AwsSyncClientHandler.execute(AwsSyncClientHandler.java:60)
	at software.amazon.awssdk.services.s3.DefaultS3Client.getObject(DefaultS3Client.java:5404)
	at software.amazon.awssdk.services.s3.S3Client.getObject(S3Client.java:9482)
	at com.example.ms_report_async.infraestructure.s3.S3Adapter.download(S3Adapter.java:40)
	at com.example.ms_report_async.application.usecase.ProcessImportFileUseCaseImpl.execute(ProcessImportFileUseCaseImpl.java:41)
	... 31 common frames omitted
2026-03-10 20:26:40.950 [org.springframework.amqp.rabbit.RabbitListenerEndpointContainer#0-1] DEBUG o.s.a.r.l.a.MessagingMessageListenerAdapter [] - Processing [GenericMessage [payload={"jobId":"63f9af82-fd06-41fa-850d-19dd2c251c70", "fileKey":"estatisticas_di_2025_10-12_trusted.csv"}, headers={amqp_receivedDeliveryMode=PERSISTENT, amqp_receivedExchange=import_exchange3, amqp_deliveryTag=1, amqp_consumerQueue=import_csv_queue3, amqp_redelivered=false, amqp_receivedRoutingKey=import.csv3, amqp_contentEncoding=UTF-8, amqp_retryCount=0, id=d3467b1c-8948-762f-da2a-30385d0eaff5, amqp_consumerTag=amq.ctag-9Zh49KHdRCKJfmqDy1rNdQ, amqp_lastInBatch=false, contentType=text/plain, timestamp=1773185200950}]]
2026-03-10 20:26:40.950 [org.springframework.amqp.rabbit.RabbitListenerEndpointContainer#0-1] INFO  c.e.m.i.async.RabbitImportListener [] - Mensagem recebida do RabbitMQ: {"jobId":"63f9af82-fd06-41fa-850d-19dd2c251c70", "fileKey":"estatisticas_di_2025_10-12_trusted.csv"}
2026-03-10 20:26:40.951 [org.springframework.amqp.rabbit.RabbitListenerEndpointContainer#0-1] DEBUG c.e.m.i.async.RabbitImportListener [] - Iniciando processamento. JobId: 63f9af82-fd06-41fa-850d-19dd2c251c70, FileKey: estatisticas_di_2025_10-12_trusted.csv
2026-03-10 20:26:40.951 [org.springframework.amqp.rabbit.RabbitListenerEndpointContainer#0-1] INFO  c.e.m.a.u.ProcessImportFileUseCaseImpl [] - Iniciando processamento do arquivo. JobId: 63f9af82-fd06-41fa-850d-19dd2c251c70, FileKey: estatisticas_di_2025_10-12_trusted.csv, Bucket: brinks-bucket-1
2026-03-10 20:26:40.951 [org.springframework.amqp.rabbit.RabbitListenerEndpointContainer#0-1] INFO  c.e.m.infraestructure.s3.S3Adapter [] - Iniciando download do S3. Bucket: brinks-bucket-1, Key: estatisticas_di_2025_10-12_trusted.csv
2026-03-10 20:26:41.268 [org.springframework.amqp.rabbit.RabbitListenerEndpointContainer#0-1] ERROR c.e.m.infraestructure.s3.S3Adapter [] - Erro ao fazer download do S3. Bucket: brinks-bucket-1, Key: estatisticas_di_2025_10-12_trusted.csv
software.amazon.awssdk.services.s3.model.S3Exception: User: arn:aws:sts::822696479830:assumed-role/voclabs/user3869980=guilherme.figueiredo@sptech.school is not authorized to perform: s3:GetObject on resource: "arn:aws:s3:::brinks-bucket-1/estatisticas_di_2025_10-12_trusted.csv" with an explicit deny in an identity-based policy (Service: S3, Status Code: 403, Request ID: DFGG0AVS7CZG37MS, Extended Request ID: xjHuX/lMdRkgVNqeEEc4JsZEn4vjl/YAYL/nBLbNdXYNo93Ig+m1jGbW31tCWoGCnJ+0uhW46w0=)
	at software.amazon.awssdk.core.internal.http.CombinedResponseHandler.handleErrorResponse(CombinedResponseHandler.java:125)
	at software.amazon.awssdk.core.internal.http.CombinedResponseHandler.handleResponse(CombinedResponseHandler.java:82)
	at software.amazon.awssdk.core.internal.http.CombinedResponseHandler.handle(CombinedResponseHandler.java:60)
	at software.amazon.awssdk.core.internal.http.CombinedResponseHandler.handle(CombinedResponseHandler.java:41)
	at software.amazon.awssdk.core.internal.http.pipeline.stages.HandleResponseStage.execute(HandleResponseStage.java:50)
	at software.amazon.awssdk.core.internal.http.pipeline.stages.HandleResponseStage.execute(HandleResponseStage.java:38)
	at software.amazon.awssdk.core.internal.http.pipeline.RequestPipelineBuilder$ComposingRequestPipelineStage.execute(RequestPipelineBuilder.java:206)
	at software.amazon.awssdk.core.internal.http.pipeline.stages.ApiCallAttemptTimeoutTrackingStage.execute(ApiCallAttemptTimeoutTrackingStage.java:74)
	at software.amazon.awssdk.core.internal.http.pipeline.stages.ApiCallAttemptTimeoutTrackingStage.execute(ApiCallAttemptTimeoutTrackingStage.java:43)
	at software.amazon.awssdk.core.internal.http.pipeline.stages.TimeoutExceptionHandlingStage.execute(TimeoutExceptionHandlingStage.java:79)
	at software.amazon.awssdk.core.internal.http.pipeline.stages.TimeoutExceptionHandlingStage.execute(TimeoutExceptionHandlingStage.java:41)
	at software.amazon.awssdk.core.internal.http.pipeline.stages.ApiCallAttemptMetricCollectionStage.execute(ApiCallAttemptMetricCollectionStage.java:55)
	at software.amazon.awssdk.core.internal.http.pipeline.stages.ApiCallAttemptMetricCollectionStage.execute(ApiCallAttemptMetricCollectionStage.java:39)
	at software.amazon.awssdk.core.internal.http.pipeline.stages.RetryableStage2.executeRequest(RetryableStage2.java:93)
	at software.amazon.awssdk.core.internal.http.pipeline.stages.RetryableStage2.execute(RetryableStage2.java:56)
	at software.amazon.awssdk.core.internal.http.pipeline.stages.RetryableStage2.execute(RetryableStage2.java:36)
	at software.amazon.awssdk.core.internal.http.pipeline.RequestPipelineBuilder$ComposingRequestPipelineStage.execute(RequestPipelineBuilder.java:206)
	at software.amazon.awssdk.core.internal.http.StreamManagingStage.execute(StreamManagingStage.java:53)
	at software.amazon.awssdk.core.internal.http.StreamManagingStage.execute(StreamManagingStage.java:35)
	at software.amazon.awssdk.core.internal.http.pipeline.stages.ApiCallTimeoutTrackingStage.executeWithTimer(ApiCallTimeoutTrackingStage.java:82)
	at software.amazon.awssdk.core.internal.http.pipeline.stages.ApiCallTimeoutTrackingStage.execute(ApiCallTimeoutTrackingStage.java:62)
	at software.amazon.awssdk.core.internal.http.pipeline.stages.ApiCallTimeoutTrackingStage.execute(ApiCallTimeoutTrackingStage.java:43)
	at software.amazon.awssdk.core.internal.http.pipeline.stages.ApiCallMetricCollectionStage.execute(ApiCallMetricCollectionStage.java:50)
	at software.amazon.awssdk.core.internal.http.pipeline.stages.ApiCallMetricCollectionStage.execute(ApiCallMetricCollectionStage.java:32)
	at software.amazon.awssdk.core.internal.http.pipeline.RequestPipelineBuilder$ComposingRequestPipelineStage.execute(RequestPipelineBuilder.java:206)
	at software.amazon.awssdk.core.internal.http.pipeline.RequestPipelineBuilder$ComposingRequestPipelineStage.execute(RequestPipelineBuilder.java:206)
	at software.amazon.awssdk.core.internal.http.pipeline.stages.ExecutionFailureExceptionReportingStage.execute(ExecutionFailureExceptionReportingStage.java:37)
	at software.amazon.awssdk.core.internal.http.pipeline.stages.ExecutionFailureExceptionReportingStage.execute(ExecutionFailureExceptionReportingStage.java:26)
	at software.amazon.awssdk.core.internal.http.AmazonSyncHttpClient$RequestExecutionBuilderImpl.execute(AmazonSyncHttpClient.java:210)
	at software.amazon.awssdk.core.internal.handler.BaseSyncClientHandler.invoke(BaseSyncClientHandler.java:103)
	at software.amazon.awssdk.core.internal.handler.BaseSyncClientHandler.doExecute(BaseSyncClientHandler.java:173)
	at software.amazon.awssdk.core.internal.handler.BaseSyncClientHandler.lambda$execute$0(BaseSyncClientHandler.java:66)
	at software.amazon.awssdk.core.internal.handler.BaseSyncClientHandler.measureApiCallSuccess(BaseSyncClientHandler.java:182)
	at software.amazon.awssdk.core.internal.handler.BaseSyncClientHandler.execute(BaseSyncClientHandler.java:60)
	at software.amazon.awssdk.core.client.handler.SdkSyncClientHandler.execute(SdkSyncClientHandler.java:52)
	at software.amazon.awssdk.awscore.client.handler.AwsSyncClientHandler.execute(AwsSyncClientHandler.java:60)
	at software.amazon.awssdk.services.s3.DefaultS3Client.getObject(DefaultS3Client.java:5404)
	at software.amazon.awssdk.services.s3.S3Client.getObject(S3Client.java:9482)
	at com.example.ms_report_async.infraestructure.s3.S3Adapter.download(S3Adapter.java:40)
	at com.example.ms_report_async.application.usecase.ProcessImportFileUseCaseImpl.execute(ProcessImportFileUseCaseImpl.java:41)
	at com.example.ms_report_async.infraestructure.async.RabbitImportListener.receive(RabbitImportListener.java:35)
	at java.base/jdk.internal.reflect.DirectMethodHandleAccessor.invoke(DirectMethodHandleAccessor.java:103)
	at java.base/java.lang.reflect.Method.invoke(Method.java:580)
	at org.springframework.messaging.handler.invocation.InvocableHandlerMethod.doInvoke(InvocableHandlerMethod.java:168)
	at org.springframework.amqp.rabbit.listener.adapter.KotlinAwareInvocableHandlerMethod.doInvoke(KotlinAwareInvocableHandlerMethod.java:47)
	at org.springframework.messaging.handler.invocation.InvocableHandlerMethod.invoke(InvocableHandlerMethod.java:119)
	at org.springframework.amqp.rabbit.listener.adapter.HandlerAdapter.invoke(HandlerAdapter.java:83)
	at org.springframework.amqp.rabbit.listener.adapter.MessagingMessageListenerAdapter.invokeHandler(MessagingMessageListenerAdapter.java:287)
	at org.springframework.amqp.rabbit.listener.adapter.MessagingMessageListenerAdapter.invokeHandlerAndProcessResult(MessagingMessageListenerAdapter.java:233)
	at org.springframework.amqp.rabbit.listener.adapter.MessagingMessageListenerAdapter.onMessage(MessagingMessageListenerAdapter.java:157)
	at org.springframework.amqp.rabbit.listener.AbstractMessageListenerContainer.doInvokeListener(AbstractMessageListenerContainer.java:1683)
	at org.springframework.amqp.rabbit.listener.AbstractMessageListenerContainer.actualInvokeListener(AbstractMessageListenerContainer.java:1612)
	at java.base/jdk.internal.reflect.DirectMethodHandleAccessor.invoke(DirectMethodHandleAccessor.java:103)
	at java.base/java.lang.reflect.Method.invoke(Method.java:580)
	at org.springframework.aop.support.AopUtils.invokeJoinpointUsingReflection(AopUtils.java:359)
	at org.springframework.aop.framework.ReflectiveMethodInvocation.invokeJoinpoint(ReflectiveMethodInvocation.java:190)
	at org.springframework.aop.framework.ReflectiveMethodInvocation.proceed(ReflectiveMethodInvocation.java:158)
	at org.springframework.core.retry.RetryTemplate.execute(RetryTemplate.java:174)
	at org.springframework.amqp.rabbit.config.StatelessRetryOperationsInterceptor.invoke(StatelessRetryOperationsInterceptor.java:57)
	at org.springframework.aop.framework.ReflectiveMethodInvocation.proceed(ReflectiveMethodInvocation.java:179)
	at org.springframework.aop.framework.JdkDynamicAopProxy.invoke(JdkDynamicAopProxy.java:222)
	at org.springframework.amqp.rabbit.listener.$Proxy112.invokeListener(Unknown Source)
	at org.springframework.amqp.rabbit.listener.AbstractMessageListenerContainer.invokeListener(AbstractMessageListenerContainer.java:1599)
	at org.springframework.amqp.rabbit.listener.AbstractMessageListenerContainer.doExecuteListener(AbstractMessageListenerContainer.java:1590)
	at org.springframework.amqp.rabbit.listener.AbstractMessageListenerContainer.executeListenerAndHandleException(AbstractMessageListenerContainer.java:1539)
	at org.springframework.amqp.rabbit.listener.AbstractMessageListenerContainer.executeListener(AbstractMessageListenerContainer.java:1520)
	at org.springframework.amqp.rabbit.listener.SimpleMessageListenerContainer.doReceiveAndExecute(SimpleMessageListenerContainer.java:1116)
	at org.springframework.amqp.rabbit.listener.SimpleMessageListenerContainer.receiveAndExecute(SimpleMessageListenerContainer.java:1061)
	at org.springframework.amqp.rabbit.listener.SimpleMessageListenerContainer$AsyncMessageProcessingConsumer.mainLoop(SimpleMessageListenerContainer.java:1465)
	at org.springframework.amqp.rabbit.listener.SimpleMessageListenerContainer$AsyncMessageProcessingConsumer.run(SimpleMessageListenerContainer.java:1359)
	at java.base/java.lang.Thread.run(Thread.java:1583)
2026-03-10 20:26:41.269 [org.springframework.amqp.rabbit.RabbitListenerEndpointContainer#0-1] ERROR c.e.m.a.u.ProcessImportFileUseCaseImpl [] - Erro ao processar arquivo. JobId: 63f9af82-fd06-41fa-850d-19dd2c251c70, FileKey: estatisticas_di_2025_10-12_trusted.csv, DuracaoMs: 318
software.amazon.awssdk.services.s3.model.S3Exception: User: arn:aws:sts::822696479830:assumed-role/voclabs/user3869980=guilherme.figueiredo@sptech.school is not authorized to perform: s3:GetObject on resource: "arn:aws:s3:::brinks-bucket-1/estatisticas_di_2025_10-12_trusted.csv" with an explicit deny in an identity-based policy (Service: S3, Status Code: 403, Request ID: DFGG0AVS7CZG37MS, Extended Request ID: xjHuX/lMdRkgVNqeEEc4JsZEn4vjl/YAYL/nBLbNdXYNo93Ig+m1jGbW31tCWoGCnJ+0uhW46w0=)
	at software.amazon.awssdk.core.internal.http.CombinedResponseHandler.handleErrorResponse(CombinedResponseHandler.java:125)
	at software.amazon.awssdk.core.internal.http.CombinedResponseHandler.handleResponse(CombinedResponseHandler.java:82)
	at software.amazon.awssdk.core.internal.http.CombinedResponseHandler.handle(CombinedResponseHandler.java:60)
	at software.amazon.awssdk.core.internal.http.CombinedResponseHandler.handle(CombinedResponseHandler.java:41)
	at software.amazon.awssdk.core.internal.http.pipeline.stages.HandleResponseStage.execute(HandleResponseStage.java:50)
	at software.amazon.awssdk.core.internal.http.pipeline.stages.HandleResponseStage.execute(HandleResponseStage.java:38)
	at software.amazon.awssdk.core.internal.http.pipeline.RequestPipelineBuilder$ComposingRequestPipelineStage.execute(RequestPipelineBuilder.java:206)
	at software.amazon.awssdk.core.internal.http.pipeline.stages.ApiCallAttemptTimeoutTrackingStage.execute(ApiCallAttemptTimeoutTrackingStage.java:74)
	at software.amazon.awssdk.core.internal.http.pipeline.stages.ApiCallAttemptTimeoutTrackingStage.execute(ApiCallAttemptTimeoutTrackingStage.java:43)
	at software.amazon.awssdk.core.internal.http.pipeline.stages.TimeoutExceptionHandlingStage.execute(TimeoutExceptionHandlingStage.java:79)
	at software.amazon.awssdk.core.internal.http.pipeline.stages.TimeoutExceptionHandlingStage.execute(TimeoutExceptionHandlingStage.java:41)
	at software.amazon.awssdk.core.internal.http.pipeline.stages.ApiCallAttemptMetricCollectionStage.execute(ApiCallAttemptMetricCollectionStage.java:55)
	at software.amazon.awssdk.core.internal.http.pipeline.stages.ApiCallAttemptMetricCollectionStage.execute(ApiCallAttemptMetricCollectionStage.java:39)
	at software.amazon.awssdk.core.internal.http.pipeline.stages.RetryableStage2.executeRequest(RetryableStage2.java:93)
	at software.amazon.awssdk.core.internal.http.pipeline.stages.RetryableStage2.execute(RetryableStage2.java:56)
	at software.amazon.awssdk.core.internal.http.pipeline.stages.RetryableStage2.execute(RetryableStage2.java:36)
	at software.amazon.awssdk.core.internal.http.pipeline.RequestPipelineBuilder$ComposingRequestPipelineStage.execute(RequestPipelineBuilder.java:206)
	at software.amazon.awssdk.core.internal.http.StreamManagingStage.execute(StreamManagingStage.java:53)
	at software.amazon.awssdk.core.internal.http.StreamManagingStage.execute(StreamManagingStage.java:35)
	at software.amazon.awssdk.core.internal.http.pipeline.stages.ApiCallTimeoutTrackingStage.executeWithTimer(ApiCallTimeoutTrackingStage.java:82)
	at software.amazon.awssdk.core.internal.http.pipeline.stages.ApiCallTimeoutTrackingStage.execute(ApiCallTimeoutTrackingStage.java:62)
	at software.amazon.awssdk.core.internal.http.pipeline.stages.ApiCallTimeoutTrackingStage.execute(ApiCallTimeoutTrackingStage.java:43)
	at software.amazon.awssdk.core.internal.http.pipeline.stages.ApiCallMetricCollectionStage.execute(ApiCallMetricCollectionStage.java:50)
	at software.amazon.awssdk.core.internal.http.pipeline.stages.ApiCallMetricCollectionStage.execute(ApiCallMetricCollectionStage.java:32)
	at software.amazon.awssdk.core.internal.http.pipeline.RequestPipelineBuilder$ComposingRequestPipelineStage.execute(RequestPipelineBuilder.java:206)
	at software.amazon.awssdk.core.internal.http.pipeline.RequestPipelineBuilder$ComposingRequestPipelineStage.execute(RequestPipelineBuilder.java:206)
	at software.amazon.awssdk.core.internal.http.pipeline.stages.ExecutionFailureExceptionReportingStage.execute(ExecutionFailureExceptionReportingStage.java:37)
	at software.amazon.awssdk.core.internal.http.pipeline.stages.ExecutionFailureExceptionReportingStage.execute(ExecutionFailureExceptionReportingStage.java:26)
	at software.amazon.awssdk.core.internal.http.AmazonSyncHttpClient$RequestExecutionBuilderImpl.execute(AmazonSyncHttpClient.java:210)
	at software.amazon.awssdk.core.internal.handler.BaseSyncClientHandler.invoke(BaseSyncClientHandler.java:103)
	at software.amazon.awssdk.core.internal.handler.BaseSyncClientHandler.doExecute(BaseSyncClientHandler.java:173)
	at software.amazon.awssdk.core.internal.handler.BaseSyncClientHandler.lambda$execute$0(BaseSyncClientHandler.java:66)
	at software.amazon.awssdk.core.internal.handler.BaseSyncClientHandler.measureApiCallSuccess(BaseSyncClientHandler.java:182)
	at software.amazon.awssdk.core.internal.handler.BaseSyncClientHandler.execute(BaseSyncClientHandler.java:60)
	at software.amazon.awssdk.core.client.handler.SdkSyncClientHandler.execute(SdkSyncClientHandler.java:52)
	at software.amazon.awssdk.awscore.client.handler.AwsSyncClientHandler.execute(AwsSyncClientHandler.java:60)
	at software.amazon.awssdk.services.s3.DefaultS3Client.getObject(DefaultS3Client.java:5404)
	at software.amazon.awssdk.services.s3.S3Client.getObject(S3Client.java:9482)
	at com.example.ms_report_async.infraestructure.s3.S3Adapter.download(S3Adapter.java:40)
	at com.example.ms_report_async.application.usecase.ProcessImportFileUseCaseImpl.execute(ProcessImportFileUseCaseImpl.java:41)
	at com.example.ms_report_async.infraestructure.async.RabbitImportListener.receive(RabbitImportListener.java:35)
	at java.base/jdk.internal.reflect.DirectMethodHandleAccessor.invoke(DirectMethodHandleAccessor.java:103)
	at java.base/java.lang.reflect.Method.invoke(Method.java:580)
	at org.springframework.messaging.handler.invocation.InvocableHandlerMethod.doInvoke(InvocableHandlerMethod.java:168)
	at org.springframework.amqp.rabbit.listener.adapter.KotlinAwareInvocableHandlerMethod.doInvoke(KotlinAwareInvocableHandlerMethod.java:47)
	at org.springframework.messaging.handler.invocation.InvocableHandlerMethod.invoke(InvocableHandlerMethod.java:119)
	at org.springframework.amqp.rabbit.listener.adapter.HandlerAdapter.invoke(HandlerAdapter.java:83)
	at org.springframework.amqp.rabbit.listener.adapter.MessagingMessageListenerAdapter.invokeHandler(MessagingMessageListenerAdapter.java:287)
	at org.springframework.amqp.rabbit.listener.adapter.MessagingMessageListenerAdapter.invokeHandlerAndProcessResult(MessagingMessageListenerAdapter.java:233)
	at org.springframework.amqp.rabbit.listener.adapter.MessagingMessageListenerAdapter.onMessage(MessagingMessageListenerAdapter.java:157)
	at org.springframework.amqp.rabbit.listener.AbstractMessageListenerContainer.doInvokeListener(AbstractMessageListenerContainer.java:1683)
	at org.springframework.amqp.rabbit.listener.AbstractMessageListenerContainer.actualInvokeListener(AbstractMessageListenerContainer.java:1612)
	at java.base/jdk.internal.reflect.DirectMethodHandleAccessor.invoke(DirectMethodHandleAccessor.java:103)
	at java.base/java.lang.reflect.Method.invoke(Method.java:580)
	at org.springframework.aop.support.AopUtils.invokeJoinpointUsingReflection(AopUtils.java:359)
	at org.springframework.aop.framework.ReflectiveMethodInvocation.invokeJoinpoint(ReflectiveMethodInvocation.java:190)
	at org.springframework.aop.framework.ReflectiveMethodInvocation.proceed(ReflectiveMethodInvocation.java:158)
	at org.springframework.core.retry.RetryTemplate.execute(RetryTemplate.java:174)
	at org.springframework.amqp.rabbit.config.StatelessRetryOperationsInterceptor.invoke(StatelessRetryOperationsInterceptor.java:57)
	at org.springframework.aop.framework.ReflectiveMethodInvocation.proceed(ReflectiveMethodInvocation.java:179)
	at org.springframework.aop.framework.JdkDynamicAopProxy.invoke(JdkDynamicAopProxy.java:222)
	at org.springframework.amqp.rabbit.listener.$Proxy112.invokeListener(Unknown Source)
	at org.springframework.amqp.rabbit.listener.AbstractMessageListenerContainer.invokeListener(AbstractMessageListenerContainer.java:1599)
	at org.springframework.amqp.rabbit.listener.AbstractMessageListenerContainer.doExecuteListener(AbstractMessageListenerContainer.java:1590)
	at org.springframework.amqp.rabbit.listener.AbstractMessageListenerContainer.executeListenerAndHandleException(AbstractMessageListenerContainer.java:1539)
	at org.springframework.amqp.rabbit.listener.AbstractMessageListenerContainer.executeListener(AbstractMessageListenerContainer.java:1520)
	at org.springframework.amqp.rabbit.listener.SimpleMessageListenerContainer.doReceiveAndExecute(SimpleMessageListenerContainer.java:1116)
	at org.springframework.amqp.rabbit.listener.SimpleMessageListenerContainer.receiveAndExecute(SimpleMessageListenerContainer.java:1061)
	at org.springframework.amqp.rabbit.listener.SimpleMessageListenerContainer$AsyncMessageProcessingConsumer.mainLoop(SimpleMessageListenerContainer.java:1465)
	at org.springframework.amqp.rabbit.listener.SimpleMessageListenerContainer$AsyncMessageProcessingConsumer.run(SimpleMessageListenerContainer.java:1359)
	at java.base/java.lang.Thread.run(Thread.java:1583)
2026-03-10 20:26:41.269 [org.springframework.amqp.rabbit.RabbitListenerEndpointContainer#0-1] ERROR c.e.m.i.async.RabbitImportListener [] - Erro ao processar mensagem JSON: {"jobId":"63f9af82-fd06-41fa-850d-19dd2c251c70", "fileKey":"estatisticas_di_2025_10-12_trusted.csv"}
java.lang.RuntimeException: Falha ao processar arquivo: estatisticas_di_2025_10-12_trusted.csv
	at com.example.ms_report_async.application.usecase.ProcessImportFileUseCaseImpl.execute(ProcessImportFileUseCaseImpl.java:61)
	at com.example.ms_report_async.infraestructure.async.RabbitImportListener.receive(RabbitImportListener.java:35)
	at java.base/jdk.internal.reflect.DirectMethodHandleAccessor.invoke(DirectMethodHandleAccessor.java:103)
	at java.base/java.lang.reflect.Method.invoke(Method.java:580)
	at org.springframework.messaging.handler.invocation.InvocableHandlerMethod.doInvoke(InvocableHandlerMethod.java:168)
	at org.springframework.amqp.rabbit.listener.adapter.KotlinAwareInvocableHandlerMethod.doInvoke(KotlinAwareInvocableHandlerMethod.java:47)
	at org.springframework.messaging.handler.invocation.InvocableHandlerMethod.invoke(InvocableHandlerMethod.java:119)
	at org.springframework.amqp.rabbit.listener.adapter.HandlerAdapter.invoke(HandlerAdapter.java:83)
	at org.springframework.amqp.rabbit.listener.adapter.MessagingMessageListenerAdapter.invokeHandler(MessagingMessageListenerAdapter.java:287)
	at org.springframework.amqp.rabbit.listener.adapter.MessagingMessageListenerAdapter.invokeHandlerAndProcessResult(MessagingMessageListenerAdapter.java:233)
	at org.springframework.amqp.rabbit.listener.adapter.MessagingMessageListenerAdapter.onMessage(MessagingMessageListenerAdapter.java:157)
	at org.springframework.amqp.rabbit.listener.AbstractMessageListenerContainer.doInvokeListener(AbstractMessageListenerContainer.java:1683)
	at org.springframework.amqp.rabbit.listener.AbstractMessageListenerContainer.actualInvokeListener(AbstractMessageListenerContainer.java:1612)
	at java.base/jdk.internal.reflect.DirectMethodHandleAccessor.invoke(DirectMethodHandleAccessor.java:103)
	at java.base/java.lang.reflect.Method.invoke(Method.java:580)
	at org.springframework.aop.support.AopUtils.invokeJoinpointUsingReflection(AopUtils.java:359)
	at org.springframework.aop.framework.ReflectiveMethodInvocation.invokeJoinpoint(ReflectiveMethodInvocation.java:190)
	at org.springframework.aop.framework.ReflectiveMethodInvocation.proceed(ReflectiveMethodInvocation.java:158)
	at org.springframework.core.retry.RetryTemplate.execute(RetryTemplate.java:174)
	at org.springframework.amqp.rabbit.config.StatelessRetryOperationsInterceptor.invoke(StatelessRetryOperationsInterceptor.java:57)
	at org.springframework.aop.framework.ReflectiveMethodInvocation.proceed(ReflectiveMethodInvocation.java:179)
	at org.springframework.aop.framework.JdkDynamicAopProxy.invoke(JdkDynamicAopProxy.java:222)
	at org.springframework.amqp.rabbit.listener.$Proxy112.invokeListener(Unknown Source)
	at org.springframework.amqp.rabbit.listener.AbstractMessageListenerContainer.invokeListener(AbstractMessageListenerContainer.java:1599)
	at org.springframework.amqp.rabbit.listener.AbstractMessageListenerContainer.doExecuteListener(AbstractMessageListenerContainer.java:1590)
	at org.springframework.amqp.rabbit.listener.AbstractMessageListenerContainer.executeListenerAndHandleException(AbstractMessageListenerContainer.java:1539)
	at org.springframework.amqp.rabbit.listener.AbstractMessageListenerContainer.executeListener(AbstractMessageListenerContainer.java:1520)
	at org.springframework.amqp.rabbit.listener.SimpleMessageListenerContainer.doReceiveAndExecute(SimpleMessageListenerContainer.java:1116)
	at org.springframework.amqp.rabbit.listener.SimpleMessageListenerContainer.receiveAndExecute(SimpleMessageListenerContainer.java:1061)
	at org.springframework.amqp.rabbit.listener.SimpleMessageListenerContainer$AsyncMessageProcessingConsumer.mainLoop(SimpleMessageListenerContainer.java:1465)
	at org.springframework.amqp.rabbit.listener.SimpleMessageListenerContainer$AsyncMessageProcessingConsumer.run(SimpleMessageListenerContainer.java:1359)
	at java.base/java.lang.Thread.run(Thread.java:1583)
Caused by: software.amazon.awssdk.services.s3.model.S3Exception: User: arn:aws:sts::822696479830:assumed-role/voclabs/user3869980=guilherme.figueiredo@sptech.school is not authorized to perform: s3:GetObject on resource: "arn:aws:s3:::brinks-bucket-1/estatisticas_di_2025_10-12_trusted.csv" with an explicit deny in an identity-based policy (Service: S3, Status Code: 403, Request ID: DFGG0AVS7CZG37MS, Extended Request ID: xjHuX/lMdRkgVNqeEEc4JsZEn4vjl/YAYL/nBLbNdXYNo93Ig+m1jGbW31tCWoGCnJ+0uhW46w0=)
	at software.amazon.awssdk.core.internal.http.CombinedResponseHandler.handleErrorResponse(CombinedResponseHandler.java:125)
	at software.amazon.awssdk.core.internal.http.CombinedResponseHandler.handleResponse(CombinedResponseHandler.java:82)
	at software.amazon.awssdk.core.internal.http.CombinedResponseHandler.handle(CombinedResponseHandler.java:60)
	at software.amazon.awssdk.core.internal.http.CombinedResponseHandler.handle(CombinedResponseHandler.java:41)
	at software.amazon.awssdk.core.internal.http.pipeline.stages.HandleResponseStage.execute(HandleResponseStage.java:50)
	at software.amazon.awssdk.core.internal.http.pipeline.stages.HandleResponseStage.execute(HandleResponseStage.java:38)
	at software.amazon.awssdk.core.internal.http.pipeline.RequestPipelineBuilder$ComposingRequestPipelineStage.execute(RequestPipelineBuilder.java:206)
	at software.amazon.awssdk.core.internal.http.pipeline.stages.ApiCallAttemptTimeoutTrackingStage.execute(ApiCallAttemptTimeoutTrackingStage.java:74)
	at software.amazon.awssdk.core.internal.http.pipeline.stages.ApiCallAttemptTimeoutTrackingStage.execute(ApiCallAttemptTimeoutTrackingStage.java:43)
	at software.amazon.awssdk.core.internal.http.pipeline.stages.TimeoutExceptionHandlingStage.execute(TimeoutExceptionHandlingStage.java:79)
	at software.amazon.awssdk.core.internal.http.pipeline.stages.TimeoutExceptionHandlingStage.execute(TimeoutExceptionHandlingStage.java:41)
	at software.amazon.awssdk.core.internal.http.pipeline.stages.ApiCallAttemptMetricCollectionStage.execute(ApiCallAttemptMetricCollectionStage.java:55)
	at software.amazon.awssdk.core.internal.http.pipeline.stages.ApiCallAttemptMetricCollectionStage.execute(ApiCallAttemptMetricCollectionStage.java:39)
	at software.amazon.awssdk.core.internal.http.pipeline.stages.RetryableStage2.executeRequest(RetryableStage2.java:93)
	at software.amazon.awssdk.core.internal.http.pipeline.stages.RetryableStage2.execute(RetryableStage2.java:56)
	at software.amazon.awssdk.core.internal.http.pipeline.stages.RetryableStage2.execute(RetryableStage2.java:36)
	at software.amazon.awssdk.core.internal.http.pipeline.RequestPipelineBuilder$ComposingRequestPipelineStage.execute(RequestPipelineBuilder.java:206)
	at software.amazon.awssdk.core.internal.http.StreamManagingStage.execute(StreamManagingStage.java:53)
	at software.amazon.awssdk.core.internal.http.StreamManagingStage.execute(StreamManagingStage.java:35)
	at software.amazon.awssdk.core.internal.http.pipeline.stages.ApiCallTimeoutTrackingStage.executeWithTimer(ApiCallTimeoutTrackingStage.java:82)
	at software.amazon.awssdk.core.internal.http.pipeline.stages.ApiCallTimeoutTrackingStage.execute(ApiCallTimeoutTrackingStage.java:62)
	at software.amazon.awssdk.core.internal.http.pipeline.stages.ApiCallTimeoutTrackingStage.execute(ApiCallTimeoutTrackingStage.java:43)
	at software.amazon.awssdk.core.internal.http.pipeline.stages.ApiCallMetricCollectionStage.execute(ApiCallMetricCollectionStage.java:50)
	at software.amazon.awssdk.core.internal.http.pipeline.stages.ApiCallMetricCollectionStage.execute(ApiCallMetricCollectionStage.java:32)
	at software.amazon.awssdk.core.internal.http.pipeline.RequestPipelineBuilder$ComposingRequestPipelineStage.execute(RequestPipelineBuilder.java:206)
	at software.amazon.awssdk.core.internal.http.pipeline.RequestPipelineBuilder$ComposingRequestPipelineStage.execute(RequestPipelineBuilder.java:206)
	at software.amazon.awssdk.core.internal.http.pipeline.stages.ExecutionFailureExceptionReportingStage.execute(ExecutionFailureExceptionReportingStage.java:37)
	at software.amazon.awssdk.core.internal.http.pipeline.stages.ExecutionFailureExceptionReportingStage.execute(ExecutionFailureExceptionReportingStage.java:26)
	at software.amazon.awssdk.core.internal.http.AmazonSyncHttpClient$RequestExecutionBuilderImpl.execute(AmazonSyncHttpClient.java:210)
	at software.amazon.awssdk.core.internal.handler.BaseSyncClientHandler.invoke(BaseSyncClientHandler.java:103)
	at software.amazon.awssdk.core.internal.handler.BaseSyncClientHandler.doExecute(BaseSyncClientHandler.java:173)
	at software.amazon.awssdk.core.internal.handler.BaseSyncClientHandler.lambda$execute$0(BaseSyncClientHandler.java:66)
	at software.amazon.awssdk.core.internal.handler.BaseSyncClientHandler.measureApiCallSuccess(BaseSyncClientHandler.java:182)
	at software.amazon.awssdk.core.internal.handler.BaseSyncClientHandler.execute(BaseSyncClientHandler.java:60)
	at software.amazon.awssdk.core.client.handler.SdkSyncClientHandler.execute(SdkSyncClientHandler.java:52)
	at software.amazon.awssdk.awscore.client.handler.AwsSyncClientHandler.execute(AwsSyncClientHandler.java:60)
	at software.amazon.awssdk.services.s3.DefaultS3Client.getObject(DefaultS3Client.java:5404)
	at software.amazon.awssdk.services.s3.S3Client.getObject(S3Client.java:9482)
	at com.example.ms_report_async.infraestructure.s3.S3Adapter.download(S3Adapter.java:40)
	at com.example.ms_report_async.application.usecase.ProcessImportFileUseCaseImpl.execute(ProcessImportFileUseCaseImpl.java:41)
	... 31 common frames omitted
2026-03-10 20:26:43.285 [org.springframework.amqp.rabbit.RabbitListenerEndpointContainer#0-1] DEBUG o.s.a.r.l.a.MessagingMessageListenerAdapter [] - Processing [GenericMessage [payload={"jobId":"63f9af82-fd06-41fa-850d-19dd2c251c70", "fileKey":"estatisticas_di_2025_10-12_trusted.csv"}, headers={amqp_receivedDeliveryMode=PERSISTENT, amqp_receivedExchange=import_exchange3, amqp_deliveryTag=1, amqp_consumerQueue=import_csv_queue3, amqp_redelivered=false, amqp_receivedRoutingKey=import.csv3, amqp_contentEncoding=UTF-8, amqp_retryCount=0, id=e7d26c06-834f-9274-e67d-d69e74ca0c90, amqp_consumerTag=amq.ctag-9Zh49KHdRCKJfmqDy1rNdQ, amqp_lastInBatch=false, contentType=text/plain, timestamp=1773185203285}]]
2026-03-10 20:26:43.286 [org.springframework.amqp.rabbit.RabbitListenerEndpointContainer#0-1] INFO  c.e.m.i.async.RabbitImportListener [] - Mensagem recebida do RabbitMQ: {"jobId":"63f9af82-fd06-41fa-850d-19dd2c251c70", "fileKey":"estatisticas_di_2025_10-12_trusted.csv"}
2026-03-10 20:26:43.286 [org.springframework.amqp.rabbit.RabbitListenerEndpointContainer#0-1] DEBUG c.e.m.i.async.RabbitImportListener [] - Iniciando processamento. JobId: 63f9af82-fd06-41fa-850d-19dd2c251c70, FileKey: estatisticas_di_2025_10-12_trusted.csv
2026-03-10 20:26:43.286 [org.springframework.amqp.rabbit.RabbitListenerEndpointContainer#0-1] INFO  c.e.m.a.u.ProcessImportFileUseCaseImpl [] - Iniciando processamento do arquivo. JobId: 63f9af82-fd06-41fa-850d-19dd2c251c70, FileKey: estatisticas_di_2025_10-12_trusted.csv, Bucket: brinks-bucket-1
2026-03-10 20:26:43.287 [org.springframework.amqp.rabbit.RabbitListenerEndpointContainer#0-1] INFO  c.e.m.infraestructure.s3.S3Adapter [] - Iniciando download do S3. Bucket: brinks-bucket-1, Key: estatisticas_di_2025_10-12_trusted.csv
2026-03-10 20:26:43.454 [org.springframework.amqp.rabbit.RabbitListenerEndpointContainer#0-1] ERROR c.e.m.infraestructure.s3.S3Adapter [] - Erro ao fazer download do S3. Bucket: brinks-bucket-1, Key: estatisticas_di_2025_10-12_trusted.csv
software.amazon.awssdk.services.s3.model.S3Exception: User: arn:aws:sts::822696479830:assumed-role/voclabs/user3869980=guilherme.figueiredo@sptech.school is not authorized to perform: s3:GetObject on resource: "arn:aws:s3:::brinks-bucket-1/estatisticas_di_2025_10-12_trusted.csv" with an explicit deny in an identity-based policy (Service: S3, Status Code: 403, Request ID: H2GJ8XW13ASEFYAZ, Extended Request ID: IJDsS4yWA6M7JGAJL6Yizih1pRI1YtTOJYX4bblDCVigs9mtayUGnEG7LRvSE8bvEmixhqJQANU=)
	at software.amazon.awssdk.core.internal.http.CombinedResponseHandler.handleErrorResponse(CombinedResponseHandler.java:125)
	at software.amazon.awssdk.core.internal.http.CombinedResponseHandler.handleResponse(CombinedResponseHandler.java:82)
	at software.amazon.awssdk.core.internal.http.CombinedResponseHandler.handle(CombinedResponseHandler.java:60)
	at software.amazon.awssdk.core.internal.http.CombinedResponseHandler.handle(CombinedResponseHandler.java:41)
	at software.amazon.awssdk.core.internal.http.pipeline.stages.HandleResponseStage.execute(HandleResponseStage.java:50)
	at software.amazon.awssdk.core.internal.http.pipeline.stages.HandleResponseStage.execute(HandleResponseStage.java:38)
	at software.amazon.awssdk.core.internal.http.pipeline.RequestPipelineBuilder$ComposingRequestPipelineStage.execute(RequestPipelineBuilder.java:206)
	at software.amazon.awssdk.core.internal.http.pipeline.stages.ApiCallAttemptTimeoutTrackingStage.execute(ApiCallAttemptTimeoutTrackingStage.java:74)
	at software.amazon.awssdk.core.internal.http.pipeline.stages.ApiCallAttemptTimeoutTrackingStage.execute(ApiCallAttemptTimeoutTrackingStage.java:43)
	at software.amazon.awssdk.core.internal.http.pipeline.stages.TimeoutExceptionHandlingStage.execute(TimeoutExceptionHandlingStage.java:79)
	at software.amazon.awssdk.core.internal.http.pipeline.stages.TimeoutExceptionHandlingStage.execute(TimeoutExceptionHandlingStage.java:41)
	at software.amazon.awssdk.core.internal.http.pipeline.stages.ApiCallAttemptMetricCollectionStage.execute(ApiCallAttemptMetricCollectionStage.java:55)
	at software.amazon.awssdk.core.internal.http.pipeline.stages.ApiCallAttemptMetricCollectionStage.execute(ApiCallAttemptMetricCollectionStage.java:39)
	at software.amazon.awssdk.core.internal.http.pipeline.stages.RetryableStage2.executeRequest(RetryableStage2.java:93)
	at software.amazon.awssdk.core.internal.http.pipeline.stages.RetryableStage2.execute(RetryableStage2.java:56)
	at software.amazon.awssdk.core.internal.http.pipeline.stages.RetryableStage2.execute(RetryableStage2.java:36)
	at software.amazon.awssdk.core.internal.http.pipeline.RequestPipelineBuilder$ComposingRequestPipelineStage.execute(RequestPipelineBuilder.java:206)
	at software.amazon.awssdk.core.internal.http.StreamManagingStage.execute(StreamManagingStage.java:53)
	at software.amazon.awssdk.core.internal.http.StreamManagingStage.execute(StreamManagingStage.java:35)
	at software.amazon.awssdk.core.internal.http.pipeline.stages.ApiCallTimeoutTrackingStage.executeWithTimer(ApiCallTimeoutTrackingStage.java:82)
	at software.amazon.awssdk.core.internal.http.pipeline.stages.ApiCallTimeoutTrackingStage.execute(ApiCallTimeoutTrackingStage.java:62)
	at software.amazon.awssdk.core.internal.http.pipeline.stages.ApiCallTimeoutTrackingStage.execute(ApiCallTimeoutTrackingStage.java:43)
	at software.amazon.awssdk.core.internal.http.pipeline.stages.ApiCallMetricCollectionStage.execute(ApiCallMetricCollectionStage.java:50)
	at software.amazon.awssdk.core.internal.http.pipeline.stages.ApiCallMetricCollectionStage.execute(ApiCallMetricCollectionStage.java:32)
	at software.amazon.awssdk.core.internal.http.pipeline.RequestPipelineBuilder$ComposingRequestPipelineStage.execute(RequestPipelineBuilder.java:206)
	at software.amazon.awssdk.core.internal.http.pipeline.RequestPipelineBuilder$ComposingRequestPipelineStage.execute(RequestPipelineBuilder.java:206)
	at software.amazon.awssdk.core.internal.http.pipeline.stages.ExecutionFailureExceptionReportingStage.execute(ExecutionFailureExceptionReportingStage.java:37)
	at software.amazon.awssdk.core.internal.http.pipeline.stages.ExecutionFailureExceptionReportingStage.execute(ExecutionFailureExceptionReportingStage.java:26)
	at software.amazon.awssdk.core.internal.http.AmazonSyncHttpClient$RequestExecutionBuilderImpl.execute(AmazonSyncHttpClient.java:210)
	at software.amazon.awssdk.core.internal.handler.BaseSyncClientHandler.invoke(BaseSyncClientHandler.java:103)
	at software.amazon.awssdk.core.internal.handler.BaseSyncClientHandler.doExecute(BaseSyncClientHandler.java:173)
	at software.amazon.awssdk.core.internal.handler.BaseSyncClientHandler.lambda$execute$0(BaseSyncClientHandler.java:66)
	at software.amazon.awssdk.core.internal.handler.BaseSyncClientHandler.measureApiCallSuccess(BaseSyncClientHandler.java:182)
	at software.amazon.awssdk.core.internal.handler.BaseSyncClientHandler.execute(BaseSyncClientHandler.java:60)
	at software.amazon.awssdk.core.client.handler.SdkSyncClientHandler.execute(SdkSyncClientHandler.java:52)
	at software.amazon.awssdk.awscore.client.handler.AwsSyncClientHandler.execute(AwsSyncClientHandler.java:60)
	at software.amazon.awssdk.services.s3.DefaultS3Client.getObject(DefaultS3Client.java:5404)
	at software.amazon.awssdk.services.s3.S3Client.getObject(S3Client.java:9482)
	at com.example.ms_report_async.infraestructure.s3.S3Adapter.download(S3Adapter.java:40)
	at com.example.ms_report_async.application.usecase.ProcessImportFileUseCaseImpl.execute(ProcessImportFileUseCaseImpl.java:41)
	at com.example.ms_report_async.infraestructure.async.RabbitImportListener.receive(RabbitImportListener.java:35)
	at java.base/jdk.internal.reflect.DirectMethodHandleAccessor.invoke(DirectMethodHandleAccessor.java:103)
	at java.base/java.lang.reflect.Method.invoke(Method.java:580)
	at org.springframework.messaging.handler.invocation.InvocableHandlerMethod.doInvoke(InvocableHandlerMethod.java:168)
	at org.springframework.amqp.rabbit.listener.adapter.KotlinAwareInvocableHandlerMethod.doInvoke(KotlinAwareInvocableHandlerMethod.java:47)
	at org.springframework.messaging.handler.invocation.InvocableHandlerMethod.invoke(InvocableHandlerMethod.java:119)
	at org.springframework.amqp.rabbit.listener.adapter.HandlerAdapter.invoke(HandlerAdapter.java:83)
	at org.springframework.amqp.rabbit.listener.adapter.MessagingMessageListenerAdapter.invokeHandler(MessagingMessageListenerAdapter.java:287)
	at org.springframework.amqp.rabbit.listener.adapter.MessagingMessageListenerAdapter.invokeHandlerAndProcessResult(MessagingMessageListenerAdapter.java:233)
	at org.springframework.amqp.rabbit.listener.adapter.MessagingMessageListenerAdapter.onMessage(MessagingMessageListenerAdapter.java:157)
	at org.springframework.amqp.rabbit.listener.AbstractMessageListenerContainer.doInvokeListener(AbstractMessageListenerContainer.java:1683)
	at org.springframework.amqp.rabbit.listener.AbstractMessageListenerContainer.actualInvokeListener(AbstractMessageListenerContainer.java:1612)
	at java.base/jdk.internal.reflect.DirectMethodHandleAccessor.invoke(DirectMethodHandleAccessor.java:103)
	at java.base/java.lang.reflect.Method.invoke(Method.java:580)
	at org.springframework.aop.support.AopUtils.invokeJoinpointUsingReflection(AopUtils.java:359)
	at org.springframework.aop.framework.ReflectiveMethodInvocation.invokeJoinpoint(ReflectiveMethodInvocation.java:190)
	at org.springframework.aop.framework.ReflectiveMethodInvocation.proceed(ReflectiveMethodInvocation.java:158)
	at org.springframework.core.retry.RetryTemplate.execute(RetryTemplate.java:174)
	at org.springframework.amqp.rabbit.config.StatelessRetryOperationsInterceptor.invoke(StatelessRetryOperationsInterceptor.java:57)
	at org.springframework.aop.framework.ReflectiveMethodInvocation.proceed(ReflectiveMethodInvocation.java:179)
	at org.springframework.aop.framework.JdkDynamicAopProxy.invoke(JdkDynamicAopProxy.java:222)
	at org.springframework.amqp.rabbit.listener.$Proxy112.invokeListener(Unknown Source)
	at org.springframework.amqp.rabbit.listener.AbstractMessageListenerContainer.invokeListener(AbstractMessageListenerContainer.java:1599)
	at org.springframework.amqp.rabbit.listener.AbstractMessageListenerContainer.doExecuteListener(AbstractMessageListenerContainer.java:1590)
	at org.springframework.amqp.rabbit.listener.AbstractMessageListenerContainer.executeListenerAndHandleException(AbstractMessageListenerContainer.java:1539)
	at org.springframework.amqp.rabbit.listener.AbstractMessageListenerContainer.executeListener(AbstractMessageListenerContainer.java:1520)
	at org.springframework.amqp.rabbit.listener.SimpleMessageListenerContainer.doReceiveAndExecute(SimpleMessageListenerContainer.java:1116)
	at org.springframework.amqp.rabbit.listener.SimpleMessageListenerContainer.receiveAndExecute(SimpleMessageListenerContainer.java:1061)
	at org.springframework.amqp.rabbit.listener.SimpleMessageListenerContainer$AsyncMessageProcessingConsumer.mainLoop(SimpleMessageListenerContainer.java:1465)
	at org.springframework.amqp.rabbit.listener.SimpleMessageListenerContainer$AsyncMessageProcessingConsumer.run(SimpleMessageListenerContainer.java:1359)
	at java.base/java.lang.Thread.run(Thread.java:1583)
2026-03-10 20:26:43.455 [org.springframework.amqp.rabbit.RabbitListenerEndpointContainer#0-1] ERROR c.e.m.a.u.ProcessImportFileUseCaseImpl [] - Erro ao processar arquivo. JobId: 63f9af82-fd06-41fa-850d-19dd2c251c70, FileKey: estatisticas_di_2025_10-12_trusted.csv, DuracaoMs: 168
software.amazon.awssdk.services.s3.model.S3Exception: User: arn:aws:sts::822696479830:assumed-role/voclabs/user3869980=guilherme.figueiredo@sptech.school is not authorized to perform: s3:GetObject on resource: "arn:aws:s3:::brinks-bucket-1/estatisticas_di_2025_10-12_trusted.csv" with an explicit deny in an identity-based policy (Service: S3, Status Code: 403, Request ID: H2GJ8XW13ASEFYAZ, Extended Request ID: IJDsS4yWA6M7JGAJL6Yizih1pRI1YtTOJYX4bblDCVigs9mtayUGnEG7LRvSE8bvEmixhqJQANU=)
	at software.amazon.awssdk.core.internal.http.CombinedResponseHandler.handleErrorResponse(CombinedResponseHandler.java:125)
	at software.amazon.awssdk.core.internal.http.CombinedResponseHandler.handleResponse(CombinedResponseHandler.java:82)
	at software.amazon.awssdk.core.internal.http.CombinedResponseHandler.handle(CombinedResponseHandler.java:60)
	at software.amazon.awssdk.core.internal.http.CombinedResponseHandler.handle(CombinedResponseHandler.java:41)
	at software.amazon.awssdk.core.internal.http.pipeline.stages.HandleResponseStage.execute(HandleResponseStage.java:50)
	at software.amazon.awssdk.core.internal.http.pipeline.stages.HandleResponseStage.execute(HandleResponseStage.java:38)
	at software.amazon.awssdk.core.internal.http.pipeline.RequestPipelineBuilder$ComposingRequestPipelineStage.execute(RequestPipelineBuilder.java:206)
	at software.amazon.awssdk.core.internal.http.pipeline.stages.ApiCallAttemptTimeoutTrackingStage.execute(ApiCallAttemptTimeoutTrackingStage.java:74)
	at software.amazon.awssdk.core.internal.http.pipeline.stages.ApiCallAttemptTimeoutTrackingStage.execute(ApiCallAttemptTimeoutTrackingStage.java:43)
	at software.amazon.awssdk.core.internal.http.pipeline.stages.TimeoutExceptionHandlingStage.execute(TimeoutExceptionHandlingStage.java:79)
	at software.amazon.awssdk.core.internal.http.pipeline.stages.TimeoutExceptionHandlingStage.execute(TimeoutExceptionHandlingStage.java:41)
	at software.amazon.awssdk.core.internal.http.pipeline.stages.ApiCallAttemptMetricCollectionStage.execute(ApiCallAttemptMetricCollectionStage.java:55)
	at software.amazon.awssdk.core.internal.http.pipeline.stages.ApiCallAttemptMetricCollectionStage.execute(ApiCallAttemptMetricCollectionStage.java:39)
	at software.amazon.awssdk.core.internal.http.pipeline.stages.RetryableStage2.executeRequest(RetryableStage2.java:93)
	at software.amazon.awssdk.core.internal.http.pipeline.stages.RetryableStage2.execute(RetryableStage2.java:56)
	at software.amazon.awssdk.core.internal.http.pipeline.stages.RetryableStage2.execute(RetryableStage2.java:36)
	at software.amazon.awssdk.core.internal.http.pipeline.RequestPipelineBuilder$ComposingRequestPipelineStage.execute(RequestPipelineBuilder.java:206)
	at software.amazon.awssdk.core.internal.http.StreamManagingStage.execute(StreamManagingStage.java:53)
	at software.amazon.awssdk.core.internal.http.StreamManagingStage.execute(StreamManagingStage.java:35)
	at software.amazon.awssdk.core.internal.http.pipeline.stages.ApiCallTimeoutTrackingStage.executeWithTimer(ApiCallTimeoutTrackingStage.java:82)
	at software.amazon.awssdk.core.internal.http.pipeline.stages.ApiCallTimeoutTrackingStage.execute(ApiCallTimeoutTrackingStage.java:62)
	at software.amazon.awssdk.core.internal.http.pipeline.stages.ApiCallTimeoutTrackingStage.execute(ApiCallTimeoutTrackingStage.java:43)
	at software.amazon.awssdk.core.internal.http.pipeline.stages.ApiCallMetricCollectionStage.execute(ApiCallMetricCollectionStage.java:50)
	at software.amazon.awssdk.core.internal.http.pipeline.stages.ApiCallMetricCollectionStage.execute(ApiCallMetricCollectionStage.java:32)
	at software.amazon.awssdk.core.internal.http.pipeline.RequestPipelineBuilder$ComposingRequestPipelineStage.execute(RequestPipelineBuilder.java:206)
	at software.amazon.awssdk.core.internal.http.pipeline.RequestPipelineBuilder$ComposingRequestPipelineStage.execute(RequestPipelineBuilder.java:206)
	at software.amazon.awssdk.core.internal.http.pipeline.stages.ExecutionFailureExceptionReportingStage.execute(ExecutionFailureExceptionReportingStage.java:37)
	at software.amazon.awssdk.core.internal.http.pipeline.stages.ExecutionFailureExceptionReportingStage.execute(ExecutionFailureExceptionReportingStage.java:26)
	at software.amazon.awssdk.core.internal.http.AmazonSyncHttpClient$RequestExecutionBuilderImpl.execute(AmazonSyncHttpClient.java:210)
	at software.amazon.awssdk.core.internal.handler.BaseSyncClientHandler.invoke(BaseSyncClientHandler.java:103)
	at software.amazon.awssdk.core.internal.handler.BaseSyncClientHandler.doExecute(BaseSyncClientHandler.java:173)
	at software.amazon.awssdk.core.internal.handler.BaseSyncClientHandler.lambda$execute$0(BaseSyncClientHandler.java:66)
	at software.amazon.awssdk.core.internal.handler.BaseSyncClientHandler.measureApiCallSuccess(BaseSyncClientHandler.java:182)
	at software.amazon.awssdk.core.internal.handler.BaseSyncClientHandler.execute(BaseSyncClientHandler.java:60)
	at software.amazon.awssdk.core.client.handler.SdkSyncClientHandler.execute(SdkSyncClientHandler.java:52)
	at software.amazon.awssdk.awscore.client.handler.AwsSyncClientHandler.execute(AwsSyncClientHandler.java:60)
	at software.amazon.awssdk.services.s3.DefaultS3Client.getObject(DefaultS3Client.java:5404)
	at software.amazon.awssdk.services.s3.S3Client.getObject(S3Client.java:9482)
	at com.example.ms_report_async.infraestructure.s3.S3Adapter.download(S3Adapter.java:40)
	at com.example.ms_report_async.application.usecase.ProcessImportFileUseCaseImpl.execute(ProcessImportFileUseCaseImpl.java:41)
	at com.example.ms_report_async.infraestructure.async.RabbitImportListener.receive(RabbitImportListener.java:35)
	at java.base/jdk.internal.reflect.DirectMethodHandleAccessor.invoke(DirectMethodHandleAccessor.java:103)
	at java.base/java.lang.reflect.Method.invoke(Method.java:580)
	at org.springframework.messaging.handler.invocation.InvocableHandlerMethod.doInvoke(InvocableHandlerMethod.java:168)
	at org.springframework.amqp.rabbit.listener.adapter.KotlinAwareInvocableHandlerMethod.doInvoke(KotlinAwareInvocableHandlerMethod.java:47)
	at org.springframework.messaging.handler.invocation.InvocableHandlerMethod.invoke(InvocableHandlerMethod.java:119)
	at org.springframework.amqp.rabbit.listener.adapter.HandlerAdapter.invoke(HandlerAdapter.java:83)
	at org.springframework.amqp.rabbit.listener.adapter.MessagingMessageListenerAdapter.invokeHandler(MessagingMessageListenerAdapter.java:287)
	at org.springframework.amqp.rabbit.listener.adapter.MessagingMessageListenerAdapter.invokeHandlerAndProcessResult(MessagingMessageListenerAdapter.java:233)
	at org.springframework.amqp.rabbit.listener.adapter.MessagingMessageListenerAdapter.onMessage(MessagingMessageListenerAdapter.java:157)
	at org.springframework.amqp.rabbit.listener.AbstractMessageListenerContainer.doInvokeListener(AbstractMessageListenerContainer.java:1683)
	at org.springframework.amqp.rabbit.listener.AbstractMessageListenerContainer.actualInvokeListener(AbstractMessageListenerContainer.java:1612)
	at java.base/jdk.internal.reflect.DirectMethodHandleAccessor.invoke(DirectMethodHandleAccessor.java:103)
	at java.base/java.lang.reflect.Method.invoke(Method.java:580)
	at org.springframework.aop.support.AopUtils.invokeJoinpointUsingReflection(AopUtils.java:359)
	at org.springframework.aop.framework.ReflectiveMethodInvocation.invokeJoinpoint(ReflectiveMethodInvocation.java:190)
	at org.springframework.aop.framework.ReflectiveMethodInvocation.proceed(ReflectiveMethodInvocation.java:158)
	at org.springframework.core.retry.RetryTemplate.execute(RetryTemplate.java:174)
	at org.springframework.amqp.rabbit.config.StatelessRetryOperationsInterceptor.invoke(StatelessRetryOperationsInterceptor.java:57)
	at org.springframework.aop.framework.ReflectiveMethodInvocation.proceed(ReflectiveMethodInvocation.java:179)
	at org.springframework.aop.framework.JdkDynamicAopProxy.invoke(JdkDynamicAopProxy.java:222)
	at org.springframework.amqp.rabbit.listener.$Proxy112.invokeListener(Unknown Source)
	at org.springframework.amqp.rabbit.listener.AbstractMessageListenerContainer.invokeListener(AbstractMessageListenerContainer.java:1599)
	at org.springframework.amqp.rabbit.listener.AbstractMessageListenerContainer.doExecuteListener(AbstractMessageListenerContainer.java:1590)
	at org.springframework.amqp.rabbit.listener.AbstractMessageListenerContainer.executeListenerAndHandleException(AbstractMessageListenerContainer.java:1539)
	at org.springframework.amqp.rabbit.listener.AbstractMessageListenerContainer.executeListener(AbstractMessageListenerContainer.java:1520)
	at org.springframework.amqp.rabbit.listener.SimpleMessageListenerContainer.doReceiveAndExecute(SimpleMessageListenerContainer.java:1116)
	at org.springframework.amqp.rabbit.listener.SimpleMessageListenerContainer.receiveAndExecute(SimpleMessageListenerContainer.java:1061)
	at org.springframework.amqp.rabbit.listener.SimpleMessageListenerContainer$AsyncMessageProcessingConsumer.mainLoop(SimpleMessageListenerContainer.java:1465)
	at org.springframework.amqp.rabbit.listener.SimpleMessageListenerContainer$AsyncMessageProcessingConsumer.run(SimpleMessageListenerContainer.java:1359)
	at java.base/java.lang.Thread.run(Thread.java:1583)
2026-03-10 20:26:43.455 [org.springframework.amqp.rabbit.RabbitListenerEndpointContainer#0-1] ERROR c.e.m.i.async.RabbitImportListener [] - Erro ao processar mensagem JSON: {"jobId":"63f9af82-fd06-41fa-850d-19dd2c251c70", "fileKey":"estatisticas_di_2025_10-12_trusted.csv"}
java.lang.RuntimeException: Falha ao processar arquivo: estatisticas_di_2025_10-12_trusted.csv
	at com.example.ms_report_async.application.usecase.ProcessImportFileUseCaseImpl.execute(ProcessImportFileUseCaseImpl.java:61)
	at com.example.ms_report_async.infraestructure.async.RabbitImportListener.receive(RabbitImportListener.java:35)
	at java.base/jdk.internal.reflect.DirectMethodHandleAccessor.invoke(DirectMethodHandleAccessor.java:103)
	at java.base/java.lang.reflect.Method.invoke(Method.java:580)
	at org.springframework.messaging.handler.invocation.InvocableHandlerMethod.doInvoke(InvocableHandlerMethod.java:168)
	at org.springframework.amqp.rabbit.listener.adapter.KotlinAwareInvocableHandlerMethod.doInvoke(KotlinAwareInvocableHandlerMethod.java:47)
	at org.springframework.messaging.handler.invocation.InvocableHandlerMethod.invoke(InvocableHandlerMethod.java:119)
	at org.springframework.amqp.rabbit.listener.adapter.HandlerAdapter.invoke(HandlerAdapter.java:83)
	at org.springframework.amqp.rabbit.listener.adapter.MessagingMessageListenerAdapter.invokeHandler(MessagingMessageListenerAdapter.java:287)
	at org.springframework.amqp.rabbit.listener.adapter.MessagingMessageListenerAdapter.invokeHandlerAndProcessResult(MessagingMessageListenerAdapter.java:233)
	at org.springframework.amqp.rabbit.listener.adapter.MessagingMessageListenerAdapter.onMessage(MessagingMessageListenerAdapter.java:157)
	at org.springframework.amqp.rabbit.listener.AbstractMessageListenerContainer.doInvokeListener(AbstractMessageListenerContainer.java:1683)
	at org.springframework.amqp.rabbit.listener.AbstractMessageListenerContainer.actualInvokeListener(AbstractMessageListenerContainer.java:1612)
	at java.base/jdk.internal.reflect.DirectMethodHandleAccessor.invoke(DirectMethodHandleAccessor.java:103)
	at java.base/java.lang.reflect.Method.invoke(Method.java:580)
	at org.springframework.aop.support.AopUtils.invokeJoinpointUsingReflection(AopUtils.java:359)
	at org.springframework.aop.framework.ReflectiveMethodInvocation.invokeJoinpoint(ReflectiveMethodInvocation.java:190)
	at org.springframework.aop.framework.ReflectiveMethodInvocation.proceed(ReflectiveMethodInvocation.java:158)
	at org.springframework.core.retry.RetryTemplate.execute(RetryTemplate.java:174)
	at org.springframework.amqp.rabbit.config.StatelessRetryOperationsInterceptor.invoke(StatelessRetryOperationsInterceptor.java:57)
	at org.springframework.aop.framework.ReflectiveMethodInvocation.proceed(ReflectiveMethodInvocation.java:179)
	at org.springframework.aop.framework.JdkDynamicAopProxy.invoke(JdkDynamicAopProxy.java:222)
	at org.springframework.amqp.rabbit.listener.$Proxy112.invokeListener(Unknown Source)
	at org.springframework.amqp.rabbit.listener.AbstractMessageListenerContainer.invokeListener(AbstractMessageListenerContainer.java:1599)
	at org.springframework.amqp.rabbit.listener.AbstractMessageListenerContainer.doExecuteListener(AbstractMessageListenerContainer.java:1590)
	at org.springframework.amqp.rabbit.listener.AbstractMessageListenerContainer.executeListenerAndHandleException(AbstractMessageListenerContainer.java:1539)
	at org.springframework.amqp.rabbit.listener.AbstractMessageListenerContainer.executeListener(AbstractMessageListenerContainer.java:1520)
	at org.springframework.amqp.rabbit.listener.SimpleMessageListenerContainer.doReceiveAndExecute(SimpleMessageListenerContainer.java:1116)
	at org.springframework.amqp.rabbit.listener.SimpleMessageListenerContainer.receiveAndExecute(SimpleMessageListenerContainer.java:1061)
	at org.springframework.amqp.rabbit.listener.SimpleMessageListenerContainer$AsyncMessageProcessingConsumer.mainLoop(SimpleMessageListenerContainer.java:1465)
	at org.springframework.amqp.rabbit.listener.SimpleMessageListenerContainer$AsyncMessageProcessingConsumer.run(SimpleMessageListenerContainer.java:1359)
	at java.base/java.lang.Thread.run(Thread.java:1583)
Caused by: software.amazon.awssdk.services.s3.model.S3Exception: User: arn:aws:sts::822696479830:assumed-role/voclabs/user3869980=guilherme.figueiredo@sptech.school is not authorized to perform: s3:GetObject on resource: "arn:aws:s3:::brinks-bucket-1/estatisticas_di_2025_10-12_trusted.csv" with an explicit deny in an identity-based policy (Service: S3, Status Code: 403, Request ID: H2GJ8XW13ASEFYAZ, Extended Request ID: IJDsS4yWA6M7JGAJL6Yizih1pRI1YtTOJYX4bblDCVigs9mtayUGnEG7LRvSE8bvEmixhqJQANU=)
	at software.amazon.awssdk.core.internal.http.CombinedResponseHandler.handleErrorResponse(CombinedResponseHandler.java:125)
	at software.amazon.awssdk.core.internal.http.CombinedResponseHandler.handleResponse(CombinedResponseHandler.java:82)
	at software.amazon.awssdk.core.internal.http.CombinedResponseHandler.handle(CombinedResponseHandler.java:60)
	at software.amazon.awssdk.core.internal.http.CombinedResponseHandler.handle(CombinedResponseHandler.java:41)
	at software.amazon.awssdk.core.internal.http.pipeline.stages.HandleResponseStage.execute(HandleResponseStage.java:50)
	at software.amazon.awssdk.core.internal.http.pipeline.stages.HandleResponseStage.execute(HandleResponseStage.java:38)
	at software.amazon.awssdk.core.internal.http.pipeline.RequestPipelineBuilder$ComposingRequestPipelineStage.execute(RequestPipelineBuilder.java:206)
	at software.amazon.awssdk.core.internal.http.pipeline.stages.ApiCallAttemptTimeoutTrackingStage.execute(ApiCallAttemptTimeoutTrackingStage.java:74)
	at software.amazon.awssdk.core.internal.http.pipeline.stages.ApiCallAttemptTimeoutTrackingStage.execute(ApiCallAttemptTimeoutTrackingStage.java:43)
	at software.amazon.awssdk.core.internal.http.pipeline.stages.TimeoutExceptionHandlingStage.execute(TimeoutExceptionHandlingStage.java:79)
	at software.amazon.awssdk.core.internal.http.pipeline.stages.TimeoutExceptionHandlingStage.execute(TimeoutExceptionHandlingStage.java:41)
	at software.amazon.awssdk.core.internal.http.pipeline.stages.ApiCallAttemptMetricCollectionStage.execute(ApiCallAttemptMetricCollectionStage.java:55)
	at software.amazon.awssdk.core.internal.http.pipeline.stages.ApiCallAttemptMetricCollectionStage.execute(ApiCallAttemptMetricCollectionStage.java:39)
	at software.amazon.awssdk.core.internal.http.pipeline.stages.RetryableStage2.executeRequest(RetryableStage2.java:93)
	at software.amazon.awssdk.core.internal.http.pipeline.stages.RetryableStage2.execute(RetryableStage2.java:56)
	at software.amazon.awssdk.core.internal.http.pipeline.stages.RetryableStage2.execute(RetryableStage2.java:36)
	at software.amazon.awssdk.core.internal.http.pipeline.RequestPipelineBuilder$ComposingRequestPipelineStage.execute(RequestPipelineBuilder.java:206)
	at software.amazon.awssdk.core.internal.http.StreamManagingStage.execute(StreamManagingStage.java:53)
	at software.amazon.awssdk.core.internal.http.StreamManagingStage.execute(StreamManagingStage.java:35)
	at software.amazon.awssdk.core.internal.http.pipeline.stages.ApiCallTimeoutTrackingStage.executeWithTimer(ApiCallTimeoutTrackingStage.java:82)
	at software.amazon.awssdk.core.internal.http.pipeline.stages.ApiCallTimeoutTrackingStage.execute(ApiCallTimeoutTrackingStage.java:62)
	at software.amazon.awssdk.core.internal.http.pipeline.stages.ApiCallTimeoutTrackingStage.execute(ApiCallTimeoutTrackingStage.java:43)
	at software.amazon.awssdk.core.internal.http.pipeline.stages.ApiCallMetricCollectionStage.execute(ApiCallMetricCollectionStage.java:50)
	at software.amazon.awssdk.core.internal.http.pipeline.stages.ApiCallMetricCollectionStage.execute(ApiCallMetricCollectionStage.java:32)
	at software.amazon.awssdk.core.internal.http.pipeline.RequestPipelineBuilder$ComposingRequestPipelineStage.execute(RequestPipelineBuilder.java:206)
	at software.amazon.awssdk.core.internal.http.pipeline.RequestPipelineBuilder$ComposingRequestPipelineStage.execute(RequestPipelineBuilder.java:206)
	at software.amazon.awssdk.core.internal.http.pipeline.stages.ExecutionFailureExceptionReportingStage.execute(ExecutionFailureExceptionReportingStage.java:37)
	at software.amazon.awssdk.core.internal.http.pipeline.stages.ExecutionFailureExceptionReportingStage.execute(ExecutionFailureExceptionReportingStage.java:26)
	at software.amazon.awssdk.core.internal.http.AmazonSyncHttpClient$RequestExecutionBuilderImpl.execute(AmazonSyncHttpClient.java:210)
	at software.amazon.awssdk.core.internal.handler.BaseSyncClientHandler.invoke(BaseSyncClientHandler.java:103)
	at software.amazon.awssdk.core.internal.handler.BaseSyncClientHandler.doExecute(BaseSyncClientHandler.java:173)
	at software.amazon.awssdk.core.internal.handler.BaseSyncClientHandler.lambda$execute$0(BaseSyncClientHandler.java:66)
	at software.amazon.awssdk.core.internal.handler.BaseSyncClientHandler.measureApiCallSuccess(BaseSyncClientHandler.java:182)
	at software.amazon.awssdk.core.internal.handler.BaseSyncClientHandler.execute(BaseSyncClientHandler.java:60)
	at software.amazon.awssdk.core.client.handler.SdkSyncClientHandler.execute(SdkSyncClientHandler.java:52)
	at software.amazon.awssdk.awscore.client.handler.AwsSyncClientHandler.execute(AwsSyncClientHandler.java:60)
	at software.amazon.awssdk.services.s3.DefaultS3Client.getObject(DefaultS3Client.java:5404)
	at software.amazon.awssdk.services.s3.S3Client.getObject(S3Client.java:9482)
	at com.example.ms_report_async.infraestructure.s3.S3Adapter.download(S3Adapter.java:40)
	at com.example.ms_report_async.application.usecase.ProcessImportFileUseCaseImpl.execute(ProcessImportFileUseCaseImpl.java:41)
	... 31 common frames omitted
2026-03-10 20:26:47.456 [org.springframework.amqp.rabbit.RabbitListenerEndpointContainer#0-1] DEBUG o.s.a.r.l.a.MessagingMessageListenerAdapter [] - Processing [GenericMessage [payload={"jobId":"63f9af82-fd06-41fa-850d-19dd2c251c70", "fileKey":"estatisticas_di_2025_10-12_trusted.csv"}, headers={amqp_receivedDeliveryMode=PERSISTENT, amqp_receivedExchange=import_exchange3, amqp_deliveryTag=1, amqp_consumerQueue=import_csv_queue3, amqp_redelivered=false, amqp_receivedRoutingKey=import.csv3, amqp_contentEncoding=UTF-8, amqp_retryCount=0, id=e6a978d8-d405-78d4-e411-623215b868a3, amqp_consumerTag=amq.ctag-9Zh49KHdRCKJfmqDy1rNdQ, amqp_lastInBatch=false, contentType=text/plain, timestamp=1773185207456}]]
2026-03-10 20:26:47.457 [org.springframework.amqp.rabbit.RabbitListenerEndpointContainer#0-1] INFO  c.e.m.i.async.RabbitImportListener [] - Mensagem recebida do RabbitMQ: {"jobId":"63f9af82-fd06-41fa-850d-19dd2c251c70", "fileKey":"estatisticas_di_2025_10-12_trusted.csv"}
2026-03-10 20:26:47.457 [org.springframework.amqp.rabbit.RabbitListenerEndpointContainer#0-1] DEBUG c.e.m.i.async.RabbitImportListener [] - Iniciando processamento. JobId: 63f9af82-fd06-41fa-850d-19dd2c251c70, FileKey: estatisticas_di_2025_10-12_trusted.csv
2026-03-10 20:26:47.457 [org.springframework.amqp.rabbit.RabbitListenerEndpointContainer#0-1] INFO  c.e.m.a.u.ProcessImportFileUseCaseImpl [] - Iniciando processamento do arquivo. JobId: 63f9af82-fd06-41fa-850d-19dd2c251c70, FileKey: estatisticas_di_2025_10-12_trusted.csv, Bucket: brinks-bucket-1
2026-03-10 20:26:47.457 [org.springframework.amqp.rabbit.RabbitListenerEndpointContainer#0-1] INFO  c.e.m.infraestructure.s3.S3Adapter [] - Iniciando download do S3. Bucket: brinks-bucket-1, Key: estatisticas_di_2025_10-12_trusted.csv
2026-03-10 20:26:48.016 [org.springframework.amqp.rabbit.RabbitListenerEndpointContainer#0-1] ERROR c.e.m.infraestructure.s3.S3Adapter [] - Erro ao fazer download do S3. Bucket: brinks-bucket-1, Key: estatisticas_di_2025_10-12_trusted.csv
software.amazon.awssdk.services.s3.model.S3Exception: User: arn:aws:sts::822696479830:assumed-role/voclabs/user3869980=guilherme.figueiredo@sptech.school is not authorized to perform: s3:GetObject on resource: "arn:aws:s3:::brinks-bucket-1/estatisticas_di_2025_10-12_trusted.csv" with an explicit deny in an identity-based policy (Service: S3, Status Code: 403, Request ID: BE2B7RFQAGKP7S9J, Extended Request ID: BUkbZcUQLCZD8KZlpS0qMtmJs0RGMdm8bxuZa0gl7oatIl0TMT7EzOwtQJifFLzXtfuvaoMb3aM=)
	at software.amazon.awssdk.core.internal.http.CombinedResponseHandler.handleErrorResponse(CombinedResponseHandler.java:125)
	at software.amazon.awssdk.core.internal.http.CombinedResponseHandler.handleResponse(CombinedResponseHandler.java:82)
	at software.amazon.awssdk.core.internal.http.CombinedResponseHandler.handle(CombinedResponseHandler.java:60)
	at software.amazon.awssdk.core.internal.http.CombinedResponseHandler.handle(CombinedResponseHandler.java:41)
	at software.amazon.awssdk.core.internal.http.pipeline.stages.HandleResponseStage.execute(HandleResponseStage.java:50)
	at software.amazon.awssdk.core.internal.http.pipeline.stages.HandleResponseStage.execute(HandleResponseStage.java:38)
	at software.amazon.awssdk.core.internal.http.pipeline.RequestPipelineBuilder$ComposingRequestPipelineStage.execute(RequestPipelineBuilder.java:206)
	at software.amazon.awssdk.core.internal.http.pipeline.stages.ApiCallAttemptTimeoutTrackingStage.execute(ApiCallAttemptTimeoutTrackingStage.java:74)
	at software.amazon.awssdk.core.internal.http.pipeline.stages.ApiCallAttemptTimeoutTrackingStage.execute(ApiCallAttemptTimeoutTrackingStage.java:43)
	at software.amazon.awssdk.core.internal.http.pipeline.stages.TimeoutExceptionHandlingStage.execute(TimeoutExceptionHandlingStage.java:79)
	at software.amazon.awssdk.core.internal.http.pipeline.stages.TimeoutExceptionHandlingStage.execute(TimeoutExceptionHandlingStage.java:41)
	at software.amazon.awssdk.core.internal.http.pipeline.stages.ApiCallAttemptMetricCollectionStage.execute(ApiCallAttemptMetricCollectionStage.java:55)
	at software.amazon.awssdk.core.internal.http.pipeline.stages.ApiCallAttemptMetricCollectionStage.execute(ApiCallAttemptMetricCollectionStage.java:39)
	at software.amazon.awssdk.core.internal.http.pipeline.stages.RetryableStage2.executeRequest(RetryableStage2.java:93)
	at software.amazon.awssdk.core.internal.http.pipeline.stages.RetryableStage2.execute(RetryableStage2.java:56)
	at software.amazon.awssdk.core.internal.http.pipeline.stages.RetryableStage2.execute(RetryableStage2.java:36)
	at software.amazon.awssdk.core.internal.http.pipeline.RequestPipelineBuilder$ComposingRequestPipelineStage.execute(RequestPipelineBuilder.java:206)
	at software.amazon.awssdk.core.internal.http.StreamManagingStage.execute(StreamManagingStage.java:53)
	at software.amazon.awssdk.core.internal.http.StreamManagingStage.execute(StreamManagingStage.java:35)
	at software.amazon.awssdk.core.internal.http.pipeline.stages.ApiCallTimeoutTrackingStage.executeWithTimer(ApiCallTimeoutTrackingStage.java:82)
	at software.amazon.awssdk.core.internal.http.pipeline.stages.ApiCallTimeoutTrackingStage.execute(ApiCallTimeoutTrackingStage.java:62)
	at software.amazon.awssdk.core.internal.http.pipeline.stages.ApiCallTimeoutTrackingStage.execute(ApiCallTimeoutTrackingStage.java:43)
	at software.amazon.awssdk.core.internal.http.pipeline.stages.ApiCallMetricCollectionStage.execute(ApiCallMetricCollectionStage.java:50)
	at software.amazon.awssdk.core.internal.http.pipeline.stages.ApiCallMetricCollectionStage.execute(ApiCallMetricCollectionStage.java:32)
	at software.amazon.awssdk.core.internal.http.pipeline.RequestPipelineBuilder$ComposingRequestPipelineStage.execute(RequestPipelineBuilder.java:206)
	at software.amazon.awssdk.core.internal.http.pipeline.RequestPipelineBuilder$ComposingRequestPipelineStage.execute(RequestPipelineBuilder.java:206)
	at software.amazon.awssdk.core.internal.http.pipeline.stages.ExecutionFailureExceptionReportingStage.execute(ExecutionFailureExceptionReportingStage.java:37)
	at software.amazon.awssdk.core.internal.http.pipeline.stages.ExecutionFailureExceptionReportingStage.execute(ExecutionFailureExceptionReportingStage.java:26)
	at software.amazon.awssdk.core.internal.http.AmazonSyncHttpClient$RequestExecutionBuilderImpl.execute(AmazonSyncHttpClient.java:210)
	at software.amazon.awssdk.core.internal.handler.BaseSyncClientHandler.invoke(BaseSyncClientHandler.java:103)
	at software.amazon.awssdk.core.internal.handler.BaseSyncClientHandler.doExecute(BaseSyncClientHandler.java:173)
	at software.amazon.awssdk.core.internal.handler.BaseSyncClientHandler.lambda$execute$0(BaseSyncClientHandler.java:66)
	at software.amazon.awssdk.core.internal.handler.BaseSyncClientHandler.measureApiCallSuccess(BaseSyncClientHandler.java:182)
	at software.amazon.awssdk.core.internal.handler.BaseSyncClientHandler.execute(BaseSyncClientHandler.java:60)
	at software.amazon.awssdk.core.client.handler.SdkSyncClientHandler.execute(SdkSyncClientHandler.java:52)
	at software.amazon.awssdk.awscore.client.handler.AwsSyncClientHandler.execute(AwsSyncClientHandler.java:60)
	at software.amazon.awssdk.services.s3.DefaultS3Client.getObject(DefaultS3Client.java:5404)
	at software.amazon.awssdk.services.s3.S3Client.getObject(S3Client.java:9482)
	at com.example.ms_report_async.infraestructure.s3.S3Adapter.download(S3Adapter.java:40)
	at com.example.ms_report_async.application.usecase.ProcessImportFileUseCaseImpl.execute(ProcessImportFileUseCaseImpl.java:41)
	at com.example.ms_report_async.infraestructure.async.RabbitImportListener.receive(RabbitImportListener.java:35)
	at java.base/jdk.internal.reflect.DirectMethodHandleAccessor.invoke(DirectMethodHandleAccessor.java:103)
	at java.base/java.lang.reflect.Method.invoke(Method.java:580)
	at org.springframework.messaging.handler.invocation.InvocableHandlerMethod.doInvoke(InvocableHandlerMethod.java:168)
	at org.springframework.amqp.rabbit.listener.adapter.KotlinAwareInvocableHandlerMethod.doInvoke(KotlinAwareInvocableHandlerMethod.java:47)
	at org.springframework.messaging.handler.invocation.InvocableHandlerMethod.invoke(InvocableHandlerMethod.java:119)
	at org.springframework.amqp.rabbit.listener.adapter.HandlerAdapter.invoke(HandlerAdapter.java:83)
	at org.springframework.amqp.rabbit.listener.adapter.MessagingMessageListenerAdapter.invokeHandler(MessagingMessageListenerAdapter.java:287)
	at org.springframework.amqp.rabbit.listener.adapter.MessagingMessageListenerAdapter.invokeHandlerAndProcessResult(MessagingMessageListenerAdapter.java:233)
	at org.springframework.amqp.rabbit.listener.adapter.MessagingMessageListenerAdapter.onMessage(MessagingMessageListenerAdapter.java:157)
	at org.springframework.amqp.rabbit.listener.AbstractMessageListenerContainer.doInvokeListener(AbstractMessageListenerContainer.java:1683)
	at org.springframework.amqp.rabbit.listener.AbstractMessageListenerContainer.actualInvokeListener(AbstractMessageListenerContainer.java:1612)
	at java.base/jdk.internal.reflect.DirectMethodHandleAccessor.invoke(DirectMethodHandleAccessor.java:103)
	at java.base/java.lang.reflect.Method.invoke(Method.java:580)
	at org.springframework.aop.support.AopUtils.invokeJoinpointUsingReflection(AopUtils.java:359)
	at org.springframework.aop.framework.ReflectiveMethodInvocation.invokeJoinpoint(ReflectiveMethodInvocation.java:190)
	at org.springframework.aop.framework.ReflectiveMethodInvocation.proceed(ReflectiveMethodInvocation.java:158)
	at org.springframework.core.retry.RetryTemplate.execute(RetryTemplate.java:174)
	at org.springframework.amqp.rabbit.config.StatelessRetryOperationsInterceptor.invoke(StatelessRetryOperationsInterceptor.java:57)
	at org.springframework.aop.framework.ReflectiveMethodInvocation.proceed(ReflectiveMethodInvocation.java:179)
	at org.springframework.aop.framework.JdkDynamicAopProxy.invoke(JdkDynamicAopProxy.java:222)
	at org.springframework.amqp.rabbit.listener.$Proxy112.invokeListener(Unknown Source)
	at org.springframework.amqp.rabbit.listener.AbstractMessageListenerContainer.invokeListener(AbstractMessageListenerContainer.java:1599)
	at org.springframework.amqp.rabbit.listener.AbstractMessageListenerContainer.doExecuteListener(AbstractMessageListenerContainer.java:1590)
	at org.springframework.amqp.rabbit.listener.AbstractMessageListenerContainer.executeListenerAndHandleException(AbstractMessageListenerContainer.java:1539)
	at org.springframework.amqp.rabbit.listener.AbstractMessageListenerContainer.executeListener(AbstractMessageListenerContainer.java:1520)
	at org.springframework.amqp.rabbit.listener.SimpleMessageListenerContainer.doReceiveAndExecute(SimpleMessageListenerContainer.java:1116)
	at org.springframework.amqp.rabbit.listener.SimpleMessageListenerContainer.receiveAndExecute(SimpleMessageListenerContainer.java:1061)
	at org.springframework.amqp.rabbit.listener.SimpleMessageListenerContainer$AsyncMessageProcessingConsumer.mainLoop(SimpleMessageListenerContainer.java:1465)
	at org.springframework.amqp.rabbit.listener.SimpleMessageListenerContainer$AsyncMessageProcessingConsumer.run(SimpleMessageListenerContainer.java:1359)
	at java.base/java.lang.Thread.run(Thread.java:1583)
2026-03-10 20:26:48.016 [org.springframework.amqp.rabbit.RabbitListenerEndpointContainer#0-1] ERROR c.e.m.a.u.ProcessImportFileUseCaseImpl [] - Erro ao processar arquivo. JobId: 63f9af82-fd06-41fa-850d-19dd2c251c70, FileKey: estatisticas_di_2025_10-12_trusted.csv, DuracaoMs: 559
software.amazon.awssdk.services.s3.model.S3Exception: User: arn:aws:sts::822696479830:assumed-role/voclabs/user3869980=guilherme.figueiredo@sptech.school is not authorized to perform: s3:GetObject on resource: "arn:aws:s3:::brinks-bucket-1/estatisticas_di_2025_10-12_trusted.csv" with an explicit deny in an identity-based policy (Service: S3, Status Code: 403, Request ID: BE2B7RFQAGKP7S9J, Extended Request ID: BUkbZcUQLCZD8KZlpS0qMtmJs0RGMdm8bxuZa0gl7oatIl0TMT7EzOwtQJifFLzXtfuvaoMb3aM=)
	at software.amazon.awssdk.core.internal.http.CombinedResponseHandler.handleErrorResponse(CombinedResponseHandler.java:125)
	at software.amazon.awssdk.core.internal.http.CombinedResponseHandler.handleResponse(CombinedResponseHandler.java:82)
	at software.amazon.awssdk.core.internal.http.CombinedResponseHandler.handle(CombinedResponseHandler.java:60)
	at software.amazon.awssdk.core.internal.http.CombinedResponseHandler.handle(CombinedResponseHandler.java:41)
	at software.amazon.awssdk.core.internal.http.pipeline.stages.HandleResponseStage.execute(HandleResponseStage.java:50)
	at software.amazon.awssdk.core.internal.http.pipeline.stages.HandleResponseStage.execute(HandleResponseStage.java:38)
	at software.amazon.awssdk.core.internal.http.pipeline.RequestPipelineBuilder$ComposingRequestPipelineStage.execute(RequestPipelineBuilder.java:206)
	at software.amazon.awssdk.core.internal.http.pipeline.stages.ApiCallAttemptTimeoutTrackingStage.execute(ApiCallAttemptTimeoutTrackingStage.java:74)
	at software.amazon.awssdk.core.internal.http.pipeline.stages.ApiCallAttemptTimeoutTrackingStage.execute(ApiCallAttemptTimeoutTrackingStage.java:43)
	at software.amazon.awssdk.core.internal.http.pipeline.stages.TimeoutExceptionHandlingStage.execute(TimeoutExceptionHandlingStage.java:79)
	at software.amazon.awssdk.core.internal.http.pipeline.stages.TimeoutExceptionHandlingStage.execute(TimeoutExceptionHandlingStage.java:41)
	at software.amazon.awssdk.core.internal.http.pipeline.stages.ApiCallAttemptMetricCollectionStage.execute(ApiCallAttemptMetricCollectionStage.java:55)
	at software.amazon.awssdk.core.internal.http.pipeline.stages.ApiCallAttemptMetricCollectionStage.execute(ApiCallAttemptMetricCollectionStage.java:39)
	at software.amazon.awssdk.core.internal.http.pipeline.stages.RetryableStage2.executeRequest(RetryableStage2.java:93)
	at software.amazon.awssdk.core.internal.http.pipeline.stages.RetryableStage2.execute(RetryableStage2.java:56)
	at software.amazon.awssdk.core.internal.http.pipeline.stages.RetryableStage2.execute(RetryableStage2.java:36)
	at software.amazon.awssdk.core.internal.http.pipeline.RequestPipelineBuilder$ComposingRequestPipelineStage.execute(RequestPipelineBuilder.java:206)
	at software.amazon.awssdk.core.internal.http.StreamManagingStage.execute(StreamManagingStage.java:53)
	at software.amazon.awssdk.core.internal.http.StreamManagingStage.execute(StreamManagingStage.java:35)
	at software.amazon.awssdk.core.internal.http.pipeline.stages.ApiCallTimeoutTrackingStage.executeWithTimer(ApiCallTimeoutTrackingStage.java:82)
	at software.amazon.awssdk.core.internal.http.pipeline.stages.ApiCallTimeoutTrackingStage.execute(ApiCallTimeoutTrackingStage.java:62)
	at software.amazon.awssdk.core.internal.http.pipeline.stages.ApiCallTimeoutTrackingStage.execute(ApiCallTimeoutTrackingStage.java:43)
	at software.amazon.awssdk.core.internal.http.pipeline.stages.ApiCallMetricCollectionStage.execute(ApiCallMetricCollectionStage.java:50)
	at software.amazon.awssdk.core.internal.http.pipeline.stages.ApiCallMetricCollectionStage.execute(ApiCallMetricCollectionStage.java:32)
	at software.amazon.awssdk.core.internal.http.pipeline.RequestPipelineBuilder$ComposingRequestPipelineStage.execute(RequestPipelineBuilder.java:206)
	at software.amazon.awssdk.core.internal.http.pipeline.RequestPipelineBuilder$ComposingRequestPipelineStage.execute(RequestPipelineBuilder.java:206)
	at software.amazon.awssdk.core.internal.http.pipeline.stages.ExecutionFailureExceptionReportingStage.execute(ExecutionFailureExceptionReportingStage.java:37)
	at software.amazon.awssdk.core.internal.http.pipeline.stages.ExecutionFailureExceptionReportingStage.execute(ExecutionFailureExceptionReportingStage.java:26)
	at software.amazon.awssdk.core.internal.http.AmazonSyncHttpClient$RequestExecutionBuilderImpl.execute(AmazonSyncHttpClient.java:210)
	at software.amazon.awssdk.core.internal.handler.BaseSyncClientHandler.invoke(BaseSyncClientHandler.java:103)
	at software.amazon.awssdk.core.internal.handler.BaseSyncClientHandler.doExecute(BaseSyncClientHandler.java:173)
	at software.amazon.awssdk.core.internal.handler.BaseSyncClientHandler.lambda$execute$0(BaseSyncClientHandler.java:66)
	at software.amazon.awssdk.core.internal.handler.BaseSyncClientHandler.measureApiCallSuccess(BaseSyncClientHandler.java:182)
	at software.amazon.awssdk.core.internal.handler.BaseSyncClientHandler.execute(BaseSyncClientHandler.java:60)
	at software.amazon.awssdk.core.client.handler.SdkSyncClientHandler.execute(SdkSyncClientHandler.java:52)
	at software.amazon.awssdk.awscore.client.handler.AwsSyncClientHandler.execute(AwsSyncClientHandler.java:60)
	at software.amazon.awssdk.services.s3.DefaultS3Client.getObject(DefaultS3Client.java:5404)
	at software.amazon.awssdk.services.s3.S3Client.getObject(S3Client.java:9482)
	at com.example.ms_report_async.infraestructure.s3.S3Adapter.download(S3Adapter.java:40)
	at com.example.ms_report_async.application.usecase.ProcessImportFileUseCaseImpl.execute(ProcessImportFileUseCaseImpl.java:41)
	at com.example.ms_report_async.infraestructure.async.RabbitImportListener.receive(RabbitImportListener.java:35)
	at java.base/jdk.internal.reflect.DirectMethodHandleAccessor.invoke(DirectMethodHandleAccessor.java:103)
	at java.base/java.lang.reflect.Method.invoke(Method.java:580)
	at org.springframework.messaging.handler.invocation.InvocableHandlerMethod.doInvoke(InvocableHandlerMethod.java:168)
	at org.springframework.amqp.rabbit.listener.adapter.KotlinAwareInvocableHandlerMethod.doInvoke(KotlinAwareInvocableHandlerMethod.java:47)
	at org.springframework.messaging.handler.invocation.InvocableHandlerMethod.invoke(InvocableHandlerMethod.java:119)
	at org.springframework.amqp.rabbit.listener.adapter.HandlerAdapter.invoke(HandlerAdapter.java:83)
	at org.springframework.amqp.rabbit.listener.adapter.MessagingMessageListenerAdapter.invokeHandler(MessagingMessageListenerAdapter.java:287)
	at org.springframework.amqp.rabbit.listener.adapter.MessagingMessageListenerAdapter.invokeHandlerAndProcessResult(MessagingMessageListenerAdapter.java:233)
	at org.springframework.amqp.rabbit.listener.adapter.MessagingMessageListenerAdapter.onMessage(MessagingMessageListenerAdapter.java:157)
	at org.springframework.amqp.rabbit.listener.AbstractMessageListenerContainer.doInvokeListener(AbstractMessageListenerContainer.java:1683)
	at org.springframework.amqp.rabbit.listener.AbstractMessageListenerContainer.actualInvokeListener(AbstractMessageListenerContainer.java:1612)
	at java.base/jdk.internal.reflect.DirectMethodHandleAccessor.invoke(DirectMethodHandleAccessor.java:103)
	at java.base/java.lang.reflect.Method.invoke(Method.java:580)
	at org.springframework.aop.support.AopUtils.invokeJoinpointUsingReflection(AopUtils.java:359)
	at org.springframework.aop.framework.ReflectiveMethodInvocation.invokeJoinpoint(ReflectiveMethodInvocation.java:190)
	at org.springframework.aop.framework.ReflectiveMethodInvocation.proceed(ReflectiveMethodInvocation.java:158)
	at org.springframework.core.retry.RetryTemplate.execute(RetryTemplate.java:174)
	at org.springframework.amqp.rabbit.config.StatelessRetryOperationsInterceptor.invoke(StatelessRetryOperationsInterceptor.java:57)
	at org.springframework.aop.framework.ReflectiveMethodInvocation.proceed(ReflectiveMethodInvocation.java:179)
	at org.springframework.aop.framework.JdkDynamicAopProxy.invoke(JdkDynamicAopProxy.java:222)
	at org.springframework.amqp.rabbit.listener.$Proxy112.invokeListener(Unknown Source)
	at org.springframework.amqp.rabbit.listener.AbstractMessageListenerContainer.invokeListener(AbstractMessageListenerContainer.java:1599)
	at org.springframework.amqp.rabbit.listener.AbstractMessageListenerContainer.doExecuteListener(AbstractMessageListenerContainer.java:1590)
	at org.springframework.amqp.rabbit.listener.AbstractMessageListenerContainer.executeListenerAndHandleException(AbstractMessageListenerContainer.java:1539)
	at org.springframework.amqp.rabbit.listener.AbstractMessageListenerContainer.executeListener(AbstractMessageListenerContainer.java:1520)
	at org.springframework.amqp.rabbit.listener.SimpleMessageListenerContainer.doReceiveAndExecute(SimpleMessageListenerContainer.java:1116)
	at org.springframework.amqp.rabbit.listener.SimpleMessageListenerContainer.receiveAndExecute(SimpleMessageListenerContainer.java:1061)
	at org.springframework.amqp.rabbit.listener.SimpleMessageListenerContainer$AsyncMessageProcessingConsumer.mainLoop(SimpleMessageListenerContainer.java:1465)
	at org.springframework.amqp.rabbit.listener.SimpleMessageListenerContainer$AsyncMessageProcessingConsumer.run(SimpleMessageListenerContainer.java:1359)
	at java.base/java.lang.Thread.run(Thread.java:1583)
2026-03-10 20:26:48.018 [org.springframework.amqp.rabbit.RabbitListenerEndpointContainer#0-1] ERROR c.e.m.i.async.RabbitImportListener [] - Erro ao processar mensagem JSON: {"jobId":"63f9af82-fd06-41fa-850d-19dd2c251c70", "fileKey":"estatisticas_di_2025_10-12_trusted.csv"}
java.lang.RuntimeException: Falha ao processar arquivo: estatisticas_di_2025_10-12_trusted.csv
	at com.example.ms_report_async.application.usecase.ProcessImportFileUseCaseImpl.execute(ProcessImportFileUseCaseImpl.java:61)
	at com.example.ms_report_async.infraestructure.async.RabbitImportListener.receive(RabbitImportListener.java:35)
	at java.base/jdk.internal.reflect.DirectMethodHandleAccessor.invoke(DirectMethodHandleAccessor.java:103)
	at java.base/java.lang.reflect.Method.invoke(Method.java:580)
	at org.springframework.messaging.handler.invocation.InvocableHandlerMethod.doInvoke(InvocableHandlerMethod.java:168)
	at org.springframework.amqp.rabbit.listener.adapter.KotlinAwareInvocableHandlerMethod.doInvoke(KotlinAwareInvocableHandlerMethod.java:47)
	at org.springframework.messaging.handler.invocation.InvocableHandlerMethod.invoke(InvocableHandlerMethod.java:119)
	at org.springframework.amqp.rabbit.listener.adapter.HandlerAdapter.invoke(HandlerAdapter.java:83)
	at org.springframework.amqp.rabbit.listener.adapter.MessagingMessageListenerAdapter.invokeHandler(MessagingMessageListenerAdapter.java:287)
	at org.springframework.amqp.rabbit.listener.adapter.MessagingMessageListenerAdapter.invokeHandlerAndProcessResult(MessagingMessageListenerAdapter.java:233)
	at org.springframework.amqp.rabbit.listener.adapter.MessagingMessageListenerAdapter.onMessage(MessagingMessageListenerAdapter.java:157)
	at org.springframework.amqp.rabbit.listener.AbstractMessageListenerContainer.doInvokeListener(AbstractMessageListenerContainer.java:1683)
	at org.springframework.amqp.rabbit.listener.AbstractMessageListenerContainer.actualInvokeListener(AbstractMessageListenerContainer.java:1612)
	at java.base/jdk.internal.reflect.DirectMethodHandleAccessor.invoke(DirectMethodHandleAccessor.java:103)
	at java.base/java.lang.reflect.Method.invoke(Method.java:580)
	at org.springframework.aop.support.AopUtils.invokeJoinpointUsingReflection(AopUtils.java:359)
	at org.springframework.aop.framework.ReflectiveMethodInvocation.invokeJoinpoint(ReflectiveMethodInvocation.java:190)
	at org.springframework.aop.framework.ReflectiveMethodInvocation.proceed(ReflectiveMethodInvocation.java:158)
	at org.springframework.core.retry.RetryTemplate.execute(RetryTemplate.java:174)
	at org.springframework.amqp.rabbit.config.StatelessRetryOperationsInterceptor.invoke(StatelessRetryOperationsInterceptor.java:57)
	at org.springframework.aop.framework.ReflectiveMethodInvocation.proceed(ReflectiveMethodInvocation.java:179)
	at org.springframework.aop.framework.JdkDynamicAopProxy.invoke(JdkDynamicAopProxy.java:222)
	at org.springframework.amqp.rabbit.listener.$Proxy112.invokeListener(Unknown Source)
	at org.springframework.amqp.rabbit.listener.AbstractMessageListenerContainer.invokeListener(AbstractMessageListenerContainer.java:1599)
	at org.springframework.amqp.rabbit.listener.AbstractMessageListenerContainer.doExecuteListener(AbstractMessageListenerContainer.java:1590)
	at org.springframework.amqp.rabbit.listener.AbstractMessageListenerContainer.executeListenerAndHandleException(AbstractMessageListenerContainer.java:1539)
	at org.springframework.amqp.rabbit.listener.AbstractMessageListenerContainer.executeListener(AbstractMessageListenerContainer.java:1520)
	at org.springframework.amqp.rabbit.listener.SimpleMessageListenerContainer.doReceiveAndExecute(SimpleMessageListenerContainer.java:1116)
	at org.springframework.amqp.rabbit.listener.SimpleMessageListenerContainer.receiveAndExecute(SimpleMessageListenerContainer.java:1061)
	at org.springframework.amqp.rabbit.listener.SimpleMessageListenerContainer$AsyncMessageProcessingConsumer.mainLoop(SimpleMessageListenerContainer.java:1465)
	at org.springframework.amqp.rabbit.listener.SimpleMessageListenerContainer$AsyncMessageProcessingConsumer.run(SimpleMessageListenerContainer.java:1359)
	at java.base/java.lang.Thread.run(Thread.java:1583)
Caused by: software.amazon.awssdk.services.s3.model.S3Exception: User: arn:aws:sts::822696479830:assumed-role/voclabs/user3869980=guilherme.figueiredo@sptech.school is not authorized to perform: s3:GetObject on resource: "arn:aws:s3:::brinks-bucket-1/estatisticas_di_2025_10-12_trusted.csv" with an explicit deny in an identity-based policy (Service: S3, Status Code: 403, Request ID: BE2B7RFQAGKP7S9J, Extended Request ID: BUkbZcUQLCZD8KZlpS0qMtmJs0RGMdm8bxuZa0gl7oatIl0TMT7EzOwtQJifFLzXtfuvaoMb3aM=)
	at software.amazon.awssdk.core.internal.http.CombinedResponseHandler.handleErrorResponse(CombinedResponseHandler.java:125)
	at software.amazon.awssdk.core.internal.http.CombinedResponseHandler.handleResponse(CombinedResponseHandler.java:82)
	at software.amazon.awssdk.core.internal.http.CombinedResponseHandler.handle(CombinedResponseHandler.java:60)
	at software.amazon.awssdk.core.internal.http.CombinedResponseHandler.handle(CombinedResponseHandler.java:41)
	at software.amazon.awssdk.core.internal.http.pipeline.stages.HandleResponseStage.execute(HandleResponseStage.java:50)
	at software.amazon.awssdk.core.internal.http.pipeline.stages.HandleResponseStage.execute(HandleResponseStage.java:38)
	at software.amazon.awssdk.core.internal.http.pipeline.RequestPipelineBuilder$ComposingRequestPipelineStage.execute(RequestPipelineBuilder.java:206)
	at software.amazon.awssdk.core.internal.http.pipeline.stages.ApiCallAttemptTimeoutTrackingStage.execute(ApiCallAttemptTimeoutTrackingStage.java:74)
	at software.amazon.awssdk.core.internal.http.pipeline.stages.ApiCallAttemptTimeoutTrackingStage.execute(ApiCallAttemptTimeoutTrackingStage.java:43)
	at software.amazon.awssdk.core.internal.http.pipeline.stages.TimeoutExceptionHandlingStage.execute(TimeoutExceptionHandlingStage.java:79)
	at software.amazon.awssdk.core.internal.http.pipeline.stages.TimeoutExceptionHandlingStage.execute(TimeoutExceptionHandlingStage.java:41)
	at software.amazon.awssdk.core.internal.http.pipeline.stages.ApiCallAttemptMetricCollectionStage.execute(ApiCallAttemptMetricCollectionStage.java:55)
	at software.amazon.awssdk.core.internal.http.pipeline.stages.ApiCallAttemptMetricCollectionStage.execute(ApiCallAttemptMetricCollectionStage.java:39)
	at software.amazon.awssdk.core.internal.http.pipeline.stages.RetryableStage2.executeRequest(RetryableStage2.java:93)
	at software.amazon.awssdk.core.internal.http.pipeline.stages.RetryableStage2.execute(RetryableStage2.java:56)
	at software.amazon.awssdk.core.internal.http.pipeline.stages.RetryableStage2.execute(RetryableStage2.java:36)
	at software.amazon.awssdk.core.internal.http.pipeline.RequestPipelineBuilder$ComposingRequestPipelineStage.execute(RequestPipelineBuilder.java:206)
	at software.amazon.awssdk.core.internal.http.StreamManagingStage.execute(StreamManagingStage.java:53)
	at software.amazon.awssdk.core.internal.http.StreamManagingStage.execute(StreamManagingStage.java:35)
	at software.amazon.awssdk.core.internal.http.pipeline.stages.ApiCallTimeoutTrackingStage.executeWithTimer(ApiCallTimeoutTrackingStage.java:82)
	at software.amazon.awssdk.core.internal.http.pipeline.stages.ApiCallTimeoutTrackingStage.execute(ApiCallTimeoutTrackingStage.java:62)
	at software.amazon.awssdk.core.internal.http.pipeline.stages.ApiCallTimeoutTrackingStage.execute(ApiCallTimeoutTrackingStage.java:43)
	at software.amazon.awssdk.core.internal.http.pipeline.stages.ApiCallMetricCollectionStage.execute(ApiCallMetricCollectionStage.java:50)
	at software.amazon.awssdk.core.internal.http.pipeline.stages.ApiCallMetricCollectionStage.execute(ApiCallMetricCollectionStage.java:32)
	at software.amazon.awssdk.core.internal.http.pipeline.RequestPipelineBuilder$ComposingRequestPipelineStage.execute(RequestPipelineBuilder.java:206)
	at software.amazon.awssdk.core.internal.http.pipeline.RequestPipelineBuilder$ComposingRequestPipelineStage.execute(RequestPipelineBuilder.java:206)
	at software.amazon.awssdk.core.internal.http.pipeline.stages.ExecutionFailureExceptionReportingStage.execute(ExecutionFailureExceptionReportingStage.java:37)
	at software.amazon.awssdk.core.internal.http.pipeline.stages.ExecutionFailureExceptionReportingStage.execute(ExecutionFailureExceptionReportingStage.java:26)
	at software.amazon.awssdk.core.internal.http.AmazonSyncHttpClient$RequestExecutionBuilderImpl.execute(AmazonSyncHttpClient.java:210)
	at software.amazon.awssdk.core.internal.handler.BaseSyncClientHandler.invoke(BaseSyncClientHandler.java:103)
	at software.amazon.awssdk.core.internal.handler.BaseSyncClientHandler.doExecute(BaseSyncClientHandler.java:173)
	at software.amazon.awssdk.core.internal.handler.BaseSyncClientHandler.lambda$execute$0(BaseSyncClientHandler.java:66)
	at software.amazon.awssdk.core.internal.handler.BaseSyncClientHandler.measureApiCallSuccess(BaseSyncClientHandler.java:182)
	at software.amazon.awssdk.core.internal.handler.BaseSyncClientHandler.execute(BaseSyncClientHandler.java:60)
	at software.amazon.awssdk.core.client.handler.SdkSyncClientHandler.execute(SdkSyncClientHandler.java:52)
	at software.amazon.awssdk.awscore.client.handler.AwsSyncClientHandler.execute(AwsSyncClientHandler.java:60)
	at software.amazon.awssdk.services.s3.DefaultS3Client.getObject(DefaultS3Client.java:5404)
	at software.amazon.awssdk.services.s3.S3Client.getObject(S3Client.java:9482)
	at com.example.ms_report_async.infraestructure.s3.S3Adapter.download(S3Adapter.java:40)
	at com.example.ms_report_async.application.usecase.ProcessImportFileUseCaseImpl.execute(ProcessImportFileUseCaseImpl.java:41)
	... 31 common frames omitted
2026-03-10 20:26:48.019 [org.springframework.amqp.rabbit.RabbitListenerEndpointContainer#0-1] WARN  o.s.a.r.r.RejectAndDontRequeueRecoverer [] - Retries exhausted for message (Body:'[B@2500a0d0(byte[100])' MessageProperties [headers={}, contentType=text/plain, contentEncoding=UTF-8, contentLength=0, receivedDeliveryMode=PERSISTENT, priority=0, redelivered=false, receivedExchange=import_exchange3, receivedRoutingKey=import.csv3, deliveryTag=1, consumerTag=amq.ctag-9Zh49KHdRCKJfmqDy1rNdQ, consumerQueue=import_csv_queue3])
org.springframework.amqp.rabbit.support.ListenerExecutionFailedException: Listener method 'public void com.example.ms_report_async.infraestructure.async.RabbitImportListener.receive(java.lang.String)' threw exception
	at org.springframework.amqp.rabbit.listener.adapter.MessagingMessageListenerAdapter.invokeHandler(MessagingMessageListenerAdapter.java:296)
	at org.springframework.amqp.rabbit.listener.adapter.MessagingMessageListenerAdapter.invokeHandlerAndProcessResult(MessagingMessageListenerAdapter.java:233)
	at org.springframework.amqp.rabbit.listener.adapter.MessagingMessageListenerAdapter.onMessage(MessagingMessageListenerAdapter.java:157)
	at org.springframework.amqp.rabbit.listener.AbstractMessageListenerContainer.doInvokeListener(AbstractMessageListenerContainer.java:1683)
	at org.springframework.amqp.rabbit.listener.AbstractMessageListenerContainer.actualInvokeListener(AbstractMessageListenerContainer.java:1612)
	at java.base/jdk.internal.reflect.DirectMethodHandleAccessor.invoke(DirectMethodHandleAccessor.java:103)
	at java.base/java.lang.reflect.Method.invoke(Method.java:580)
	at org.springframework.aop.support.AopUtils.invokeJoinpointUsingReflection(AopUtils.java:359)
	at org.springframework.aop.framework.ReflectiveMethodInvocation.invokeJoinpoint(ReflectiveMethodInvocation.java:190)
	at org.springframework.aop.framework.ReflectiveMethodInvocation.proceed(ReflectiveMethodInvocation.java:158)
	at org.springframework.core.retry.RetryTemplate.execute(RetryTemplate.java:174)
	at org.springframework.amqp.rabbit.config.StatelessRetryOperationsInterceptor.invoke(StatelessRetryOperationsInterceptor.java:57)
	at org.springframework.aop.framework.ReflectiveMethodInvocation.proceed(ReflectiveMethodInvocation.java:179)
	at org.springframework.aop.framework.JdkDynamicAopProxy.invoke(JdkDynamicAopProxy.java:222)
	at org.springframework.amqp.rabbit.listener.$Proxy112.invokeListener(Unknown Source)
	at org.springframework.amqp.rabbit.listener.AbstractMessageListenerContainer.invokeListener(AbstractMessageListenerContainer.java:1599)
	at org.springframework.amqp.rabbit.listener.AbstractMessageListenerContainer.doExecuteListener(AbstractMessageListenerContainer.java:1590)
	at org.springframework.amqp.rabbit.listener.AbstractMessageListenerContainer.executeListenerAndHandleException(AbstractMessageListenerContainer.java:1539)
	at org.springframework.amqp.rabbit.listener.AbstractMessageListenerContainer.executeListener(AbstractMessageListenerContainer.java:1520)
	at org.springframework.amqp.rabbit.listener.SimpleMessageListenerContainer.doReceiveAndExecute(SimpleMessageListenerContainer.java:1116)
	at org.springframework.amqp.rabbit.listener.SimpleMessageListenerContainer.receiveAndExecute(SimpleMessageListenerContainer.java:1061)
	at org.springframework.amqp.rabbit.listener.SimpleMessageListenerContainer$AsyncMessageProcessingConsumer.mainLoop(SimpleMessageListenerContainer.java:1465)
	at org.springframework.amqp.rabbit.listener.SimpleMessageListenerContainer$AsyncMessageProcessingConsumer.run(SimpleMessageListenerContainer.java:1359)
	at java.base/java.lang.Thread.run(Thread.java:1583)
Caused by: java.lang.RuntimeException: Falha ao ler JSON do RabbitMQ
	at com.example.ms_report_async.infraestructure.async.RabbitImportListener.receive(RabbitImportListener.java:40)
	at java.base/jdk.internal.reflect.DirectMethodHandleAccessor.invoke(DirectMethodHandleAccessor.java:103)
	at java.base/java.lang.reflect.Method.invoke(Method.java:580)
	at org.springframework.messaging.handler.invocation.InvocableHandlerMethod.doInvoke(InvocableHandlerMethod.java:168)
	at org.springframework.amqp.rabbit.listener.adapter.KotlinAwareInvocableHandlerMethod.doInvoke(KotlinAwareInvocableHandlerMethod.java:47)
	at org.springframework.messaging.handler.invocation.InvocableHandlerMethod.invoke(InvocableHandlerMethod.java:119)
	at org.springframework.amqp.rabbit.listener.adapter.HandlerAdapter.invoke(HandlerAdapter.java:83)
	at org.springframework.amqp.rabbit.listener.adapter.MessagingMessageListenerAdapter.invokeHandler(MessagingMessageListenerAdapter.java:287)
	... 23 common frames omitted
Caused by: java.lang.RuntimeException: Falha ao processar arquivo: estatisticas_di_2025_10-12_trusted.csv
	at com.example.ms_report_async.application.usecase.ProcessImportFileUseCaseImpl.execute(ProcessImportFileUseCaseImpl.java:61)
	at com.example.ms_report_async.infraestructure.async.RabbitImportListener.receive(RabbitImportListener.java:35)
	... 30 common frames omitted
Caused by: software.amazon.awssdk.services.s3.model.S3Exception: User: arn:aws:sts::822696479830:assumed-role/voclabs/user3869980=guilherme.figueiredo@sptech.school is not authorized to perform: s3:GetObject on resource: "arn:aws:s3:::brinks-bucket-1/estatisticas_di_2025_10-12_trusted.csv" with an explicit deny in an identity-based policy (Service: S3, Status Code: 403, Request ID: BE2B7RFQAGKP7S9J, Extended Request ID: BUkbZcUQLCZD8KZlpS0qMtmJs0RGMdm8bxuZa0gl7oatIl0TMT7EzOwtQJifFLzXtfuvaoMb3aM=)
	at software.amazon.awssdk.core.internal.http.CombinedResponseHandler.handleErrorResponse(CombinedResponseHandler.java:125)
	at software.amazon.awssdk.core.internal.http.CombinedResponseHandler.handleResponse(CombinedResponseHandler.java:82)
	at software.amazon.awssdk.core.internal.http.CombinedResponseHandler.handle(CombinedResponseHandler.java:60)
	at software.amazon.awssdk.core.internal.http.CombinedResponseHandler.handle(CombinedResponseHandler.java:41)
	at software.amazon.awssdk.core.internal.http.pipeline.stages.HandleResponseStage.execute(HandleResponseStage.java:50)
	at software.amazon.awssdk.core.internal.http.pipeline.stages.HandleResponseStage.execute(HandleResponseStage.java:38)
	at software.amazon.awssdk.core.internal.http.pipeline.RequestPipelineBuilder$ComposingRequestPipelineStage.execute(RequestPipelineBuilder.java:206)
	at software.amazon.awssdk.core.internal.http.pipeline.stages.ApiCallAttemptTimeoutTrackingStage.execute(ApiCallAttemptTimeoutTrackingStage.java:74)
	at software.amazon.awssdk.core.internal.http.pipeline.stages.ApiCallAttemptTimeoutTrackingStage.execute(ApiCallAttemptTimeoutTrackingStage.java:43)
	at software.amazon.awssdk.core.internal.http.pipeline.stages.TimeoutExceptionHandlingStage.execute(TimeoutExceptionHandlingStage.java:79)
	at software.amazon.awssdk.core.internal.http.pipeline.stages.TimeoutExceptionHandlingStage.execute(TimeoutExceptionHandlingStage.java:41)
	at software.amazon.awssdk.core.internal.http.pipeline.stages.ApiCallAttemptMetricCollectionStage.execute(ApiCallAttemptMetricCollectionStage.java:55)
	at software.amazon.awssdk.core.internal.http.pipeline.stages.ApiCallAttemptMetricCollectionStage.execute(ApiCallAttemptMetricCollectionStage.java:39)
	at software.amazon.awssdk.core.internal.http.pipeline.stages.RetryableStage2.executeRequest(RetryableStage2.java:93)
	at software.amazon.awssdk.core.internal.http.pipeline.stages.RetryableStage2.execute(RetryableStage2.java:56)
	at software.amazon.awssdk.core.internal.http.pipeline.stages.RetryableStage2.execute(RetryableStage2.java:36)
	at software.amazon.awssdk.core.internal.http.pipeline.RequestPipelineBuilder$ComposingRequestPipelineStage.execute(RequestPipelineBuilder.java:206)
	at software.amazon.awssdk.core.internal.http.StreamManagingStage.execute(StreamManagingStage.java:53)
	at software.amazon.awssdk.core.internal.http.StreamManagingStage.execute(StreamManagingStage.java:35)
	at software.amazon.awssdk.core.internal.http.pipeline.stages.ApiCallTimeoutTrackingStage.executeWithTimer(ApiCallTimeoutTrackingStage.java:82)
	at software.amazon.awssdk.core.internal.http.pipeline.stages.ApiCallTimeoutTrackingStage.execute(ApiCallTimeoutTrackingStage.java:62)
	at software.amazon.awssdk.core.internal.http.pipeline.stages.ApiCallTimeoutTrackingStage.execute(ApiCallTimeoutTrackingStage.java:43)
	at software.amazon.awssdk.core.internal.http.pipeline.stages.ApiCallMetricCollectionStage.execute(ApiCallMetricCollectionStage.java:50)
	at software.amazon.awssdk.core.internal.http.pipeline.stages.ApiCallMetricCollectionStage.execute(ApiCallMetricCollectionStage.java:32)
	at software.amazon.awssdk.core.internal.http.pipeline.RequestPipelineBuilder$ComposingRequestPipelineStage.execute(RequestPipelineBuilder.java:206)
	at software.amazon.awssdk.core.internal.http.pipeline.RequestPipelineBuilder$ComposingRequestPipelineStage.execute(RequestPipelineBuilder.java:206)
	at software.amazon.awssdk.core.internal.http.pipeline.stages.ExecutionFailureExceptionReportingStage.execute(ExecutionFailureExceptionReportingStage.java:37)
	at software.amazon.awssdk.core.internal.http.pipeline.stages.ExecutionFailureExceptionReportingStage.execute(ExecutionFailureExceptionReportingStage.java:26)
	at software.amazon.awssdk.core.internal.http.AmazonSyncHttpClient$RequestExecutionBuilderImpl.execute(AmazonSyncHttpClient.java:210)
	at software.amazon.awssdk.core.internal.handler.BaseSyncClientHandler.invoke(BaseSyncClientHandler.java:103)
	at software.amazon.awssdk.core.internal.handler.BaseSyncClientHandler.doExecute(BaseSyncClientHandler.java:173)
	at software.amazon.awssdk.core.internal.handler.BaseSyncClientHandler.lambda$execute$0(BaseSyncClientHandler.java:66)
	at software.amazon.awssdk.core.internal.handler.BaseSyncClientHandler.measureApiCallSuccess(BaseSyncClientHandler.java:182)
	at software.amazon.awssdk.core.internal.handler.BaseSyncClientHandler.execute(BaseSyncClientHandler.java:60)
	at software.amazon.awssdk.core.client.handler.SdkSyncClientHandler.execute(SdkSyncClientHandler.java:52)
	at software.amazon.awssdk.awscore.client.handler.AwsSyncClientHandler.execute(AwsSyncClientHandler.java:60)
	at software.amazon.awssdk.services.s3.DefaultS3Client.getObject(DefaultS3Client.java:5404)
	at software.amazon.awssdk.services.s3.S3Client.getObject(S3Client.java:9482)
	at com.example.ms_report_async.infraestructure.s3.S3Adapter.download(S3Adapter.java:40)
	at com.example.ms_report_async.application.usecase.ProcessImportFileUseCaseImpl.execute(ProcessImportFileUseCaseImpl.java:41)
	... 31 common frames omitted
2026-03-10 20:26:48.020 [org.springframework.amqp.rabbit.RabbitListenerEndpointContainer#0-1] WARN  o.s.a.r.l.ConditionalRejectingErrorHandler [] - Execution of Rabbit message listener failed.
org.springframework.amqp.rabbit.support.ListenerExecutionFailedException: Retry Policy Exhausted
	at org.springframework.amqp.rabbit.retry.RejectAndDontRequeueRecoverer.recover(RejectAndDontRequeueRecoverer.java:77)
	at org.springframework.amqp.rabbit.config.StatelessRetryOperationsInterceptorFactoryBean.recover(StatelessRetryOperationsInterceptorFactoryBean.java:65)
	at org.springframework.amqp.rabbit.config.StatelessRetryOperationsInterceptor.invoke(StatelessRetryOperationsInterceptor.java:61)
	at org.springframework.aop.framework.ReflectiveMethodInvocation.proceed(ReflectiveMethodInvocation.java:179)
	at org.springframework.aop.framework.JdkDynamicAopProxy.invoke(JdkDynamicAopProxy.java:222)
	at org.springframework.amqp.rabbit.listener.$Proxy112.invokeListener(Unknown Source)
	at org.springframework.amqp.rabbit.listener.AbstractMessageListenerContainer.invokeListener(AbstractMessageListenerContainer.java:1599)
	at org.springframework.amqp.rabbit.listener.AbstractMessageListenerContainer.doExecuteListener(AbstractMessageListenerContainer.java:1590)
	at org.springframework.amqp.rabbit.listener.AbstractMessageListenerContainer.executeListenerAndHandleException(AbstractMessageListenerContainer.java:1539)
	at org.springframework.amqp.rabbit.listener.AbstractMessageListenerContainer.executeListener(AbstractMessageListenerContainer.java:1520)
	at org.springframework.amqp.rabbit.listener.SimpleMessageListenerContainer.doReceiveAndExecute(SimpleMessageListenerContainer.java:1116)
	at org.springframework.amqp.rabbit.listener.SimpleMessageListenerContainer.receiveAndExecute(SimpleMessageListenerContainer.java:1061)
	at org.springframework.amqp.rabbit.listener.SimpleMessageListenerContainer$AsyncMessageProcessingConsumer.mainLoop(SimpleMessageListenerContainer.java:1465)
	at org.springframework.amqp.rabbit.listener.SimpleMessageListenerContainer$AsyncMessageProcessingConsumer.run(SimpleMessageListenerContainer.java:1359)
	at java.base/java.lang.Thread.run(Thread.java:1583)
Caused by: org.springframework.amqp.AmqpRejectAndDontRequeueException
	... 15 common frames omitted
Caused by: org.springframework.amqp.rabbit.support.ListenerExecutionFailedException: Listener method 'public void com.example.ms_report_async.infraestructure.async.RabbitImportListener.receive(java.lang.String)' threw exception
	at org.springframework.amqp.rabbit.listener.adapter.MessagingMessageListenerAdapter.invokeHandler(MessagingMessageListenerAdapter.java:296)
	at org.springframework.amqp.rabbit.listener.adapter.MessagingMessageListenerAdapter.invokeHandlerAndProcessResult(MessagingMessageListenerAdapter.java:233)
	at org.springframework.amqp.rabbit.listener.adapter.MessagingMessageListenerAdapter.onMessage(MessagingMessageListenerAdapter.java:157)
	at org.springframework.amqp.rabbit.listener.AbstractMessageListenerContainer.doInvokeListener(AbstractMessageListenerContainer.java:1683)
	at org.springframework.amqp.rabbit.listener.AbstractMessageListenerContainer.actualInvokeListener(AbstractMessageListenerContainer.java:1612)
	at java.base/jdk.internal.reflect.DirectMethodHandleAccessor.invoke(DirectMethodHandleAccessor.java:103)
	at java.base/java.lang.reflect.Method.invoke(Method.java:580)
	at org.springframework.aop.support.AopUtils.invokeJoinpointUsingReflection(AopUtils.java:359)
	at org.springframework.aop.framework.ReflectiveMethodInvocation.invokeJoinpoint(ReflectiveMethodInvocation.java:190)
	at org.springframework.aop.framework.ReflectiveMethodInvocation.proceed(ReflectiveMethodInvocation.java:158)
	at org.springframework.core.retry.RetryTemplate.execute(RetryTemplate.java:174)
	at org.springframework.amqp.rabbit.config.StatelessRetryOperationsInterceptor.invoke(StatelessRetryOperationsInterceptor.java:57)
	... 12 common frames omitted
Caused by: java.lang.RuntimeException: Falha ao ler JSON do RabbitMQ
	at com.example.ms_report_async.infraestructure.async.RabbitImportListener.receive(RabbitImportListener.java:40)
	at java.base/jdk.internal.reflect.DirectMethodHandleAccessor.invoke(DirectMethodHandleAccessor.java:103)
	at java.base/java.lang.reflect.Method.invoke(Method.java:580)
	at org.springframework.messaging.handler.invocation.InvocableHandlerMethod.doInvoke(InvocableHandlerMethod.java:168)
	at org.springframework.amqp.rabbit.listener.adapter.KotlinAwareInvocableHandlerMethod.doInvoke(KotlinAwareInvocableHandlerMethod.java:47)
	at org.springframework.messaging.handler.invocation.InvocableHandlerMethod.invoke(InvocableHandlerMethod.java:119)
	at org.springframework.amqp.rabbit.listener.adapter.HandlerAdapter.invoke(HandlerAdapter.java:83)
	at org.springframework.amqp.rabbit.listener.adapter.MessagingMessageListenerAdapter.invokeHandler(MessagingMessageListenerAdapter.java:287)
	... 23 common frames omitted
Caused by: java.lang.RuntimeException: Falha ao processar arquivo: estatisticas_di_2025_10-12_trusted.csv
	at com.example.ms_report_async.application.usecase.ProcessImportFileUseCaseImpl.execute(ProcessImportFileUseCaseImpl.java:61)
	at com.example.ms_report_async.infraestructure.async.RabbitImportListener.receive(RabbitImportListener.java:35)
	... 30 common frames omitted
Caused by: software.amazon.awssdk.services.s3.model.S3Exception: User: arn:aws:sts::822696479830:assumed-role/voclabs/user3869980=guilherme.figueiredo@sptech.school is not authorized to perform: s3:GetObject on resource: "arn:aws:s3:::brinks-bucket-1/estatisticas_di_2025_10-12_trusted.csv" with an explicit deny in an identity-based policy (Service: S3, Status Code: 403, Request ID: BE2B7RFQAGKP7S9J, Extended Request ID: BUkbZcUQLCZD8KZlpS0qMtmJs0RGMdm8bxuZa0gl7oatIl0TMT7EzOwtQJifFLzXtfuvaoMb3aM=)
	at software.amazon.awssdk.core.internal.http.CombinedResponseHandler.handleErrorResponse(CombinedResponseHandler.java:125)
	at software.amazon.awssdk.core.internal.http.CombinedResponseHandler.handleResponse(CombinedResponseHandler.java:82)
	at software.amazon.awssdk.core.internal.http.CombinedResponseHandler.handle(CombinedResponseHandler.java:60)
	at software.amazon.awssdk.core.internal.http.CombinedResponseHandler.handle(CombinedResponseHandler.java:41)
	at software.amazon.awssdk.core.internal.http.pipeline.stages.HandleResponseStage.execute(HandleResponseStage.java:50)
	at software.amazon.awssdk.core.internal.http.pipeline.stages.HandleResponseStage.execute(HandleResponseStage.java:38)
	at software.amazon.awssdk.core.internal.http.pipeline.RequestPipelineBuilder$ComposingRequestPipelineStage.execute(RequestPipelineBuilder.java:206)
	at software.amazon.awssdk.core.internal.http.pipeline.stages.ApiCallAttemptTimeoutTrackingStage.execute(ApiCallAttemptTimeoutTrackingStage.java:74)
	at software.amazon.awssdk.core.internal.http.pipeline.stages.ApiCallAttemptTimeoutTrackingStage.execute(ApiCallAttemptTimeoutTrackingStage.java:43)
	at software.amazon.awssdk.core.internal.http.pipeline.stages.TimeoutExceptionHandlingStage.execute(TimeoutExceptionHandlingStage.java:79)
	at software.amazon.awssdk.core.internal.http.pipeline.stages.TimeoutExceptionHandlingStage.execute(TimeoutExceptionHandlingStage.java:41)
	at software.amazon.awssdk.core.internal.http.pipeline.stages.ApiCallAttemptMetricCollectionStage.execute(ApiCallAttemptMetricCollectionStage.java:55)
	at software.amazon.awssdk.core.internal.http.pipeline.stages.ApiCallAttemptMetricCollectionStage.execute(ApiCallAttemptMetricCollectionStage.java:39)
	at software.amazon.awssdk.core.internal.http.pipeline.stages.RetryableStage2.executeRequest(RetryableStage2.java:93)
	at software.amazon.awssdk.core.internal.http.pipeline.stages.RetryableStage2.execute(RetryableStage2.java:56)
	at software.amazon.awssdk.core.internal.http.pipeline.stages.RetryableStage2.execute(RetryableStage2.java:36)
	at software.amazon.awssdk.core.internal.http.pipeline.RequestPipelineBuilder$ComposingRequestPipelineStage.execute(RequestPipelineBuilder.java:206)
	at software.amazon.awssdk.core.internal.http.StreamManagingStage.execute(StreamManagingStage.java:53)
	at software.amazon.awssdk.core.internal.http.StreamManagingStage.execute(StreamManagingStage.java:35)
	at software.amazon.awssdk.core.internal.http.pipeline.stages.ApiCallTimeoutTrackingStage.executeWithTimer(ApiCallTimeoutTrackingStage.java:82)
	at software.amazon.awssdk.core.internal.http.pipeline.stages.ApiCallTimeoutTrackingStage.execute(ApiCallTimeoutTrackingStage.java:62)
	at software.amazon.awssdk.core.internal.http.pipeline.stages.ApiCallTimeoutTrackingStage.execute(ApiCallTimeoutTrackingStage.java:43)
	at software.amazon.awssdk.core.internal.http.pipeline.stages.ApiCallMetricCollectionStage.execute(ApiCallMetricCollectionStage.java:50)
	at software.amazon.awssdk.core.internal.http.pipeline.stages.ApiCallMetricCollectionStage.execute(ApiCallMetricCollectionStage.java:32)
	at software.amazon.awssdk.core.internal.http.pipeline.RequestPipelineBuilder$ComposingRequestPipelineStage.execute(RequestPipelineBuilder.java:206)
	at software.amazon.awssdk.core.internal.http.pipeline.RequestPipelineBuilder$ComposingRequestPipelineStage.execute(RequestPipelineBuilder.java:206)
	at software.amazon.awssdk.core.internal.http.pipeline.stages.ExecutionFailureExceptionReportingStage.execute(ExecutionFailureExceptionReportingStage.java:37)
	at software.amazon.awssdk.core.internal.http.pipeline.stages.ExecutionFailureExceptionReportingStage.execute(ExecutionFailureExceptionReportingStage.java:26)
	at software.amazon.awssdk.core.internal.http.AmazonSyncHttpClient$RequestExecutionBuilderImpl.execute(AmazonSyncHttpClient.java:210)
	at software.amazon.awssdk.core.internal.handler.BaseSyncClientHandler.invoke(BaseSyncClientHandler.java:103)
	at software.amazon.awssdk.core.internal.handler.BaseSyncClientHandler.doExecute(BaseSyncClientHandler.java:173)
	at software.amazon.awssdk.core.internal.handler.BaseSyncClientHandler.lambda$execute$0(BaseSyncClientHandler.java:66)
	at software.amazon.awssdk.core.internal.handler.BaseSyncClientHandler.measureApiCallSuccess(BaseSyncClientHandler.java:182)
	at software.amazon.awssdk.core.internal.handler.BaseSyncClientHandler.execute(BaseSyncClientHandler.java:60)
	at software.amazon.awssdk.core.client.handler.SdkSyncClientHandler.execute(SdkSyncClientHandler.java:52)
	at software.amazon.awssdk.awscore.client.handler.AwsSyncClientHandler.execute(AwsSyncClientHandler.java:60)
	at software.amazon.awssdk.services.s3.DefaultS3Client.getObject(DefaultS3Client.java:5404)
	at software.amazon.awssdk.services.s3.S3Client.getObject(S3Client.java:9482)
	at com.example.ms_report_async.infraestructure.s3.S3Adapter.download(S3Adapter.java:40)
	at com.example.ms_report_async.application.usecase.ProcessImportFileUseCaseImpl.execute(ProcessImportFileUseCaseImpl.java:41)
	... 31 common frames omitted
2026-03-10 20:26:48.023 [org.springframework.amqp.rabbit.RabbitListenerEndpointContainer#0-1] DEBUG o.s.a.r.l.BlockingQueueConsumer [] - Rejecting messages (requeue=false)
2026-03-10 20:28:11.842 [http-nio-8080-exec-5] INFO  c.e.m.i.r.impl.ImportControllerImpl [] - Recebendo requisição de importação. FileKey: estatisticas_di_2025_10-12_trusted.csv
2026-03-10 20:28:11.842 [http-nio-8080-exec-5] DEBUG c.e.m.i.async.RabbitImportProducer [] - Gerando novo JobId: 9dd70e44-49a7-438c-91ff-cc47dd2d15ce para FileKey: estatisticas_di_2025_10-12_trusted.csv
2026-03-10 20:28:11.842 [http-nio-8080-exec-5] DEBUG o.s.amqp.rabbit.core.RabbitTemplate [] - Executing callback  on RabbitMQ Channel: Cached Rabbit Channel: AMQChannel(amqp://user@127.0.0.1:5672/,2), conn: Proxy@2042ee9d Shared Rabbit Connection: SimpleConnection@4823f126 [delegate=amqp://user@127.0.0.1:5672/, localPort=53302]
2026-03-10 20:28:11.843 [http-nio-8080-exec-5] DEBUG o.s.amqp.rabbit.core.RabbitTemplate [] - Publishing message [(Body:'[B@6646aa83(byte[100])' MessageProperties [headers={}, contentType=text/plain, contentEncoding=UTF-8, contentLength=100, deliveryMode=PERSISTENT, priority=0, deliveryTag=0])] on exchange [import_exchange3], routingKey = [import.csv3]
2026-03-10 20:28:11.843 [http-nio-8080-exec-5] INFO  c.e.m.i.async.RabbitImportProducer [] - Mensagem publicada no RabbitMQ com sucesso. Exchange: import_exchange3, RoutingKey: import.csv3, JobId: 9dd70e44-49a7-438c-91ff-cc47dd2d15ce
2026-03-10 20:28:11.844 [http-nio-8080-exec-5] INFO  c.e.m.i.r.impl.ImportControllerImpl [] - Importação enfileirada com sucesso. JobId: 9dd70e44-49a7-438c-91ff-cc47dd2d15ce, FileKey: estatisticas_di_2025_10-12_trusted.csv
2026-03-10 20:28:11.849 [pool-3-thread-5] DEBUG o.s.a.r.l.BlockingQueueConsumer [] - Storing delivery for consumerTag: 'amq.ctag-9Zh49KHdRCKJfmqDy1rNdQ' with deliveryTag: '2' in Consumer@70f7700: tags=[[amq.ctag-9Zh49KHdRCKJfmqDy1rNdQ]], channel=Cached Rabbit Channel: AMQChannel(amqp://user@127.0.0.1:5672/,1), conn: Proxy@2042ee9d Shared Rabbit Connection: SimpleConnection@4823f126 [delegate=amqp://user@127.0.0.1:5672/, localPort=53302], acknowledgeMode=AUTO local queue size=0
2026-03-10 20:28:11.850 [org.springframework.amqp.rabbit.RabbitListenerEndpointContainer#0-1] DEBUG o.s.a.r.l.BlockingQueueConsumer [] - Received message: (Body:'[B@ddc4b59(byte[100])' MessageProperties [headers={}, contentType=text/plain, contentEncoding=UTF-8, contentLength=0, receivedDeliveryMode=PERSISTENT, priority=0, redelivered=false, receivedExchange=import_exchange3, receivedRoutingKey=import.csv3, deliveryTag=2, consumerTag=amq.ctag-9Zh49KHdRCKJfmqDy1rNdQ, consumerQueue=import_csv_queue3])
2026-03-10 20:28:11.850 [org.springframework.amqp.rabbit.RabbitListenerEndpointContainer#0-1] DEBUG o.s.a.r.l.a.MessagingMessageListenerAdapter [] - Processing [GenericMessage [payload={"jobId":"9dd70e44-49a7-438c-91ff-cc47dd2d15ce", "fileKey":"estatisticas_di_2025_10-12_trusted.csv"}, headers={amqp_receivedDeliveryMode=PERSISTENT, amqp_receivedExchange=import_exchange3, amqp_deliveryTag=2, amqp_consumerQueue=import_csv_queue3, amqp_redelivered=false, amqp_receivedRoutingKey=import.csv3, amqp_contentEncoding=UTF-8, amqp_retryCount=0, id=6f39a3c9-6b75-e541-c11e-7862f631b4f9, amqp_consumerTag=amq.ctag-9Zh49KHdRCKJfmqDy1rNdQ, amqp_lastInBatch=false, contentType=text/plain, timestamp=1773185291850}]]
2026-03-10 20:28:11.851 [org.springframework.amqp.rabbit.RabbitListenerEndpointContainer#0-1] INFO  c.e.m.i.async.RabbitImportListener [] - Mensagem recebida do RabbitMQ: {"jobId":"9dd70e44-49a7-438c-91ff-cc47dd2d15ce", "fileKey":"estatisticas_di_2025_10-12_trusted.csv"}
2026-03-10 20:28:11.851 [org.springframework.amqp.rabbit.RabbitListenerEndpointContainer#0-1] DEBUG c.e.m.i.async.RabbitImportListener [] - Iniciando processamento. JobId: 9dd70e44-49a7-438c-91ff-cc47dd2d15ce, FileKey: estatisticas_di_2025_10-12_trusted.csv
2026-03-10 20:28:11.851 [org.springframework.amqp.rabbit.RabbitListenerEndpointContainer#0-1] INFO  c.e.m.a.u.ProcessImportFileUseCaseImpl [] - Iniciando processamento do arquivo. JobId: 9dd70e44-49a7-438c-91ff-cc47dd2d15ce, FileKey: estatisticas_di_2025_10-12_trusted.csv, Bucket: brinks-bucket-1
2026-03-10 20:28:11.852 [org.springframework.amqp.rabbit.RabbitListenerEndpointContainer#0-1] INFO  c.e.m.infraestructure.s3.S3Adapter [] - Iniciando download do S3. Bucket: brinks-bucket-1, Key: estatisticas_di_2025_10-12_trusted.csv
2026-03-10 20:28:12.339 [org.springframework.amqp.rabbit.RabbitListenerEndpointContainer#0-1] ERROR c.e.m.infraestructure.s3.S3Adapter [] - Erro ao fazer download do S3. Bucket: brinks-bucket-1, Key: estatisticas_di_2025_10-12_trusted.csv
software.amazon.awssdk.services.s3.model.S3Exception: User: arn:aws:sts::822696479830:assumed-role/voclabs/user3869980=guilherme.figueiredo@sptech.school is not authorized to perform: s3:GetObject on resource: "arn:aws:s3:::brinks-bucket-1/estatisticas_di_2025_10-12_trusted.csv" with an explicit deny in an identity-based policy (Service: S3, Status Code: 403, Request ID: 8HG4294BC9BVA65D, Extended Request ID: mQkapFGg/SNdh8VVGfpmQZ6WH8b5OpdM6advwwHl3P9Bahq0kHqbjLQW4geASAbZThIYX0/YkG+/grT1pvEagk6Ac0sjA9VSh8hNvcFu84E=)
	at software.amazon.awssdk.core.internal.http.CombinedResponseHandler.handleErrorResponse(CombinedResponseHandler.java:125)
	at software.amazon.awssdk.core.internal.http.CombinedResponseHandler.handleResponse(CombinedResponseHandler.java:82)
	at software.amazon.awssdk.core.internal.http.CombinedResponseHandler.handle(CombinedResponseHandler.java:60)
	at software.amazon.awssdk.core.internal.http.CombinedResponseHandler.handle(CombinedResponseHandler.java:41)
	at software.amazon.awssdk.core.internal.http.pipeline.stages.HandleResponseStage.execute(HandleResponseStage.java:50)
	at software.amazon.awssdk.core.internal.http.pipeline.stages.HandleResponseStage.execute(HandleResponseStage.java:38)
	at software.amazon.awssdk.core.internal.http.pipeline.RequestPipelineBuilder$ComposingRequestPipelineStage.execute(RequestPipelineBuilder.java:206)
	at software.amazon.awssdk.core.internal.http.pipeline.stages.ApiCallAttemptTimeoutTrackingStage.execute(ApiCallAttemptTimeoutTrackingStage.java:74)
	at software.amazon.awssdk.core.internal.http.pipeline.stages.ApiCallAttemptTimeoutTrackingStage.execute(ApiCallAttemptTimeoutTrackingStage.java:43)
	at software.amazon.awssdk.core.internal.http.pipeline.stages.TimeoutExceptionHandlingStage.execute(TimeoutExceptionHandlingStage.java:79)
	at software.amazon.awssdk.core.internal.http.pipeline.stages.TimeoutExceptionHandlingStage.execute(TimeoutExceptionHandlingStage.java:41)
	at software.amazon.awssdk.core.internal.http.pipeline.stages.ApiCallAttemptMetricCollectionStage.execute(ApiCallAttemptMetricCollectionStage.java:55)
	at software.amazon.awssdk.core.internal.http.pipeline.stages.ApiCallAttemptMetricCollectionStage.execute(ApiCallAttemptMetricCollectionStage.java:39)
	at software.amazon.awssdk.core.internal.http.pipeline.stages.RetryableStage2.executeRequest(RetryableStage2.java:93)
	at software.amazon.awssdk.core.internal.http.pipeline.stages.RetryableStage2.execute(RetryableStage2.java:56)
	at software.amazon.awssdk.core.internal.http.pipeline.stages.RetryableStage2.execute(RetryableStage2.java:36)
	at software.amazon.awssdk.core.internal.http.pipeline.RequestPipelineBuilder$ComposingRequestPipelineStage.execute(RequestPipelineBuilder.java:206)
	at software.amazon.awssdk.core.internal.http.StreamManagingStage.execute(StreamManagingStage.java:53)
	at software.amazon.awssdk.core.internal.http.StreamManagingStage.execute(StreamManagingStage.java:35)
	at software.amazon.awssdk.core.internal.http.pipeline.stages.ApiCallTimeoutTrackingStage.executeWithTimer(ApiCallTimeoutTrackingStage.java:82)
	at software.amazon.awssdk.core.internal.http.pipeline.stages.ApiCallTimeoutTrackingStage.execute(ApiCallTimeoutTrackingStage.java:62)
	at software.amazon.awssdk.core.internal.http.pipeline.stages.ApiCallTimeoutTrackingStage.execute(ApiCallTimeoutTrackingStage.java:43)
	at software.amazon.awssdk.core.internal.http.pipeline.stages.ApiCallMetricCollectionStage.execute(ApiCallMetricCollectionStage.java:50)
	at software.amazon.awssdk.core.internal.http.pipeline.stages.ApiCallMetricCollectionStage.execute(ApiCallMetricCollectionStage.java:32)
	at software.amazon.awssdk.core.internal.http.pipeline.RequestPipelineBuilder$ComposingRequestPipelineStage.execute(RequestPipelineBuilder.java:206)
	at software.amazon.awssdk.core.internal.http.pipeline.RequestPipelineBuilder$ComposingRequestPipelineStage.execute(RequestPipelineBuilder.java:206)
	at software.amazon.awssdk.core.internal.http.pipeline.stages.ExecutionFailureExceptionReportingStage.execute(ExecutionFailureExceptionReportingStage.java:37)
	at software.amazon.awssdk.core.internal.http.pipeline.stages.ExecutionFailureExceptionReportingStage.execute(ExecutionFailureExceptionReportingStage.java:26)
	at software.amazon.awssdk.core.internal.http.AmazonSyncHttpClient$RequestExecutionBuilderImpl.execute(AmazonSyncHttpClient.java:210)
	at software.amazon.awssdk.core.internal.handler.BaseSyncClientHandler.invoke(BaseSyncClientHandler.java:103)
	at software.amazon.awssdk.core.internal.handler.BaseSyncClientHandler.doExecute(BaseSyncClientHandler.java:173)
	at software.amazon.awssdk.core.internal.handler.BaseSyncClientHandler.lambda$execute$0(BaseSyncClientHandler.java:66)
	at software.amazon.awssdk.core.internal.handler.BaseSyncClientHandler.measureApiCallSuccess(BaseSyncClientHandler.java:182)
	at software.amazon.awssdk.core.internal.handler.BaseSyncClientHandler.execute(BaseSyncClientHandler.java:60)
	at software.amazon.awssdk.core.client.handler.SdkSyncClientHandler.execute(SdkSyncClientHandler.java:52)
	at software.amazon.awssdk.awscore.client.handler.AwsSyncClientHandler.execute(AwsSyncClientHandler.java:60)
	at software.amazon.awssdk.services.s3.DefaultS3Client.getObject(DefaultS3Client.java:5404)
	at software.amazon.awssdk.services.s3.S3Client.getObject(S3Client.java:9482)
	at com.example.ms_report_async.infraestructure.s3.S3Adapter.download(S3Adapter.java:40)
	at com.example.ms_report_async.application.usecase.ProcessImportFileUseCaseImpl.execute(ProcessImportFileUseCaseImpl.java:41)
	at com.example.ms_report_async.infraestructure.async.RabbitImportListener.receive(RabbitImportListener.java:35)
	at java.base/jdk.internal.reflect.DirectMethodHandleAccessor.invoke(DirectMethodHandleAccessor.java:103)
	at java.base/java.lang.reflect.Method.invoke(Method.java:580)
	at org.springframework.messaging.handler.invocation.InvocableHandlerMethod.doInvoke(InvocableHandlerMethod.java:168)
	at org.springframework.amqp.rabbit.listener.adapter.KotlinAwareInvocableHandlerMethod.doInvoke(KotlinAwareInvocableHandlerMethod.java:47)
	at org.springframework.messaging.handler.invocation.InvocableHandlerMethod.invoke(InvocableHandlerMethod.java:119)
	at org.springframework.amqp.rabbit.listener.adapter.HandlerAdapter.invoke(HandlerAdapter.java:83)
	at org.springframework.amqp.rabbit.listener.adapter.MessagingMessageListenerAdapter.invokeHandler(MessagingMessageListenerAdapter.java:287)
	at org.springframework.amqp.rabbit.listener.adapter.MessagingMessageListenerAdapter.invokeHandlerAndProcessResult(MessagingMessageListenerAdapter.java:233)
	at org.springframework.amqp.rabbit.listener.adapter.MessagingMessageListenerAdapter.onMessage(MessagingMessageListenerAdapter.java:157)
	at org.springframework.amqp.rabbit.listener.AbstractMessageListenerContainer.doInvokeListener(AbstractMessageListenerContainer.java:1683)
	at org.springframework.amqp.rabbit.listener.AbstractMessageListenerContainer.actualInvokeListener(AbstractMessageListenerContainer.java:1612)
	at java.base/jdk.internal.reflect.DirectMethodHandleAccessor.invoke(DirectMethodHandleAccessor.java:103)
	at java.base/java.lang.reflect.Method.invoke(Method.java:580)
	at org.springframework.aop.support.AopUtils.invokeJoinpointUsingReflection(AopUtils.java:359)
	at org.springframework.aop.framework.ReflectiveMethodInvocation.invokeJoinpoint(ReflectiveMethodInvocation.java:190)
	at org.springframework.aop.framework.ReflectiveMethodInvocation.proceed(ReflectiveMethodInvocation.java:158)
	at org.springframework.core.retry.RetryTemplate.execute(RetryTemplate.java:135)
	at org.springframework.amqp.rabbit.config.StatelessRetryOperationsInterceptor.invoke(StatelessRetryOperationsInterceptor.java:57)
	at org.springframework.aop.framework.ReflectiveMethodInvocation.proceed(ReflectiveMethodInvocation.java:179)
	at org.springframework.aop.framework.JdkDynamicAopProxy.invoke(JdkDynamicAopProxy.java:222)
	at org.springframework.amqp.rabbit.listener.$Proxy112.invokeListener(Unknown Source)
	at org.springframework.amqp.rabbit.listener.AbstractMessageListenerContainer.invokeListener(AbstractMessageListenerContainer.java:1599)
	at org.springframework.amqp.rabbit.listener.AbstractMessageListenerContainer.doExecuteListener(AbstractMessageListenerContainer.java:1590)
	at org.springframework.amqp.rabbit.listener.AbstractMessageListenerContainer.executeListenerAndHandleException(AbstractMessageListenerContainer.java:1539)
	at org.springframework.amqp.rabbit.listener.AbstractMessageListenerContainer.executeListener(AbstractMessageListenerContainer.java:1520)
	at org.springframework.amqp.rabbit.listener.SimpleMessageListenerContainer.doReceiveAndExecute(SimpleMessageListenerContainer.java:1116)
	at org.springframework.amqp.rabbit.listener.SimpleMessageListenerContainer.receiveAndExecute(SimpleMessageListenerContainer.java:1061)
	at org.springframework.amqp.rabbit.listener.SimpleMessageListenerContainer$AsyncMessageProcessingConsumer.mainLoop(SimpleMessageListenerContainer.java:1465)
	at org.springframework.amqp.rabbit.listener.SimpleMessageListenerContainer$AsyncMessageProcessingConsumer.run(SimpleMessageListenerContainer.java:1359)
	at java.base/java.lang.Thread.run(Thread.java:1583)
2026-03-10 20:28:12.339 [org.springframework.amqp.rabbit.RabbitListenerEndpointContainer#0-1] ERROR c.e.m.a.u.ProcessImportFileUseCaseImpl [] - Erro ao processar arquivo. JobId: 9dd70e44-49a7-438c-91ff-cc47dd2d15ce, FileKey: estatisticas_di_2025_10-12_trusted.csv, DuracaoMs: 487
software.amazon.awssdk.services.s3.model.S3Exception: User: arn:aws:sts::822696479830:assumed-role/voclabs/user3869980=guilherme.figueiredo@sptech.school is not authorized to perform: s3:GetObject on resource: "arn:aws:s3:::brinks-bucket-1/estatisticas_di_2025_10-12_trusted.csv" with an explicit deny in an identity-based policy (Service: S3, Status Code: 403, Request ID: 8HG4294BC9BVA65D, Extended Request ID: mQkapFGg/SNdh8VVGfpmQZ6WH8b5OpdM6advwwHl3P9Bahq0kHqbjLQW4geASAbZThIYX0/YkG+/grT1pvEagk6Ac0sjA9VSh8hNvcFu84E=)
	at software.amazon.awssdk.core.internal.http.CombinedResponseHandler.handleErrorResponse(CombinedResponseHandler.java:125)
	at software.amazon.awssdk.core.internal.http.CombinedResponseHandler.handleResponse(CombinedResponseHandler.java:82)
	at software.amazon.awssdk.core.internal.http.CombinedResponseHandler.handle(CombinedResponseHandler.java:60)
	at software.amazon.awssdk.core.internal.http.CombinedResponseHandler.handle(CombinedResponseHandler.java:41)
	at software.amazon.awssdk.core.internal.http.pipeline.stages.HandleResponseStage.execute(HandleResponseStage.java:50)
	at software.amazon.awssdk.core.internal.http.pipeline.stages.HandleResponseStage.execute(HandleResponseStage.java:38)
	at software.amazon.awssdk.core.internal.http.pipeline.RequestPipelineBuilder$ComposingRequestPipelineStage.execute(RequestPipelineBuilder.java:206)
	at software.amazon.awssdk.core.internal.http.pipeline.stages.ApiCallAttemptTimeoutTrackingStage.execute(ApiCallAttemptTimeoutTrackingStage.java:74)
	at software.amazon.awssdk.core.internal.http.pipeline.stages.ApiCallAttemptTimeoutTrackingStage.execute(ApiCallAttemptTimeoutTrackingStage.java:43)
	at software.amazon.awssdk.core.internal.http.pipeline.stages.TimeoutExceptionHandlingStage.execute(TimeoutExceptionHandlingStage.java:79)
	at software.amazon.awssdk.core.internal.http.pipeline.stages.TimeoutExceptionHandlingStage.execute(TimeoutExceptionHandlingStage.java:41)
	at software.amazon.awssdk.core.internal.http.pipeline.stages.ApiCallAttemptMetricCollectionStage.execute(ApiCallAttemptMetricCollectionStage.java:55)
	at software.amazon.awssdk.core.internal.http.pipeline.stages.ApiCallAttemptMetricCollectionStage.execute(ApiCallAttemptMetricCollectionStage.java:39)
	at software.amazon.awssdk.core.internal.http.pipeline.stages.RetryableStage2.executeRequest(RetryableStage2.java:93)
	at software.amazon.awssdk.core.internal.http.pipeline.stages.RetryableStage2.execute(RetryableStage2.java:56)
	at software.amazon.awssdk.core.internal.http.pipeline.stages.RetryableStage2.execute(RetryableStage2.java:36)
	at software.amazon.awssdk.core.internal.http.pipeline.RequestPipelineBuilder$ComposingRequestPipelineStage.execute(RequestPipelineBuilder.java:206)
	at software.amazon.awssdk.core.internal.http.StreamManagingStage.execute(StreamManagingStage.java:53)
	at software.amazon.awssdk.core.internal.http.StreamManagingStage.execute(StreamManagingStage.java:35)
	at software.amazon.awssdk.core.internal.http.pipeline.stages.ApiCallTimeoutTrackingStage.executeWithTimer(ApiCallTimeoutTrackingStage.java:82)
	at software.amazon.awssdk.core.internal.http.pipeline.stages.ApiCallTimeoutTrackingStage.execute(ApiCallTimeoutTrackingStage.java:62)
	at software.amazon.awssdk.core.internal.http.pipeline.stages.ApiCallTimeoutTrackingStage.execute(ApiCallTimeoutTrackingStage.java:43)
	at software.amazon.awssdk.core.internal.http.pipeline.stages.ApiCallMetricCollectionStage.execute(ApiCallMetricCollectionStage.java:50)
	at software.amazon.awssdk.core.internal.http.pipeline.stages.ApiCallMetricCollectionStage.execute(ApiCallMetricCollectionStage.java:32)
	at software.amazon.awssdk.core.internal.http.pipeline.RequestPipelineBuilder$ComposingRequestPipelineStage.execute(RequestPipelineBuilder.java:206)
	at software.amazon.awssdk.core.internal.http.pipeline.RequestPipelineBuilder$ComposingRequestPipelineStage.execute(RequestPipelineBuilder.java:206)
	at software.amazon.awssdk.core.internal.http.pipeline.stages.ExecutionFailureExceptionReportingStage.execute(ExecutionFailureExceptionReportingStage.java:37)
	at software.amazon.awssdk.core.internal.http.pipeline.stages.ExecutionFailureExceptionReportingStage.execute(ExecutionFailureExceptionReportingStage.java:26)
	at software.amazon.awssdk.core.internal.http.AmazonSyncHttpClient$RequestExecutionBuilderImpl.execute(AmazonSyncHttpClient.java:210)
	at software.amazon.awssdk.core.internal.handler.BaseSyncClientHandler.invoke(BaseSyncClientHandler.java:103)
	at software.amazon.awssdk.core.internal.handler.BaseSyncClientHandler.doExecute(BaseSyncClientHandler.java:173)
	at software.amazon.awssdk.core.internal.handler.BaseSyncClientHandler.lambda$execute$0(BaseSyncClientHandler.java:66)
	at software.amazon.awssdk.core.internal.handler.BaseSyncClientHandler.measureApiCallSuccess(BaseSyncClientHandler.java:182)
	at software.amazon.awssdk.core.internal.handler.BaseSyncClientHandler.execute(BaseSyncClientHandler.java:60)
	at software.amazon.awssdk.core.client.handler.SdkSyncClientHandler.execute(SdkSyncClientHandler.java:52)
	at software.amazon.awssdk.awscore.client.handler.AwsSyncClientHandler.execute(AwsSyncClientHandler.java:60)
	at software.amazon.awssdk.services.s3.DefaultS3Client.getObject(DefaultS3Client.java:5404)
	at software.amazon.awssdk.services.s3.S3Client.getObject(S3Client.java:9482)
	at com.example.ms_report_async.infraestructure.s3.S3Adapter.download(S3Adapter.java:40)
	at com.example.ms_report_async.application.usecase.ProcessImportFileUseCaseImpl.execute(ProcessImportFileUseCaseImpl.java:41)
	at com.example.ms_report_async.infraestructure.async.RabbitImportListener.receive(RabbitImportListener.java:35)
	at java.base/jdk.internal.reflect.DirectMethodHandleAccessor.invoke(DirectMethodHandleAccessor.java:103)
	at java.base/java.lang.reflect.Method.invoke(Method.java:580)
	at org.springframework.messaging.handler.invocation.InvocableHandlerMethod.doInvoke(InvocableHandlerMethod.java:168)
	at org.springframework.amqp.rabbit.listener.adapter.KotlinAwareInvocableHandlerMethod.doInvoke(KotlinAwareInvocableHandlerMethod.java:47)
	at org.springframework.messaging.handler.invocation.InvocableHandlerMethod.invoke(InvocableHandlerMethod.java:119)
	at org.springframework.amqp.rabbit.listener.adapter.HandlerAdapter.invoke(HandlerAdapter.java:83)
	at org.springframework.amqp.rabbit.listener.adapter.MessagingMessageListenerAdapter.invokeHandler(MessagingMessageListenerAdapter.java:287)
	at org.springframework.amqp.rabbit.listener.adapter.MessagingMessageListenerAdapter.invokeHandlerAndProcessResult(MessagingMessageListenerAdapter.java:233)
	at org.springframework.amqp.rabbit.listener.adapter.MessagingMessageListenerAdapter.onMessage(MessagingMessageListenerAdapter.java:157)
	at org.springframework.amqp.rabbit.listener.AbstractMessageListenerContainer.doInvokeListener(AbstractMessageListenerContainer.java:1683)
	at org.springframework.amqp.rabbit.listener.AbstractMessageListenerContainer.actualInvokeListener(AbstractMessageListenerContainer.java:1612)
	at java.base/jdk.internal.reflect.DirectMethodHandleAccessor.invoke(DirectMethodHandleAccessor.java:103)
	at java.base/java.lang.reflect.Method.invoke(Method.java:580)
	at org.springframework.aop.support.AopUtils.invokeJoinpointUsingReflection(AopUtils.java:359)
	at org.springframework.aop.framework.ReflectiveMethodInvocation.invokeJoinpoint(ReflectiveMethodInvocation.java:190)
	at org.springframework.aop.framework.ReflectiveMethodInvocation.proceed(ReflectiveMethodInvocation.java:158)
	at org.springframework.core.retry.RetryTemplate.execute(RetryTemplate.java:135)
	at org.springframework.amqp.rabbit.config.StatelessRetryOperationsInterceptor.invoke(StatelessRetryOperationsInterceptor.java:57)
	at org.springframework.aop.framework.ReflectiveMethodInvocation.proceed(ReflectiveMethodInvocation.java:179)
	at org.springframework.aop.framework.JdkDynamicAopProxy.invoke(JdkDynamicAopProxy.java:222)
	at org.springframework.amqp.rabbit.listener.$Proxy112.invokeListener(Unknown Source)
	at org.springframework.amqp.rabbit.listener.AbstractMessageListenerContainer.invokeListener(AbstractMessageListenerContainer.java:1599)
	at org.springframework.amqp.rabbit.listener.AbstractMessageListenerContainer.doExecuteListener(AbstractMessageListenerContainer.java:1590)
	at org.springframework.amqp.rabbit.listener.AbstractMessageListenerContainer.executeListenerAndHandleException(AbstractMessageListenerContainer.java:1539)
	at org.springframework.amqp.rabbit.listener.AbstractMessageListenerContainer.executeListener(AbstractMessageListenerContainer.java:1520)
	at org.springframework.amqp.rabbit.listener.SimpleMessageListenerContainer.doReceiveAndExecute(SimpleMessageListenerContainer.java:1116)
	at org.springframework.amqp.rabbit.listener.SimpleMessageListenerContainer.receiveAndExecute(SimpleMessageListenerContainer.java:1061)
	at org.springframework.amqp.rabbit.listener.SimpleMessageListenerContainer$AsyncMessageProcessingConsumer.mainLoop(SimpleMessageListenerContainer.java:1465)
	at org.springframework.amqp.rabbit.listener.SimpleMessageListenerContainer$AsyncMessageProcessingConsumer.run(SimpleMessageListenerContainer.java:1359)
	at java.base/java.lang.Thread.run(Thread.java:1583)
2026-03-10 20:28:12.340 [org.springframework.amqp.rabbit.RabbitListenerEndpointContainer#0-1] ERROR c.e.m.i.async.RabbitImportListener [] - Erro ao processar mensagem JSON: {"jobId":"9dd70e44-49a7-438c-91ff-cc47dd2d15ce", "fileKey":"estatisticas_di_2025_10-12_trusted.csv"}
java.lang.RuntimeException: Falha ao processar arquivo: estatisticas_di_2025_10-12_trusted.csv
	at com.example.ms_report_async.application.usecase.ProcessImportFileUseCaseImpl.execute(ProcessImportFileUseCaseImpl.java:61)
	at com.example.ms_report_async.infraestructure.async.RabbitImportListener.receive(RabbitImportListener.java:35)
	at java.base/jdk.internal.reflect.DirectMethodHandleAccessor.invoke(DirectMethodHandleAccessor.java:103)
	at java.base/java.lang.reflect.Method.invoke(Method.java:580)
	at org.springframework.messaging.handler.invocation.InvocableHandlerMethod.doInvoke(InvocableHandlerMethod.java:168)
	at org.springframework.amqp.rabbit.listener.adapter.KotlinAwareInvocableHandlerMethod.doInvoke(KotlinAwareInvocableHandlerMethod.java:47)
	at org.springframework.messaging.handler.invocation.InvocableHandlerMethod.invoke(InvocableHandlerMethod.java:119)
	at org.springframework.amqp.rabbit.listener.adapter.HandlerAdapter.invoke(HandlerAdapter.java:83)
	at org.springframework.amqp.rabbit.listener.adapter.MessagingMessageListenerAdapter.invokeHandler(MessagingMessageListenerAdapter.java:287)
	at org.springframework.amqp.rabbit.listener.adapter.MessagingMessageListenerAdapter.invokeHandlerAndProcessResult(MessagingMessageListenerAdapter.java:233)
	at org.springframework.amqp.rabbit.listener.adapter.MessagingMessageListenerAdapter.onMessage(MessagingMessageListenerAdapter.java:157)
	at org.springframework.amqp.rabbit.listener.AbstractMessageListenerContainer.doInvokeListener(AbstractMessageListenerContainer.java:1683)
	at org.springframework.amqp.rabbit.listener.AbstractMessageListenerContainer.actualInvokeListener(AbstractMessageListenerContainer.java:1612)
	at java.base/jdk.internal.reflect.DirectMethodHandleAccessor.invoke(DirectMethodHandleAccessor.java:103)
	at java.base/java.lang.reflect.Method.invoke(Method.java:580)
	at org.springframework.aop.support.AopUtils.invokeJoinpointUsingReflection(AopUtils.java:359)
	at org.springframework.aop.framework.ReflectiveMethodInvocation.invokeJoinpoint(ReflectiveMethodInvocation.java:190)
	at org.springframework.aop.framework.ReflectiveMethodInvocation.proceed(ReflectiveMethodInvocation.java:158)
	at org.springframework.core.retry.RetryTemplate.execute(RetryTemplate.java:135)
	at org.springframework.amqp.rabbit.config.StatelessRetryOperationsInterceptor.invoke(StatelessRetryOperationsInterceptor.java:57)
	at org.springframework.aop.framework.ReflectiveMethodInvocation.proceed(ReflectiveMethodInvocation.java:179)
	at org.springframework.aop.framework.JdkDynamicAopProxy.invoke(JdkDynamicAopProxy.java:222)
	at org.springframework.amqp.rabbit.listener.$Proxy112.invokeListener(Unknown Source)
	at org.springframework.amqp.rabbit.listener.AbstractMessageListenerContainer.invokeListener(AbstractMessageListenerContainer.java:1599)
	at org.springframework.amqp.rabbit.listener.AbstractMessageListenerContainer.doExecuteListener(AbstractMessageListenerContainer.java:1590)
	at org.springframework.amqp.rabbit.listener.AbstractMessageListenerContainer.executeListenerAndHandleException(AbstractMessageListenerContainer.java:1539)
	at org.springframework.amqp.rabbit.listener.AbstractMessageListenerContainer.executeListener(AbstractMessageListenerContainer.java:1520)
	at org.springframework.amqp.rabbit.listener.SimpleMessageListenerContainer.doReceiveAndExecute(SimpleMessageListenerContainer.java:1116)
	at org.springframework.amqp.rabbit.listener.SimpleMessageListenerContainer.receiveAndExecute(SimpleMessageListenerContainer.java:1061)
	at org.springframework.amqp.rabbit.listener.SimpleMessageListenerContainer$AsyncMessageProcessingConsumer.mainLoop(SimpleMessageListenerContainer.java:1465)
	at org.springframework.amqp.rabbit.listener.SimpleMessageListenerContainer$AsyncMessageProcessingConsumer.run(SimpleMessageListenerContainer.java:1359)
	at java.base/java.lang.Thread.run(Thread.java:1583)
Caused by: software.amazon.awssdk.services.s3.model.S3Exception: User: arn:aws:sts::822696479830:assumed-role/voclabs/user3869980=guilherme.figueiredo@sptech.school is not authorized to perform: s3:GetObject on resource: "arn:aws:s3:::brinks-bucket-1/estatisticas_di_2025_10-12_trusted.csv" with an explicit deny in an identity-based policy (Service: S3, Status Code: 403, Request ID: 8HG4294BC9BVA65D, Extended Request ID: mQkapFGg/SNdh8VVGfpmQZ6WH8b5OpdM6advwwHl3P9Bahq0kHqbjLQW4geASAbZThIYX0/YkG+/grT1pvEagk6Ac0sjA9VSh8hNvcFu84E=)
	at software.amazon.awssdk.core.internal.http.CombinedResponseHandler.handleErrorResponse(CombinedResponseHandler.java:125)
	at software.amazon.awssdk.core.internal.http.CombinedResponseHandler.handleResponse(CombinedResponseHandler.java:82)
	at software.amazon.awssdk.core.internal.http.CombinedResponseHandler.handle(CombinedResponseHandler.java:60)
	at software.amazon.awssdk.core.internal.http.CombinedResponseHandler.handle(CombinedResponseHandler.java:41)
	at software.amazon.awssdk.core.internal.http.pipeline.stages.HandleResponseStage.execute(HandleResponseStage.java:50)
	at software.amazon.awssdk.core.internal.http.pipeline.stages.HandleResponseStage.execute(HandleResponseStage.java:38)
	at software.amazon.awssdk.core.internal.http.pipeline.RequestPipelineBuilder$ComposingRequestPipelineStage.execute(RequestPipelineBuilder.java:206)
	at software.amazon.awssdk.core.internal.http.pipeline.stages.ApiCallAttemptTimeoutTrackingStage.execute(ApiCallAttemptTimeoutTrackingStage.java:74)
	at software.amazon.awssdk.core.internal.http.pipeline.stages.ApiCallAttemptTimeoutTrackingStage.execute(ApiCallAttemptTimeoutTrackingStage.java:43)
	at software.amazon.awssdk.core.internal.http.pipeline.stages.TimeoutExceptionHandlingStage.execute(TimeoutExceptionHandlingStage.java:79)
	at software.amazon.awssdk.core.internal.http.pipeline.stages.TimeoutExceptionHandlingStage.execute(TimeoutExceptionHandlingStage.java:41)
	at software.amazon.awssdk.core.internal.http.pipeline.stages.ApiCallAttemptMetricCollectionStage.execute(ApiCallAttemptMetricCollectionStage.java:55)
	at software.amazon.awssdk.core.internal.http.pipeline.stages.ApiCallAttemptMetricCollectionStage.execute(ApiCallAttemptMetricCollectionStage.java:39)
	at software.amazon.awssdk.core.internal.http.pipeline.stages.RetryableStage2.executeRequest(RetryableStage2.java:93)
	at software.amazon.awssdk.core.internal.http.pipeline.stages.RetryableStage2.execute(RetryableStage2.java:56)
	at software.amazon.awssdk.core.internal.http.pipeline.stages.RetryableStage2.execute(RetryableStage2.java:36)
	at software.amazon.awssdk.core.internal.http.pipeline.RequestPipelineBuilder$ComposingRequestPipelineStage.execute(RequestPipelineBuilder.java:206)
	at software.amazon.awssdk.core.internal.http.StreamManagingStage.execute(StreamManagingStage.java:53)
	at software.amazon.awssdk.core.internal.http.StreamManagingStage.execute(StreamManagingStage.java:35)
	at software.amazon.awssdk.core.internal.http.pipeline.stages.ApiCallTimeoutTrackingStage.executeWithTimer(ApiCallTimeoutTrackingStage.java:82)
	at software.amazon.awssdk.core.internal.http.pipeline.stages.ApiCallTimeoutTrackingStage.execute(ApiCallTimeoutTrackingStage.java:62)
	at software.amazon.awssdk.core.internal.http.pipeline.stages.ApiCallTimeoutTrackingStage.execute(ApiCallTimeoutTrackingStage.java:43)
	at software.amazon.awssdk.core.internal.http.pipeline.stages.ApiCallMetricCollectionStage.execute(ApiCallMetricCollectionStage.java:50)
	at software.amazon.awssdk.core.internal.http.pipeline.stages.ApiCallMetricCollectionStage.execute(ApiCallMetricCollectionStage.java:32)
	at software.amazon.awssdk.core.internal.http.pipeline.RequestPipelineBuilder$ComposingRequestPipelineStage.execute(RequestPipelineBuilder.java:206)
	at software.amazon.awssdk.core.internal.http.pipeline.RequestPipelineBuilder$ComposingRequestPipelineStage.execute(RequestPipelineBuilder.java:206)
	at software.amazon.awssdk.core.internal.http.pipeline.stages.ExecutionFailureExceptionReportingStage.execute(ExecutionFailureExceptionReportingStage.java:37)
	at software.amazon.awssdk.core.internal.http.pipeline.stages.ExecutionFailureExceptionReportingStage.execute(ExecutionFailureExceptionReportingStage.java:26)
	at software.amazon.awssdk.core.internal.http.AmazonSyncHttpClient$RequestExecutionBuilderImpl.execute(AmazonSyncHttpClient.java:210)
	at software.amazon.awssdk.core.internal.handler.BaseSyncClientHandler.invoke(BaseSyncClientHandler.java:103)
	at software.amazon.awssdk.core.internal.handler.BaseSyncClientHandler.doExecute(BaseSyncClientHandler.java:173)
	at software.amazon.awssdk.core.internal.handler.BaseSyncClientHandler.lambda$execute$0(BaseSyncClientHandler.java:66)
	at software.amazon.awssdk.core.internal.handler.BaseSyncClientHandler.measureApiCallSuccess(BaseSyncClientHandler.java:182)
	at software.amazon.awssdk.core.internal.handler.BaseSyncClientHandler.execute(BaseSyncClientHandler.java:60)
	at software.amazon.awssdk.core.client.handler.SdkSyncClientHandler.execute(SdkSyncClientHandler.java:52)
	at software.amazon.awssdk.awscore.client.handler.AwsSyncClientHandler.execute(AwsSyncClientHandler.java:60)
	at software.amazon.awssdk.services.s3.DefaultS3Client.getObject(DefaultS3Client.java:5404)
	at software.amazon.awssdk.services.s3.S3Client.getObject(S3Client.java:9482)
	at com.example.ms_report_async.infraestructure.s3.S3Adapter.download(S3Adapter.java:40)
	at com.example.ms_report_async.application.usecase.ProcessImportFileUseCaseImpl.execute(ProcessImportFileUseCaseImpl.java:41)
	... 31 common frames omitted
2026-03-10 20:28:13.349 [org.springframework.amqp.rabbit.RabbitListenerEndpointContainer#0-1] DEBUG o.s.a.r.l.a.MessagingMessageListenerAdapter [] - Processing [GenericMessage [payload={"jobId":"9dd70e44-49a7-438c-91ff-cc47dd2d15ce", "fileKey":"estatisticas_di_2025_10-12_trusted.csv"}, headers={amqp_receivedDeliveryMode=PERSISTENT, amqp_receivedExchange=import_exchange3, amqp_deliveryTag=2, amqp_consumerQueue=import_csv_queue3, amqp_redelivered=false, amqp_receivedRoutingKey=import.csv3, amqp_contentEncoding=UTF-8, amqp_retryCount=0, id=07b799fd-479c-3c15-eec0-468d0177280c, amqp_consumerTag=amq.ctag-9Zh49KHdRCKJfmqDy1rNdQ, amqp_lastInBatch=false, contentType=text/plain, timestamp=1773185293349}]]
2026-03-10 20:28:13.350 [org.springframework.amqp.rabbit.RabbitListenerEndpointContainer#0-1] INFO  c.e.m.i.async.RabbitImportListener [] - Mensagem recebida do RabbitMQ: {"jobId":"9dd70e44-49a7-438c-91ff-cc47dd2d15ce", "fileKey":"estatisticas_di_2025_10-12_trusted.csv"}
2026-03-10 20:28:13.350 [org.springframework.amqp.rabbit.RabbitListenerEndpointContainer#0-1] DEBUG c.e.m.i.async.RabbitImportListener [] - Iniciando processamento. JobId: 9dd70e44-49a7-438c-91ff-cc47dd2d15ce, FileKey: estatisticas_di_2025_10-12_trusted.csv
2026-03-10 20:28:13.350 [org.springframework.amqp.rabbit.RabbitListenerEndpointContainer#0-1] INFO  c.e.m.a.u.ProcessImportFileUseCaseImpl [] - Iniciando processamento do arquivo. JobId: 9dd70e44-49a7-438c-91ff-cc47dd2d15ce, FileKey: estatisticas_di_2025_10-12_trusted.csv, Bucket: brinks-bucket-1
2026-03-10 20:28:13.350 [org.springframework.amqp.rabbit.RabbitListenerEndpointContainer#0-1] INFO  c.e.m.infraestructure.s3.S3Adapter [] - Iniciando download do S3. Bucket: brinks-bucket-1, Key: estatisticas_di_2025_10-12_trusted.csv
2026-03-10 20:28:13.873 [org.springframework.amqp.rabbit.RabbitListenerEndpointContainer#0-1] ERROR c.e.m.infraestructure.s3.S3Adapter [] - Erro ao fazer download do S3. Bucket: brinks-bucket-1, Key: estatisticas_di_2025_10-12_trusted.csv
software.amazon.awssdk.services.s3.model.S3Exception: User: arn:aws:sts::822696479830:assumed-role/voclabs/user3869980=guilherme.figueiredo@sptech.school is not authorized to perform: s3:GetObject on resource: "arn:aws:s3:::brinks-bucket-1/estatisticas_di_2025_10-12_trusted.csv" with an explicit deny in an identity-based policy (Service: S3, Status Code: 403, Request ID: JA89EMTHBNRXN4YC, Extended Request ID: w5Bc+DcbVPZOXiQ/HWBzR+KMgabX4gYqLPcddWjRS5gyTMJ0uIQXV9+4rIA2sgT8rgHBBjKeL1f7KNOZsGBAJWG8tVHQa6+jBzrXI186aNM=)
	at software.amazon.awssdk.core.internal.http.CombinedResponseHandler.handleErrorResponse(CombinedResponseHandler.java:125)
	at software.amazon.awssdk.core.internal.http.CombinedResponseHandler.handleResponse(CombinedResponseHandler.java:82)
	at software.amazon.awssdk.core.internal.http.CombinedResponseHandler.handle(CombinedResponseHandler.java:60)
	at software.amazon.awssdk.core.internal.http.CombinedResponseHandler.handle(CombinedResponseHandler.java:41)
	at software.amazon.awssdk.core.internal.http.pipeline.stages.HandleResponseStage.execute(HandleResponseStage.java:50)
	at software.amazon.awssdk.core.internal.http.pipeline.stages.HandleResponseStage.execute(HandleResponseStage.java:38)
	at software.amazon.awssdk.core.internal.http.pipeline.RequestPipelineBuilder$ComposingRequestPipelineStage.execute(RequestPipelineBuilder.java:206)
	at software.amazon.awssdk.core.internal.http.pipeline.stages.ApiCallAttemptTimeoutTrackingStage.execute(ApiCallAttemptTimeoutTrackingStage.java:74)
	at software.amazon.awssdk.core.internal.http.pipeline.stages.ApiCallAttemptTimeoutTrackingStage.execute(ApiCallAttemptTimeoutTrackingStage.java:43)
	at software.amazon.awssdk.core.internal.http.pipeline.stages.TimeoutExceptionHandlingStage.execute(TimeoutExceptionHandlingStage.java:79)
	at software.amazon.awssdk.core.internal.http.pipeline.stages.TimeoutExceptionHandlingStage.execute(TimeoutExceptionHandlingStage.java:41)
	at software.amazon.awssdk.core.internal.http.pipeline.stages.ApiCallAttemptMetricCollectionStage.execute(ApiCallAttemptMetricCollectionStage.java:55)
	at software.amazon.awssdk.core.internal.http.pipeline.stages.ApiCallAttemptMetricCollectionStage.execute(ApiCallAttemptMetricCollectionStage.java:39)
	at software.amazon.awssdk.core.internal.http.pipeline.stages.RetryableStage2.executeRequest(RetryableStage2.java:93)
	at software.amazon.awssdk.core.internal.http.pipeline.stages.RetryableStage2.execute(RetryableStage2.java:56)
	at software.amazon.awssdk.core.internal.http.pipeline.stages.RetryableStage2.execute(RetryableStage2.java:36)
	at software.amazon.awssdk.core.internal.http.pipeline.RequestPipelineBuilder$ComposingRequestPipelineStage.execute(RequestPipelineBuilder.java:206)
	at software.amazon.awssdk.core.internal.http.StreamManagingStage.execute(StreamManagingStage.java:53)
	at software.amazon.awssdk.core.internal.http.StreamManagingStage.execute(StreamManagingStage.java:35)
	at software.amazon.awssdk.core.internal.http.pipeline.stages.ApiCallTimeoutTrackingStage.executeWithTimer(ApiCallTimeoutTrackingStage.java:82)
	at software.amazon.awssdk.core.internal.http.pipeline.stages.ApiCallTimeoutTrackingStage.execute(ApiCallTimeoutTrackingStage.java:62)
	at software.amazon.awssdk.core.internal.http.pipeline.stages.ApiCallTimeoutTrackingStage.execute(ApiCallTimeoutTrackingStage.java:43)
	at software.amazon.awssdk.core.internal.http.pipeline.stages.ApiCallMetricCollectionStage.execute(ApiCallMetricCollectionStage.java:50)
	at software.amazon.awssdk.core.internal.http.pipeline.stages.ApiCallMetricCollectionStage.execute(ApiCallMetricCollectionStage.java:32)
	at software.amazon.awssdk.core.internal.http.pipeline.RequestPipelineBuilder$ComposingRequestPipelineStage.execute(RequestPipelineBuilder.java:206)
	at software.amazon.awssdk.core.internal.http.pipeline.RequestPipelineBuilder$ComposingRequestPipelineStage.execute(RequestPipelineBuilder.java:206)
	at software.amazon.awssdk.core.internal.http.pipeline.stages.ExecutionFailureExceptionReportingStage.execute(ExecutionFailureExceptionReportingStage.java:37)
	at software.amazon.awssdk.core.internal.http.pipeline.stages.ExecutionFailureExceptionReportingStage.execute(ExecutionFailureExceptionReportingStage.java:26)
	at software.amazon.awssdk.core.internal.http.AmazonSyncHttpClient$RequestExecutionBuilderImpl.execute(AmazonSyncHttpClient.java:210)
	at software.amazon.awssdk.core.internal.handler.BaseSyncClientHandler.invoke(BaseSyncClientHandler.java:103)
	at software.amazon.awssdk.core.internal.handler.BaseSyncClientHandler.doExecute(BaseSyncClientHandler.java:173)
	at software.amazon.awssdk.core.internal.handler.BaseSyncClientHandler.lambda$execute$0(BaseSyncClientHandler.java:66)
	at software.amazon.awssdk.core.internal.handler.BaseSyncClientHandler.measureApiCallSuccess(BaseSyncClientHandler.java:182)
	at software.amazon.awssdk.core.internal.handler.BaseSyncClientHandler.execute(BaseSyncClientHandler.java:60)
	at software.amazon.awssdk.core.client.handler.SdkSyncClientHandler.execute(SdkSyncClientHandler.java:52)
	at software.amazon.awssdk.awscore.client.handler.AwsSyncClientHandler.execute(AwsSyncClientHandler.java:60)
	at software.amazon.awssdk.services.s3.DefaultS3Client.getObject(DefaultS3Client.java:5404)
	at software.amazon.awssdk.services.s3.S3Client.getObject(S3Client.java:9482)
	at com.example.ms_report_async.infraestructure.s3.S3Adapter.download(S3Adapter.java:40)
	at com.example.ms_report_async.application.usecase.ProcessImportFileUseCaseImpl.execute(ProcessImportFileUseCaseImpl.java:41)
	at com.example.ms_report_async.infraestructure.async.RabbitImportListener.receive(RabbitImportListener.java:35)
	at java.base/jdk.internal.reflect.DirectMethodHandleAccessor.invoke(DirectMethodHandleAccessor.java:103)
	at java.base/java.lang.reflect.Method.invoke(Method.java:580)
	at org.springframework.messaging.handler.invocation.InvocableHandlerMethod.doInvoke(InvocableHandlerMethod.java:168)
	at org.springframework.amqp.rabbit.listener.adapter.KotlinAwareInvocableHandlerMethod.doInvoke(KotlinAwareInvocableHandlerMethod.java:47)
	at org.springframework.messaging.handler.invocation.InvocableHandlerMethod.invoke(InvocableHandlerMethod.java:119)
	at org.springframework.amqp.rabbit.listener.adapter.HandlerAdapter.invoke(HandlerAdapter.java:83)
	at org.springframework.amqp.rabbit.listener.adapter.MessagingMessageListenerAdapter.invokeHandler(MessagingMessageListenerAdapter.java:287)
	at org.springframework.amqp.rabbit.listener.adapter.MessagingMessageListenerAdapter.invokeHandlerAndProcessResult(MessagingMessageListenerAdapter.java:233)
	at org.springframework.amqp.rabbit.listener.adapter.MessagingMessageListenerAdapter.onMessage(MessagingMessageListenerAdapter.java:157)
	at org.springframework.amqp.rabbit.listener.AbstractMessageListenerContainer.doInvokeListener(AbstractMessageListenerContainer.java:1683)
	at org.springframework.amqp.rabbit.listener.AbstractMessageListenerContainer.actualInvokeListener(AbstractMessageListenerContainer.java:1612)
	at java.base/jdk.internal.reflect.DirectMethodHandleAccessor.invoke(DirectMethodHandleAccessor.java:103)
	at java.base/java.lang.reflect.Method.invoke(Method.java:580)
	at org.springframework.aop.support.AopUtils.invokeJoinpointUsingReflection(AopUtils.java:359)
	at org.springframework.aop.framework.ReflectiveMethodInvocation.invokeJoinpoint(ReflectiveMethodInvocation.java:190)
	at org.springframework.aop.framework.ReflectiveMethodInvocation.proceed(ReflectiveMethodInvocation.java:158)
	at org.springframework.core.retry.RetryTemplate.execute(RetryTemplate.java:174)
	at org.springframework.amqp.rabbit.config.StatelessRetryOperationsInterceptor.invoke(StatelessRetryOperationsInterceptor.java:57)
	at org.springframework.aop.framework.ReflectiveMethodInvocation.proceed(ReflectiveMethodInvocation.java:179)
	at org.springframework.aop.framework.JdkDynamicAopProxy.invoke(JdkDynamicAopProxy.java:222)
	at org.springframework.amqp.rabbit.listener.$Proxy112.invokeListener(Unknown Source)
	at org.springframework.amqp.rabbit.listener.AbstractMessageListenerContainer.invokeListener(AbstractMessageListenerContainer.java:1599)
	at org.springframework.amqp.rabbit.listener.AbstractMessageListenerContainer.doExecuteListener(AbstractMessageListenerContainer.java:1590)
	at org.springframework.amqp.rabbit.listener.AbstractMessageListenerContainer.executeListenerAndHandleException(AbstractMessageListenerContainer.java:1539)
	at org.springframework.amqp.rabbit.listener.AbstractMessageListenerContainer.executeListener(AbstractMessageListenerContainer.java:1520)
	at org.springframework.amqp.rabbit.listener.SimpleMessageListenerContainer.doReceiveAndExecute(SimpleMessageListenerContainer.java:1116)
	at org.springframework.amqp.rabbit.listener.SimpleMessageListenerContainer.receiveAndExecute(SimpleMessageListenerContainer.java:1061)
	at org.springframework.amqp.rabbit.listener.SimpleMessageListenerContainer$AsyncMessageProcessingConsumer.mainLoop(SimpleMessageListenerContainer.java:1465)
	at org.springframework.amqp.rabbit.listener.SimpleMessageListenerContainer$AsyncMessageProcessingConsumer.run(SimpleMessageListenerContainer.java:1359)
	at java.base/java.lang.Thread.run(Thread.java:1583)
2026-03-10 20:28:13.874 [org.springframework.amqp.rabbit.RabbitListenerEndpointContainer#0-1] ERROR c.e.m.a.u.ProcessImportFileUseCaseImpl [] - Erro ao processar arquivo. JobId: 9dd70e44-49a7-438c-91ff-cc47dd2d15ce, FileKey: estatisticas_di_2025_10-12_trusted.csv, DuracaoMs: 524
software.amazon.awssdk.services.s3.model.S3Exception: User: arn:aws:sts::822696479830:assumed-role/voclabs/user3869980=guilherme.figueiredo@sptech.school is not authorized to perform: s3:GetObject on resource: "arn:aws:s3:::brinks-bucket-1/estatisticas_di_2025_10-12_trusted.csv" with an explicit deny in an identity-based policy (Service: S3, Status Code: 403, Request ID: JA89EMTHBNRXN4YC, Extended Request ID: w5Bc+DcbVPZOXiQ/HWBzR+KMgabX4gYqLPcddWjRS5gyTMJ0uIQXV9+4rIA2sgT8rgHBBjKeL1f7KNOZsGBAJWG8tVHQa6+jBzrXI186aNM=)
	at software.amazon.awssdk.core.internal.http.CombinedResponseHandler.handleErrorResponse(CombinedResponseHandler.java:125)
	at software.amazon.awssdk.core.internal.http.CombinedResponseHandler.handleResponse(CombinedResponseHandler.java:82)
	at software.amazon.awssdk.core.internal.http.CombinedResponseHandler.handle(CombinedResponseHandler.java:60)
	at software.amazon.awssdk.core.internal.http.CombinedResponseHandler.handle(CombinedResponseHandler.java:41)
	at software.amazon.awssdk.core.internal.http.pipeline.stages.HandleResponseStage.execute(HandleResponseStage.java:50)
	at software.amazon.awssdk.core.internal.http.pipeline.stages.HandleResponseStage.execute(HandleResponseStage.java:38)
	at software.amazon.awssdk.core.internal.http.pipeline.RequestPipelineBuilder$ComposingRequestPipelineStage.execute(RequestPipelineBuilder.java:206)
	at software.amazon.awssdk.core.internal.http.pipeline.stages.ApiCallAttemptTimeoutTrackingStage.execute(ApiCallAttemptTimeoutTrackingStage.java:74)
	at software.amazon.awssdk.core.internal.http.pipeline.stages.ApiCallAttemptTimeoutTrackingStage.execute(ApiCallAttemptTimeoutTrackingStage.java:43)
	at software.amazon.awssdk.core.internal.http.pipeline.stages.TimeoutExceptionHandlingStage.execute(TimeoutExceptionHandlingStage.java:79)
	at software.amazon.awssdk.core.internal.http.pipeline.stages.TimeoutExceptionHandlingStage.execute(TimeoutExceptionHandlingStage.java:41)
	at software.amazon.awssdk.core.internal.http.pipeline.stages.ApiCallAttemptMetricCollectionStage.execute(ApiCallAttemptMetricCollectionStage.java:55)
	at software.amazon.awssdk.core.internal.http.pipeline.stages.ApiCallAttemptMetricCollectionStage.execute(ApiCallAttemptMetricCollectionStage.java:39)
	at software.amazon.awssdk.core.internal.http.pipeline.stages.RetryableStage2.executeRequest(RetryableStage2.java:93)
	at software.amazon.awssdk.core.internal.http.pipeline.stages.RetryableStage2.execute(RetryableStage2.java:56)
	at software.amazon.awssdk.core.internal.http.pipeline.stages.RetryableStage2.execute(RetryableStage2.java:36)
	at software.amazon.awssdk.core.internal.http.pipeline.RequestPipelineBuilder$ComposingRequestPipelineStage.execute(RequestPipelineBuilder.java:206)
	at software.amazon.awssdk.core.internal.http.StreamManagingStage.execute(StreamManagingStage.java:53)
	at software.amazon.awssdk.core.internal.http.StreamManagingStage.execute(StreamManagingStage.java:35)
	at software.amazon.awssdk.core.internal.http.pipeline.stages.ApiCallTimeoutTrackingStage.executeWithTimer(ApiCallTimeoutTrackingStage.java:82)
	at software.amazon.awssdk.core.internal.http.pipeline.stages.ApiCallTimeoutTrackingStage.execute(ApiCallTimeoutTrackingStage.java:62)
	at software.amazon.awssdk.core.internal.http.pipeline.stages.ApiCallTimeoutTrackingStage.execute(ApiCallTimeoutTrackingStage.java:43)
	at software.amazon.awssdk.core.internal.http.pipeline.stages.ApiCallMetricCollectionStage.execute(ApiCallMetricCollectionStage.java:50)
	at software.amazon.awssdk.core.internal.http.pipeline.stages.ApiCallMetricCollectionStage.execute(ApiCallMetricCollectionStage.java:32)
	at software.amazon.awssdk.core.internal.http.pipeline.RequestPipelineBuilder$ComposingRequestPipelineStage.execute(RequestPipelineBuilder.java:206)
	at software.amazon.awssdk.core.internal.http.pipeline.RequestPipelineBuilder$ComposingRequestPipelineStage.execute(RequestPipelineBuilder.java:206)
	at software.amazon.awssdk.core.internal.http.pipeline.stages.ExecutionFailureExceptionReportingStage.execute(ExecutionFailureExceptionReportingStage.java:37)
	at software.amazon.awssdk.core.internal.http.pipeline.stages.ExecutionFailureExceptionReportingStage.execute(ExecutionFailureExceptionReportingStage.java:26)
	at software.amazon.awssdk.core.internal.http.AmazonSyncHttpClient$RequestExecutionBuilderImpl.execute(AmazonSyncHttpClient.java:210)
	at software.amazon.awssdk.core.internal.handler.BaseSyncClientHandler.invoke(BaseSyncClientHandler.java:103)
	at software.amazon.awssdk.core.internal.handler.BaseSyncClientHandler.doExecute(BaseSyncClientHandler.java:173)
	at software.amazon.awssdk.core.internal.handler.BaseSyncClientHandler.lambda$execute$0(BaseSyncClientHandler.java:66)
	at software.amazon.awssdk.core.internal.handler.BaseSyncClientHandler.measureApiCallSuccess(BaseSyncClientHandler.java:182)
	at software.amazon.awssdk.core.internal.handler.BaseSyncClientHandler.execute(BaseSyncClientHandler.java:60)
	at software.amazon.awssdk.core.client.handler.SdkSyncClientHandler.execute(SdkSyncClientHandler.java:52)
	at software.amazon.awssdk.awscore.client.handler.AwsSyncClientHandler.execute(AwsSyncClientHandler.java:60)
	at software.amazon.awssdk.services.s3.DefaultS3Client.getObject(DefaultS3Client.java:5404)
	at software.amazon.awssdk.services.s3.S3Client.getObject(S3Client.java:9482)
	at com.example.ms_report_async.infraestructure.s3.S3Adapter.download(S3Adapter.java:40)
	at com.example.ms_report_async.application.usecase.ProcessImportFileUseCaseImpl.execute(ProcessImportFileUseCaseImpl.java:41)
	at com.example.ms_report_async.infraestructure.async.RabbitImportListener.receive(RabbitImportListener.java:35)
	at java.base/jdk.internal.reflect.DirectMethodHandleAccessor.invoke(DirectMethodHandleAccessor.java:103)
	at java.base/java.lang.reflect.Method.invoke(Method.java:580)
	at org.springframework.messaging.handler.invocation.InvocableHandlerMethod.doInvoke(InvocableHandlerMethod.java:168)
	at org.springframework.amqp.rabbit.listener.adapter.KotlinAwareInvocableHandlerMethod.doInvoke(KotlinAwareInvocableHandlerMethod.java:47)
	at org.springframework.messaging.handler.invocation.InvocableHandlerMethod.invoke(InvocableHandlerMethod.java:119)
	at org.springframework.amqp.rabbit.listener.adapter.HandlerAdapter.invoke(HandlerAdapter.java:83)
	at org.springframework.amqp.rabbit.listener.adapter.MessagingMessageListenerAdapter.invokeHandler(MessagingMessageListenerAdapter.java:287)
	at org.springframework.amqp.rabbit.listener.adapter.MessagingMessageListenerAdapter.invokeHandlerAndProcessResult(MessagingMessageListenerAdapter.java:233)
	at org.springframework.amqp.rabbit.listener.adapter.MessagingMessageListenerAdapter.onMessage(MessagingMessageListenerAdapter.java:157)
	at org.springframework.amqp.rabbit.listener.AbstractMessageListenerContainer.doInvokeListener(AbstractMessageListenerContainer.java:1683)
	at org.springframework.amqp.rabbit.listener.AbstractMessageListenerContainer.actualInvokeListener(AbstractMessageListenerContainer.java:1612)
	at java.base/jdk.internal.reflect.DirectMethodHandleAccessor.invoke(DirectMethodHandleAccessor.java:103)
	at java.base/java.lang.reflect.Method.invoke(Method.java:580)
	at org.springframework.aop.support.AopUtils.invokeJoinpointUsingReflection(AopUtils.java:359)
	at org.springframework.aop.framework.ReflectiveMethodInvocation.invokeJoinpoint(ReflectiveMethodInvocation.java:190)
	at org.springframework.aop.framework.ReflectiveMethodInvocation.proceed(ReflectiveMethodInvocation.java:158)
	at org.springframework.core.retry.RetryTemplate.execute(RetryTemplate.java:174)
	at org.springframework.amqp.rabbit.config.StatelessRetryOperationsInterceptor.invoke(StatelessRetryOperationsInterceptor.java:57)
	at org.springframework.aop.framework.ReflectiveMethodInvocation.proceed(ReflectiveMethodInvocation.java:179)
	at org.springframework.aop.framework.JdkDynamicAopProxy.invoke(JdkDynamicAopProxy.java:222)
	at org.springframework.amqp.rabbit.listener.$Proxy112.invokeListener(Unknown Source)
	at org.springframework.amqp.rabbit.listener.AbstractMessageListenerContainer.invokeListener(AbstractMessageListenerContainer.java:1599)
	at org.springframework.amqp.rabbit.listener.AbstractMessageListenerContainer.doExecuteListener(AbstractMessageListenerContainer.java:1590)
	at org.springframework.amqp.rabbit.listener.AbstractMessageListenerContainer.executeListenerAndHandleException(AbstractMessageListenerContainer.java:1539)
	at org.springframework.amqp.rabbit.listener.AbstractMessageListenerContainer.executeListener(AbstractMessageListenerContainer.java:1520)
	at org.springframework.amqp.rabbit.listener.SimpleMessageListenerContainer.doReceiveAndExecute(SimpleMessageListenerContainer.java:1116)
	at org.springframework.amqp.rabbit.listener.SimpleMessageListenerContainer.receiveAndExecute(SimpleMessageListenerContainer.java:1061)
	at org.springframework.amqp.rabbit.listener.SimpleMessageListenerContainer$AsyncMessageProcessingConsumer.mainLoop(SimpleMessageListenerContainer.java:1465)
	at org.springframework.amqp.rabbit.listener.SimpleMessageListenerContainer$AsyncMessageProcessingConsumer.run(SimpleMessageListenerContainer.java:1359)
	at java.base/java.lang.Thread.run(Thread.java:1583)
2026-03-10 20:28:13.875 [org.springframework.amqp.rabbit.RabbitListenerEndpointContainer#0-1] ERROR c.e.m.i.async.RabbitImportListener [] - Erro ao processar mensagem JSON: {"jobId":"9dd70e44-49a7-438c-91ff-cc47dd2d15ce", "fileKey":"estatisticas_di_2025_10-12_trusted.csv"}
java.lang.RuntimeException: Falha ao processar arquivo: estatisticas_di_2025_10-12_trusted.csv
	at com.example.ms_report_async.application.usecase.ProcessImportFileUseCaseImpl.execute(ProcessImportFileUseCaseImpl.java:61)
	at com.example.ms_report_async.infraestructure.async.RabbitImportListener.receive(RabbitImportListener.java:35)
	at java.base/jdk.internal.reflect.DirectMethodHandleAccessor.invoke(DirectMethodHandleAccessor.java:103)
	at java.base/java.lang.reflect.Method.invoke(Method.java:580)
	at org.springframework.messaging.handler.invocation.InvocableHandlerMethod.doInvoke(InvocableHandlerMethod.java:168)
	at org.springframework.amqp.rabbit.listener.adapter.KotlinAwareInvocableHandlerMethod.doInvoke(KotlinAwareInvocableHandlerMethod.java:47)
	at org.springframework.messaging.handler.invocation.InvocableHandlerMethod.invoke(InvocableHandlerMethod.java:119)
	at org.springframework.amqp.rabbit.listener.adapter.HandlerAdapter.invoke(HandlerAdapter.java:83)
	at org.springframework.amqp.rabbit.listener.adapter.MessagingMessageListenerAdapter.invokeHandler(MessagingMessageListenerAdapter.java:287)
	at org.springframework.amqp.rabbit.listener.adapter.MessagingMessageListenerAdapter.invokeHandlerAndProcessResult(MessagingMessageListenerAdapter.java:233)
	at org.springframework.amqp.rabbit.listener.adapter.MessagingMessageListenerAdapter.onMessage(MessagingMessageListenerAdapter.java:157)
	at org.springframework.amqp.rabbit.listener.AbstractMessageListenerContainer.doInvokeListener(AbstractMessageListenerContainer.java:1683)
	at org.springframework.amqp.rabbit.listener.AbstractMessageListenerContainer.actualInvokeListener(AbstractMessageListenerContainer.java:1612)
	at java.base/jdk.internal.reflect.DirectMethodHandleAccessor.invoke(DirectMethodHandleAccessor.java:103)
	at java.base/java.lang.reflect.Method.invoke(Method.java:580)
	at org.springframework.aop.support.AopUtils.invokeJoinpointUsingReflection(AopUtils.java:359)
	at org.springframework.aop.framework.ReflectiveMethodInvocation.invokeJoinpoint(ReflectiveMethodInvocation.java:190)
	at org.springframework.aop.framework.ReflectiveMethodInvocation.proceed(ReflectiveMethodInvocation.java:158)
	at org.springframework.core.retry.RetryTemplate.execute(RetryTemplate.java:174)
	at org.springframework.amqp.rabbit.config.StatelessRetryOperationsInterceptor.invoke(StatelessRetryOperationsInterceptor.java:57)
	at org.springframework.aop.framework.ReflectiveMethodInvocation.proceed(ReflectiveMethodInvocation.java:179)
	at org.springframework.aop.framework.JdkDynamicAopProxy.invoke(JdkDynamicAopProxy.java:222)
	at org.springframework.amqp.rabbit.listener.$Proxy112.invokeListener(Unknown Source)
	at org.springframework.amqp.rabbit.listener.AbstractMessageListenerContainer.invokeListener(AbstractMessageListenerContainer.java:1599)
	at org.springframework.amqp.rabbit.listener.AbstractMessageListenerContainer.doExecuteListener(AbstractMessageListenerContainer.java:1590)
	at org.springframework.amqp.rabbit.listener.AbstractMessageListenerContainer.executeListenerAndHandleException(AbstractMessageListenerContainer.java:1539)
	at org.springframework.amqp.rabbit.listener.AbstractMessageListenerContainer.executeListener(AbstractMessageListenerContainer.java:1520)
	at org.springframework.amqp.rabbit.listener.SimpleMessageListenerContainer.doReceiveAndExecute(SimpleMessageListenerContainer.java:1116)
	at org.springframework.amqp.rabbit.listener.SimpleMessageListenerContainer.receiveAndExecute(SimpleMessageListenerContainer.java:1061)
	at org.springframework.amqp.rabbit.listener.SimpleMessageListenerContainer$AsyncMessageProcessingConsumer.mainLoop(SimpleMessageListenerContainer.java:1465)
	at org.springframework.amqp.rabbit.listener.SimpleMessageListenerContainer$AsyncMessageProcessingConsumer.run(SimpleMessageListenerContainer.java:1359)
	at java.base/java.lang.Thread.run(Thread.java:1583)
Caused by: software.amazon.awssdk.services.s3.model.S3Exception: User: arn:aws:sts::822696479830:assumed-role/voclabs/user3869980=guilherme.figueiredo@sptech.school is not authorized to perform: s3:GetObject on resource: "arn:aws:s3:::brinks-bucket-1/estatisticas_di_2025_10-12_trusted.csv" with an explicit deny in an identity-based policy (Service: S3, Status Code: 403, Request ID: JA89EMTHBNRXN4YC, Extended Request ID: w5Bc+DcbVPZOXiQ/HWBzR+KMgabX4gYqLPcddWjRS5gyTMJ0uIQXV9+4rIA2sgT8rgHBBjKeL1f7KNOZsGBAJWG8tVHQa6+jBzrXI186aNM=)
	at software.amazon.awssdk.core.internal.http.CombinedResponseHandler.handleErrorResponse(CombinedResponseHandler.java:125)
	at software.amazon.awssdk.core.internal.http.CombinedResponseHandler.handleResponse(CombinedResponseHandler.java:82)
	at software.amazon.awssdk.core.internal.http.CombinedResponseHandler.handle(CombinedResponseHandler.java:60)
	at software.amazon.awssdk.core.internal.http.CombinedResponseHandler.handle(CombinedResponseHandler.java:41)
	at software.amazon.awssdk.core.internal.http.pipeline.stages.HandleResponseStage.execute(HandleResponseStage.java:50)
	at software.amazon.awssdk.core.internal.http.pipeline.stages.HandleResponseStage.execute(HandleResponseStage.java:38)
	at software.amazon.awssdk.core.internal.http.pipeline.RequestPipelineBuilder$ComposingRequestPipelineStage.execute(RequestPipelineBuilder.java:206)
	at software.amazon.awssdk.core.internal.http.pipeline.stages.ApiCallAttemptTimeoutTrackingStage.execute(ApiCallAttemptTimeoutTrackingStage.java:74)
	at software.amazon.awssdk.core.internal.http.pipeline.stages.ApiCallAttemptTimeoutTrackingStage.execute(ApiCallAttemptTimeoutTrackingStage.java:43)
	at software.amazon.awssdk.core.internal.http.pipeline.stages.TimeoutExceptionHandlingStage.execute(TimeoutExceptionHandlingStage.java:79)
	at software.amazon.awssdk.core.internal.http.pipeline.stages.TimeoutExceptionHandlingStage.execute(TimeoutExceptionHandlingStage.java:41)
	at software.amazon.awssdk.core.internal.http.pipeline.stages.ApiCallAttemptMetricCollectionStage.execute(ApiCallAttemptMetricCollectionStage.java:55)
	at software.amazon.awssdk.core.internal.http.pipeline.stages.ApiCallAttemptMetricCollectionStage.execute(ApiCallAttemptMetricCollectionStage.java:39)
	at software.amazon.awssdk.core.internal.http.pipeline.stages.RetryableStage2.executeRequest(RetryableStage2.java:93)
	at software.amazon.awssdk.core.internal.http.pipeline.stages.RetryableStage2.execute(RetryableStage2.java:56)
	at software.amazon.awssdk.core.internal.http.pipeline.stages.RetryableStage2.execute(RetryableStage2.java:36)
	at software.amazon.awssdk.core.internal.http.pipeline.RequestPipelineBuilder$ComposingRequestPipelineStage.execute(RequestPipelineBuilder.java:206)
	at software.amazon.awssdk.core.internal.http.StreamManagingStage.execute(StreamManagingStage.java:53)
	at software.amazon.awssdk.core.internal.http.StreamManagingStage.execute(StreamManagingStage.java:35)
	at software.amazon.awssdk.core.internal.http.pipeline.stages.ApiCallTimeoutTrackingStage.executeWithTimer(ApiCallTimeoutTrackingStage.java:82)
	at software.amazon.awssdk.core.internal.http.pipeline.stages.ApiCallTimeoutTrackingStage.execute(ApiCallTimeoutTrackingStage.java:62)
	at software.amazon.awssdk.core.internal.http.pipeline.stages.ApiCallTimeoutTrackingStage.execute(ApiCallTimeoutTrackingStage.java:43)
	at software.amazon.awssdk.core.internal.http.pipeline.stages.ApiCallMetricCollectionStage.execute(ApiCallMetricCollectionStage.java:50)
	at software.amazon.awssdk.core.internal.http.pipeline.stages.ApiCallMetricCollectionStage.execute(ApiCallMetricCollectionStage.java:32)
	at software.amazon.awssdk.core.internal.http.pipeline.RequestPipelineBuilder$ComposingRequestPipelineStage.execute(RequestPipelineBuilder.java:206)
	at software.amazon.awssdk.core.internal.http.pipeline.RequestPipelineBuilder$ComposingRequestPipelineStage.execute(RequestPipelineBuilder.java:206)
	at software.amazon.awssdk.core.internal.http.pipeline.stages.ExecutionFailureExceptionReportingStage.execute(ExecutionFailureExceptionReportingStage.java:37)
	at software.amazon.awssdk.core.internal.http.pipeline.stages.ExecutionFailureExceptionReportingStage.execute(ExecutionFailureExceptionReportingStage.java:26)
	at software.amazon.awssdk.core.internal.http.AmazonSyncHttpClient$RequestExecutionBuilderImpl.execute(AmazonSyncHttpClient.java:210)
	at software.amazon.awssdk.core.internal.handler.BaseSyncClientHandler.invoke(BaseSyncClientHandler.java:103)
	at software.amazon.awssdk.core.internal.handler.BaseSyncClientHandler.doExecute(BaseSyncClientHandler.java:173)
	at software.amazon.awssdk.core.internal.handler.BaseSyncClientHandler.lambda$execute$0(BaseSyncClientHandler.java:66)
	at software.amazon.awssdk.core.internal.handler.BaseSyncClientHandler.measureApiCallSuccess(BaseSyncClientHandler.java:182)
	at software.amazon.awssdk.core.internal.handler.BaseSyncClientHandler.execute(BaseSyncClientHandler.java:60)
	at software.amazon.awssdk.core.client.handler.SdkSyncClientHandler.execute(SdkSyncClientHandler.java:52)
	at software.amazon.awssdk.awscore.client.handler.AwsSyncClientHandler.execute(AwsSyncClientHandler.java:60)
	at software.amazon.awssdk.services.s3.DefaultS3Client.getObject(DefaultS3Client.java:5404)
	at software.amazon.awssdk.services.s3.S3Client.getObject(S3Client.java:9482)
	at com.example.ms_report_async.infraestructure.s3.S3Adapter.download(S3Adapter.java:40)
	at com.example.ms_report_async.application.usecase.ProcessImportFileUseCaseImpl.execute(ProcessImportFileUseCaseImpl.java:41)
	... 31 common frames omitted
2026-03-10 20:28:15.878 [org.springframework.amqp.rabbit.RabbitListenerEndpointContainer#0-1] DEBUG o.s.a.r.l.a.MessagingMessageListenerAdapter [] - Processing [GenericMessage [payload={"jobId":"9dd70e44-49a7-438c-91ff-cc47dd2d15ce", "fileKey":"estatisticas_di_2025_10-12_trusted.csv"}, headers={amqp_receivedDeliveryMode=PERSISTENT, amqp_receivedExchange=import_exchange3, amqp_deliveryTag=2, amqp_consumerQueue=import_csv_queue3, amqp_redelivered=false, amqp_receivedRoutingKey=import.csv3, amqp_contentEncoding=UTF-8, amqp_retryCount=0, id=95b8e56d-005b-7e48-e185-a3d9d67c83da, amqp_consumerTag=amq.ctag-9Zh49KHdRCKJfmqDy1rNdQ, amqp_lastInBatch=false, contentType=text/plain, timestamp=1773185295878}]]
2026-03-10 20:28:15.878 [org.springframework.amqp.rabbit.RabbitListenerEndpointContainer#0-1] INFO  c.e.m.i.async.RabbitImportListener [] - Mensagem recebida do RabbitMQ: {"jobId":"9dd70e44-49a7-438c-91ff-cc47dd2d15ce", "fileKey":"estatisticas_di_2025_10-12_trusted.csv"}
2026-03-10 20:28:15.878 [org.springframework.amqp.rabbit.RabbitListenerEndpointContainer#0-1] DEBUG c.e.m.i.async.RabbitImportListener [] - Iniciando processamento. JobId: 9dd70e44-49a7-438c-91ff-cc47dd2d15ce, FileKey: estatisticas_di_2025_10-12_trusted.csv
2026-03-10 20:28:15.878 [org.springframework.amqp.rabbit.RabbitListenerEndpointContainer#0-1] INFO  c.e.m.a.u.ProcessImportFileUseCaseImpl [] - Iniciando processamento do arquivo. JobId: 9dd70e44-49a7-438c-91ff-cc47dd2d15ce, FileKey: estatisticas_di_2025_10-12_trusted.csv, Bucket: brinks-bucket-1
2026-03-10 20:28:15.878 [org.springframework.amqp.rabbit.RabbitListenerEndpointContainer#0-1] INFO  c.e.m.infraestructure.s3.S3Adapter [] - Iniciando download do S3. Bucket: brinks-bucket-1, Key: estatisticas_di_2025_10-12_trusted.csv
2026-03-10 20:28:16.417 [org.springframework.amqp.rabbit.RabbitListenerEndpointContainer#0-1] ERROR c.e.m.infraestructure.s3.S3Adapter [] - Erro ao fazer download do S3. Bucket: brinks-bucket-1, Key: estatisticas_di_2025_10-12_trusted.csv
software.amazon.awssdk.services.s3.model.S3Exception: User: arn:aws:sts::822696479830:assumed-role/voclabs/user3869980=guilherme.figueiredo@sptech.school is not authorized to perform: s3:GetObject on resource: "arn:aws:s3:::brinks-bucket-1/estatisticas_di_2025_10-12_trusted.csv" with an explicit deny in an identity-based policy (Service: S3, Status Code: 403, Request ID: VD7BEJHD398SJ9G5, Extended Request ID: M3jmWPAts6Y3qx1w2JYXNSfmCIS4VXGkYo/x3Y6mRSS4wqomyNflAuGkF7WVNuI2nwwltfX+BHC2D6Rtly9nJQkbEfxRxOxA+9u6Nh8CqY0=)
	at software.amazon.awssdk.core.internal.http.CombinedResponseHandler.handleErrorResponse(CombinedResponseHandler.java:125)
	at software.amazon.awssdk.core.internal.http.CombinedResponseHandler.handleResponse(CombinedResponseHandler.java:82)
	at software.amazon.awssdk.core.internal.http.CombinedResponseHandler.handle(CombinedResponseHandler.java:60)
	at software.amazon.awssdk.core.internal.http.CombinedResponseHandler.handle(CombinedResponseHandler.java:41)
	at software.amazon.awssdk.core.internal.http.pipeline.stages.HandleResponseStage.execute(HandleResponseStage.java:50)
	at software.amazon.awssdk.core.internal.http.pipeline.stages.HandleResponseStage.execute(HandleResponseStage.java:38)
	at software.amazon.awssdk.core.internal.http.pipeline.RequestPipelineBuilder$ComposingRequestPipelineStage.execute(RequestPipelineBuilder.java:206)
	at software.amazon.awssdk.core.internal.http.pipeline.stages.ApiCallAttemptTimeoutTrackingStage.execute(ApiCallAttemptTimeoutTrackingStage.java:74)
	at software.amazon.awssdk.core.internal.http.pipeline.stages.ApiCallAttemptTimeoutTrackingStage.execute(ApiCallAttemptTimeoutTrackingStage.java:43)
	at software.amazon.awssdk.core.internal.http.pipeline.stages.TimeoutExceptionHandlingStage.execute(TimeoutExceptionHandlingStage.java:79)
	at software.amazon.awssdk.core.internal.http.pipeline.stages.TimeoutExceptionHandlingStage.execute(TimeoutExceptionHandlingStage.java:41)
	at software.amazon.awssdk.core.internal.http.pipeline.stages.ApiCallAttemptMetricCollectionStage.execute(ApiCallAttemptMetricCollectionStage.java:55)
	at software.amazon.awssdk.core.internal.http.pipeline.stages.ApiCallAttemptMetricCollectionStage.execute(ApiCallAttemptMetricCollectionStage.java:39)
	at software.amazon.awssdk.core.internal.http.pipeline.stages.RetryableStage2.executeRequest(RetryableStage2.java:93)
	at software.amazon.awssdk.core.internal.http.pipeline.stages.RetryableStage2.execute(RetryableStage2.java:56)
	at software.amazon.awssdk.core.internal.http.pipeline.stages.RetryableStage2.execute(RetryableStage2.java:36)
	at software.amazon.awssdk.core.internal.http.pipeline.RequestPipelineBuilder$ComposingRequestPipelineStage.execute(RequestPipelineBuilder.java:206)
	at software.amazon.awssdk.core.internal.http.StreamManagingStage.execute(StreamManagingStage.java:53)
	at software.amazon.awssdk.core.internal.http.StreamManagingStage.execute(StreamManagingStage.java:35)
	at software.amazon.awssdk.core.internal.http.pipeline.stages.ApiCallTimeoutTrackingStage.executeWithTimer(ApiCallTimeoutTrackingStage.java:82)
	at software.amazon.awssdk.core.internal.http.pipeline.stages.ApiCallTimeoutTrackingStage.execute(ApiCallTimeoutTrackingStage.java:62)
	at software.amazon.awssdk.core.internal.http.pipeline.stages.ApiCallTimeoutTrackingStage.execute(ApiCallTimeoutTrackingStage.java:43)
	at software.amazon.awssdk.core.internal.http.pipeline.stages.ApiCallMetricCollectionStage.execute(ApiCallMetricCollectionStage.java:50)
	at software.amazon.awssdk.core.internal.http.pipeline.stages.ApiCallMetricCollectionStage.execute(ApiCallMetricCollectionStage.java:32)
	at software.amazon.awssdk.core.internal.http.pipeline.RequestPipelineBuilder$ComposingRequestPipelineStage.execute(RequestPipelineBuilder.java:206)
	at software.amazon.awssdk.core.internal.http.pipeline.RequestPipelineBuilder$ComposingRequestPipelineStage.execute(RequestPipelineBuilder.java:206)
	at software.amazon.awssdk.core.internal.http.pipeline.stages.ExecutionFailureExceptionReportingStage.execute(ExecutionFailureExceptionReportingStage.java:37)
	at software.amazon.awssdk.core.internal.http.pipeline.stages.ExecutionFailureExceptionReportingStage.execute(ExecutionFailureExceptionReportingStage.java:26)
	at software.amazon.awssdk.core.internal.http.AmazonSyncHttpClient$RequestExecutionBuilderImpl.execute(AmazonSyncHttpClient.java:210)
	at software.amazon.awssdk.core.internal.handler.BaseSyncClientHandler.invoke(BaseSyncClientHandler.java:103)
	at software.amazon.awssdk.core.internal.handler.BaseSyncClientHandler.doExecute(BaseSyncClientHandler.java:173)
	at software.amazon.awssdk.core.internal.handler.BaseSyncClientHandler.lambda$execute$0(BaseSyncClientHandler.java:66)
	at software.amazon.awssdk.core.internal.handler.BaseSyncClientHandler.measureApiCallSuccess(BaseSyncClientHandler.java:182)
	at software.amazon.awssdk.core.internal.handler.BaseSyncClientHandler.execute(BaseSyncClientHandler.java:60)
	at software.amazon.awssdk.core.client.handler.SdkSyncClientHandler.execute(SdkSyncClientHandler.java:52)
	at software.amazon.awssdk.awscore.client.handler.AwsSyncClientHandler.execute(AwsSyncClientHandler.java:60)
	at software.amazon.awssdk.services.s3.DefaultS3Client.getObject(DefaultS3Client.java:5404)
	at software.amazon.awssdk.services.s3.S3Client.getObject(S3Client.java:9482)
	at com.example.ms_report_async.infraestructure.s3.S3Adapter.download(S3Adapter.java:40)
	at com.example.ms_report_async.application.usecase.ProcessImportFileUseCaseImpl.execute(ProcessImportFileUseCaseImpl.java:41)
	at com.example.ms_report_async.infraestructure.async.RabbitImportListener.receive(RabbitImportListener.java:35)
	at java.base/jdk.internal.reflect.DirectMethodHandleAccessor.invoke(DirectMethodHandleAccessor.java:103)
	at java.base/java.lang.reflect.Method.invoke(Method.java:580)
	at org.springframework.messaging.handler.invocation.InvocableHandlerMethod.doInvoke(InvocableHandlerMethod.java:168)
	at org.springframework.amqp.rabbit.listener.adapter.KotlinAwareInvocableHandlerMethod.doInvoke(KotlinAwareInvocableHandlerMethod.java:47)
	at org.springframework.messaging.handler.invocation.InvocableHandlerMethod.invoke(InvocableHandlerMethod.java:119)
	at org.springframework.amqp.rabbit.listener.adapter.HandlerAdapter.invoke(HandlerAdapter.java:83)
	at org.springframework.amqp.rabbit.listener.adapter.MessagingMessageListenerAdapter.invokeHandler(MessagingMessageListenerAdapter.java:287)
	at org.springframework.amqp.rabbit.listener.adapter.MessagingMessageListenerAdapter.invokeHandlerAndProcessResult(MessagingMessageListenerAdapter.java:233)
	at org.springframework.amqp.rabbit.listener.adapter.MessagingMessageListenerAdapter.onMessage(MessagingMessageListenerAdapter.java:157)
	at org.springframework.amqp.rabbit.listener.AbstractMessageListenerContainer.doInvokeListener(AbstractMessageListenerContainer.java:1683)
	at org.springframework.amqp.rabbit.listener.AbstractMessageListenerContainer.actualInvokeListener(AbstractMessageListenerContainer.java:1612)
	at java.base/jdk.internal.reflect.DirectMethodHandleAccessor.invoke(DirectMethodHandleAccessor.java:103)
	at java.base/java.lang.reflect.Method.invoke(Method.java:580)
	at org.springframework.aop.support.AopUtils.invokeJoinpointUsingReflection(AopUtils.java:359)
	at org.springframework.aop.framework.ReflectiveMethodInvocation.invokeJoinpoint(ReflectiveMethodInvocation.java:190)
	at org.springframework.aop.framework.ReflectiveMethodInvocation.proceed(ReflectiveMethodInvocation.java:158)
	at org.springframework.core.retry.RetryTemplate.execute(RetryTemplate.java:174)
	at org.springframework.amqp.rabbit.config.StatelessRetryOperationsInterceptor.invoke(StatelessRetryOperationsInterceptor.java:57)
	at org.springframework.aop.framework.ReflectiveMethodInvocation.proceed(ReflectiveMethodInvocation.java:179)
	at org.springframework.aop.framework.JdkDynamicAopProxy.invoke(JdkDynamicAopProxy.java:222)
	at org.springframework.amqp.rabbit.listener.$Proxy112.invokeListener(Unknown Source)
	at org.springframework.amqp.rabbit.listener.AbstractMessageListenerContainer.invokeListener(AbstractMessageListenerContainer.java:1599)
	at org.springframework.amqp.rabbit.listener.AbstractMessageListenerContainer.doExecuteListener(AbstractMessageListenerContainer.java:1590)
	at org.springframework.amqp.rabbit.listener.AbstractMessageListenerContainer.executeListenerAndHandleException(AbstractMessageListenerContainer.java:1539)
	at org.springframework.amqp.rabbit.listener.AbstractMessageListenerContainer.executeListener(AbstractMessageListenerContainer.java:1520)
	at org.springframework.amqp.rabbit.listener.SimpleMessageListenerContainer.doReceiveAndExecute(SimpleMessageListenerContainer.java:1116)
	at org.springframework.amqp.rabbit.listener.SimpleMessageListenerContainer.receiveAndExecute(SimpleMessageListenerContainer.java:1061)
	at org.springframework.amqp.rabbit.listener.SimpleMessageListenerContainer$AsyncMessageProcessingConsumer.mainLoop(SimpleMessageListenerContainer.java:1465)
	at org.springframework.amqp.rabbit.listener.SimpleMessageListenerContainer$AsyncMessageProcessingConsumer.run(SimpleMessageListenerContainer.java:1359)
	at java.base/java.lang.Thread.run(Thread.java:1583)
2026-03-10 20:28:16.418 [org.springframework.amqp.rabbit.RabbitListenerEndpointContainer#0-1] ERROR c.e.m.a.u.ProcessImportFileUseCaseImpl [] - Erro ao processar arquivo. JobId: 9dd70e44-49a7-438c-91ff-cc47dd2d15ce, FileKey: estatisticas_di_2025_10-12_trusted.csv, DuracaoMs: 540
software.amazon.awssdk.services.s3.model.S3Exception: User: arn:aws:sts::822696479830:assumed-role/voclabs/user3869980=guilherme.figueiredo@sptech.school is not authorized to perform: s3:GetObject on resource: "arn:aws:s3:::brinks-bucket-1/estatisticas_di_2025_10-12_trusted.csv" with an explicit deny in an identity-based policy (Service: S3, Status Code: 403, Request ID: VD7BEJHD398SJ9G5, Extended Request ID: M3jmWPAts6Y3qx1w2JYXNSfmCIS4VXGkYo/x3Y6mRSS4wqomyNflAuGkF7WVNuI2nwwltfX+BHC2D6Rtly9nJQkbEfxRxOxA+9u6Nh8CqY0=)
	at software.amazon.awssdk.core.internal.http.CombinedResponseHandler.handleErrorResponse(CombinedResponseHandler.java:125)
	at software.amazon.awssdk.core.internal.http.CombinedResponseHandler.handleResponse(CombinedResponseHandler.java:82)
	at software.amazon.awssdk.core.internal.http.CombinedResponseHandler.handle(CombinedResponseHandler.java:60)
	at software.amazon.awssdk.core.internal.http.CombinedResponseHandler.handle(CombinedResponseHandler.java:41)
	at software.amazon.awssdk.core.internal.http.pipeline.stages.HandleResponseStage.execute(HandleResponseStage.java:50)
	at software.amazon.awssdk.core.internal.http.pipeline.stages.HandleResponseStage.execute(HandleResponseStage.java:38)
	at software.amazon.awssdk.core.internal.http.pipeline.RequestPipelineBuilder$ComposingRequestPipelineStage.execute(RequestPipelineBuilder.java:206)
	at software.amazon.awssdk.core.internal.http.pipeline.stages.ApiCallAttemptTimeoutTrackingStage.execute(ApiCallAttemptTimeoutTrackingStage.java:74)
	at software.amazon.awssdk.core.internal.http.pipeline.stages.ApiCallAttemptTimeoutTrackingStage.execute(ApiCallAttemptTimeoutTrackingStage.java:43)
	at software.amazon.awssdk.core.internal.http.pipeline.stages.TimeoutExceptionHandlingStage.execute(TimeoutExceptionHandlingStage.java:79)
	at software.amazon.awssdk.core.internal.http.pipeline.stages.TimeoutExceptionHandlingStage.execute(TimeoutExceptionHandlingStage.java:41)
	at software.amazon.awssdk.core.internal.http.pipeline.stages.ApiCallAttemptMetricCollectionStage.execute(ApiCallAttemptMetricCollectionStage.java:55)
	at software.amazon.awssdk.core.internal.http.pipeline.stages.ApiCallAttemptMetricCollectionStage.execute(ApiCallAttemptMetricCollectionStage.java:39)
	at software.amazon.awssdk.core.internal.http.pipeline.stages.RetryableStage2.executeRequest(RetryableStage2.java:93)
	at software.amazon.awssdk.core.internal.http.pipeline.stages.RetryableStage2.execute(RetryableStage2.java:56)
	at software.amazon.awssdk.core.internal.http.pipeline.stages.RetryableStage2.execute(RetryableStage2.java:36)
	at software.amazon.awssdk.core.internal.http.pipeline.RequestPipelineBuilder$ComposingRequestPipelineStage.execute(RequestPipelineBuilder.java:206)
	at software.amazon.awssdk.core.internal.http.StreamManagingStage.execute(StreamManagingStage.java:53)
	at software.amazon.awssdk.core.internal.http.StreamManagingStage.execute(StreamManagingStage.java:35)
	at software.amazon.awssdk.core.internal.http.pipeline.stages.ApiCallTimeoutTrackingStage.executeWithTimer(ApiCallTimeoutTrackingStage.java:82)
	at software.amazon.awssdk.core.internal.http.pipeline.stages.ApiCallTimeoutTrackingStage.execute(ApiCallTimeoutTrackingStage.java:62)
	at software.amazon.awssdk.core.internal.http.pipeline.stages.ApiCallTimeoutTrackingStage.execute(ApiCallTimeoutTrackingStage.java:43)
	at software.amazon.awssdk.core.internal.http.pipeline.stages.ApiCallMetricCollectionStage.execute(ApiCallMetricCollectionStage.java:50)
	at software.amazon.awssdk.core.internal.http.pipeline.stages.ApiCallMetricCollectionStage.execute(ApiCallMetricCollectionStage.java:32)
	at software.amazon.awssdk.core.internal.http.pipeline.RequestPipelineBuilder$ComposingRequestPipelineStage.execute(RequestPipelineBuilder.java:206)
	at software.amazon.awssdk.core.internal.http.pipeline.RequestPipelineBuilder$ComposingRequestPipelineStage.execute(RequestPipelineBuilder.java:206)
	at software.amazon.awssdk.core.internal.http.pipeline.stages.ExecutionFailureExceptionReportingStage.execute(ExecutionFailureExceptionReportingStage.java:37)
	at software.amazon.awssdk.core.internal.http.pipeline.stages.ExecutionFailureExceptionReportingStage.execute(ExecutionFailureExceptionReportingStage.java:26)
	at software.amazon.awssdk.core.internal.http.AmazonSyncHttpClient$RequestExecutionBuilderImpl.execute(AmazonSyncHttpClient.java:210)
	at software.amazon.awssdk.core.internal.handler.BaseSyncClientHandler.invoke(BaseSyncClientHandler.java:103)
	at software.amazon.awssdk.core.internal.handler.BaseSyncClientHandler.doExecute(BaseSyncClientHandler.java:173)
	at software.amazon.awssdk.core.internal.handler.BaseSyncClientHandler.lambda$execute$0(BaseSyncClientHandler.java:66)
	at software.amazon.awssdk.core.internal.handler.BaseSyncClientHandler.measureApiCallSuccess(BaseSyncClientHandler.java:182)
	at software.amazon.awssdk.core.internal.handler.BaseSyncClientHandler.execute(BaseSyncClientHandler.java:60)
	at software.amazon.awssdk.core.client.handler.SdkSyncClientHandler.execute(SdkSyncClientHandler.java:52)
	at software.amazon.awssdk.awscore.client.handler.AwsSyncClientHandler.execute(AwsSyncClientHandler.java:60)
	at software.amazon.awssdk.services.s3.DefaultS3Client.getObject(DefaultS3Client.java:5404)
	at software.amazon.awssdk.services.s3.S3Client.getObject(S3Client.java:9482)
	at com.example.ms_report_async.infraestructure.s3.S3Adapter.download(S3Adapter.java:40)
	at com.example.ms_report_async.application.usecase.ProcessImportFileUseCaseImpl.execute(ProcessImportFileUseCaseImpl.java:41)
	at com.example.ms_report_async.infraestructure.async.RabbitImportListener.receive(RabbitImportListener.java:35)
	at java.base/jdk.internal.reflect.DirectMethodHandleAccessor.invoke(DirectMethodHandleAccessor.java:103)
	at java.base/java.lang.reflect.Method.invoke(Method.java:580)
	at org.springframework.messaging.handler.invocation.InvocableHandlerMethod.doInvoke(InvocableHandlerMethod.java:168)
	at org.springframework.amqp.rabbit.listener.adapter.KotlinAwareInvocableHandlerMethod.doInvoke(KotlinAwareInvocableHandlerMethod.java:47)
	at org.springframework.messaging.handler.invocation.InvocableHandlerMethod.invoke(InvocableHandlerMethod.java:119)
	at org.springframework.amqp.rabbit.listener.adapter.HandlerAdapter.invoke(HandlerAdapter.java:83)
	at org.springframework.amqp.rabbit.listener.adapter.MessagingMessageListenerAdapter.invokeHandler(MessagingMessageListenerAdapter.java:287)
	at org.springframework.amqp.rabbit.listener.adapter.MessagingMessageListenerAdapter.invokeHandlerAndProcessResult(MessagingMessageListenerAdapter.java:233)
	at org.springframework.amqp.rabbit.listener.adapter.MessagingMessageListenerAdapter.onMessage(MessagingMessageListenerAdapter.java:157)
	at org.springframework.amqp.rabbit.listener.AbstractMessageListenerContainer.doInvokeListener(AbstractMessageListenerContainer.java:1683)
	at org.springframework.amqp.rabbit.listener.AbstractMessageListenerContainer.actualInvokeListener(AbstractMessageListenerContainer.java:1612)
	at java.base/jdk.internal.reflect.DirectMethodHandleAccessor.invoke(DirectMethodHandleAccessor.java:103)
	at java.base/java.lang.reflect.Method.invoke(Method.java:580)
	at org.springframework.aop.support.AopUtils.invokeJoinpointUsingReflection(AopUtils.java:359)
	at org.springframework.aop.framework.ReflectiveMethodInvocation.invokeJoinpoint(ReflectiveMethodInvocation.java:190)
	at org.springframework.aop.framework.ReflectiveMethodInvocation.proceed(ReflectiveMethodInvocation.java:158)
	at org.springframework.core.retry.RetryTemplate.execute(RetryTemplate.java:174)
	at org.springframework.amqp.rabbit.config.StatelessRetryOperationsInterceptor.invoke(StatelessRetryOperationsInterceptor.java:57)
	at org.springframework.aop.framework.ReflectiveMethodInvocation.proceed(ReflectiveMethodInvocation.java:179)
	at org.springframework.aop.framework.JdkDynamicAopProxy.invoke(JdkDynamicAopProxy.java:222)
	at org.springframework.amqp.rabbit.listener.$Proxy112.invokeListener(Unknown Source)
	at org.springframework.amqp.rabbit.listener.AbstractMessageListenerContainer.invokeListener(AbstractMessageListenerContainer.java:1599)
	at org.springframework.amqp.rabbit.listener.AbstractMessageListenerContainer.doExecuteListener(AbstractMessageListenerContainer.java:1590)
	at org.springframework.amqp.rabbit.listener.AbstractMessageListenerContainer.executeListenerAndHandleException(AbstractMessageListenerContainer.java:1539)
	at org.springframework.amqp.rabbit.listener.AbstractMessageListenerContainer.executeListener(AbstractMessageListenerContainer.java:1520)
	at org.springframework.amqp.rabbit.listener.SimpleMessageListenerContainer.doReceiveAndExecute(SimpleMessageListenerContainer.java:1116)
	at org.springframework.amqp.rabbit.listener.SimpleMessageListenerContainer.receiveAndExecute(SimpleMessageListenerContainer.java:1061)
	at org.springframework.amqp.rabbit.listener.SimpleMessageListenerContainer$AsyncMessageProcessingConsumer.mainLoop(SimpleMessageListenerContainer.java:1465)
	at org.springframework.amqp.rabbit.listener.SimpleMessageListenerContainer$AsyncMessageProcessingConsumer.run(SimpleMessageListenerContainer.java:1359)
	at java.base/java.lang.Thread.run(Thread.java:1583)
2026-03-10 20:28:16.418 [org.springframework.amqp.rabbit.RabbitListenerEndpointContainer#0-1] ERROR c.e.m.i.async.RabbitImportListener [] - Erro ao processar mensagem JSON: {"jobId":"9dd70e44-49a7-438c-91ff-cc47dd2d15ce", "fileKey":"estatisticas_di_2025_10-12_trusted.csv"}
java.lang.RuntimeException: Falha ao processar arquivo: estatisticas_di_2025_10-12_trusted.csv
	at com.example.ms_report_async.application.usecase.ProcessImportFileUseCaseImpl.execute(ProcessImportFileUseCaseImpl.java:61)
	at com.example.ms_report_async.infraestructure.async.RabbitImportListener.receive(RabbitImportListener.java:35)
	at java.base/jdk.internal.reflect.DirectMethodHandleAccessor.invoke(DirectMethodHandleAccessor.java:103)
	at java.base/java.lang.reflect.Method.invoke(Method.java:580)
	at org.springframework.messaging.handler.invocation.InvocableHandlerMethod.doInvoke(InvocableHandlerMethod.java:168)
	at org.springframework.amqp.rabbit.listener.adapter.KotlinAwareInvocableHandlerMethod.doInvoke(KotlinAwareInvocableHandlerMethod.java:47)
	at org.springframework.messaging.handler.invocation.InvocableHandlerMethod.invoke(InvocableHandlerMethod.java:119)
	at org.springframework.amqp.rabbit.listener.adapter.HandlerAdapter.invoke(HandlerAdapter.java:83)
	at org.springframework.amqp.rabbit.listener.adapter.MessagingMessageListenerAdapter.invokeHandler(MessagingMessageListenerAdapter.java:287)
	at org.springframework.amqp.rabbit.listener.adapter.MessagingMessageListenerAdapter.invokeHandlerAndProcessResult(MessagingMessageListenerAdapter.java:233)
	at org.springframework.amqp.rabbit.listener.adapter.MessagingMessageListenerAdapter.onMessage(MessagingMessageListenerAdapter.java:157)
	at org.springframework.amqp.rabbit.listener.AbstractMessageListenerContainer.doInvokeListener(AbstractMessageListenerContainer.java:1683)
	at org.springframework.amqp.rabbit.listener.AbstractMessageListenerContainer.actualInvokeListener(AbstractMessageListenerContainer.java:1612)
	at java.base/jdk.internal.reflect.DirectMethodHandleAccessor.invoke(DirectMethodHandleAccessor.java:103)
	at java.base/java.lang.reflect.Method.invoke(Method.java:580)
	at org.springframework.aop.support.AopUtils.invokeJoinpointUsingReflection(AopUtils.java:359)
	at org.springframework.aop.framework.ReflectiveMethodInvocation.invokeJoinpoint(ReflectiveMethodInvocation.java:190)
	at org.springframework.aop.framework.ReflectiveMethodInvocation.proceed(ReflectiveMethodInvocation.java:158)
	at org.springframework.core.retry.RetryTemplate.execute(RetryTemplate.java:174)
	at org.springframework.amqp.rabbit.config.StatelessRetryOperationsInterceptor.invoke(StatelessRetryOperationsInterceptor.java:57)
	at org.springframework.aop.framework.ReflectiveMethodInvocation.proceed(ReflectiveMethodInvocation.java:179)
	at org.springframework.aop.framework.JdkDynamicAopProxy.invoke(JdkDynamicAopProxy.java:222)
	at org.springframework.amqp.rabbit.listener.$Proxy112.invokeListener(Unknown Source)
	at org.springframework.amqp.rabbit.listener.AbstractMessageListenerContainer.invokeListener(AbstractMessageListenerContainer.java:1599)
	at org.springframework.amqp.rabbit.listener.AbstractMessageListenerContainer.doExecuteListener(AbstractMessageListenerContainer.java:1590)
	at org.springframework.amqp.rabbit.listener.AbstractMessageListenerContainer.executeListenerAndHandleException(AbstractMessageListenerContainer.java:1539)
	at org.springframework.amqp.rabbit.listener.AbstractMessageListenerContainer.executeListener(AbstractMessageListenerContainer.java:1520)
	at org.springframework.amqp.rabbit.listener.SimpleMessageListenerContainer.doReceiveAndExecute(SimpleMessageListenerContainer.java:1116)
	at org.springframework.amqp.rabbit.listener.SimpleMessageListenerContainer.receiveAndExecute(SimpleMessageListenerContainer.java:1061)
	at org.springframework.amqp.rabbit.listener.SimpleMessageListenerContainer$AsyncMessageProcessingConsumer.mainLoop(SimpleMessageListenerContainer.java:1465)
	at org.springframework.amqp.rabbit.listener.SimpleMessageListenerContainer$AsyncMessageProcessingConsumer.run(SimpleMessageListenerContainer.java:1359)
	at java.base/java.lang.Thread.run(Thread.java:1583)
Caused by: software.amazon.awssdk.services.s3.model.S3Exception: User: arn:aws:sts::822696479830:assumed-role/voclabs/user3869980=guilherme.figueiredo@sptech.school is not authorized to perform: s3:GetObject on resource: "arn:aws:s3:::brinks-bucket-1/estatisticas_di_2025_10-12_trusted.csv" with an explicit deny in an identity-based policy (Service: S3, Status Code: 403, Request ID: VD7BEJHD398SJ9G5, Extended Request ID: M3jmWPAts6Y3qx1w2JYXNSfmCIS4VXGkYo/x3Y6mRSS4wqomyNflAuGkF7WVNuI2nwwltfX+BHC2D6Rtly9nJQkbEfxRxOxA+9u6Nh8CqY0=)
	at software.amazon.awssdk.core.internal.http.CombinedResponseHandler.handleErrorResponse(CombinedResponseHandler.java:125)
	at software.amazon.awssdk.core.internal.http.CombinedResponseHandler.handleResponse(CombinedResponseHandler.java:82)
	at software.amazon.awssdk.core.internal.http.CombinedResponseHandler.handle(CombinedResponseHandler.java:60)
	at software.amazon.awssdk.core.internal.http.CombinedResponseHandler.handle(CombinedResponseHandler.java:41)
	at software.amazon.awssdk.core.internal.http.pipeline.stages.HandleResponseStage.execute(HandleResponseStage.java:50)
	at software.amazon.awssdk.core.internal.http.pipeline.stages.HandleResponseStage.execute(HandleResponseStage.java:38)
	at software.amazon.awssdk.core.internal.http.pipeline.RequestPipelineBuilder$ComposingRequestPipelineStage.execute(RequestPipelineBuilder.java:206)
	at software.amazon.awssdk.core.internal.http.pipeline.stages.ApiCallAttemptTimeoutTrackingStage.execute(ApiCallAttemptTimeoutTrackingStage.java:74)
	at software.amazon.awssdk.core.internal.http.pipeline.stages.ApiCallAttemptTimeoutTrackingStage.execute(ApiCallAttemptTimeoutTrackingStage.java:43)
	at software.amazon.awssdk.core.internal.http.pipeline.stages.TimeoutExceptionHandlingStage.execute(TimeoutExceptionHandlingStage.java:79)
	at software.amazon.awssdk.core.internal.http.pipeline.stages.TimeoutExceptionHandlingStage.execute(TimeoutExceptionHandlingStage.java:41)
	at software.amazon.awssdk.core.internal.http.pipeline.stages.ApiCallAttemptMetricCollectionStage.execute(ApiCallAttemptMetricCollectionStage.java:55)
	at software.amazon.awssdk.core.internal.http.pipeline.stages.ApiCallAttemptMetricCollectionStage.execute(ApiCallAttemptMetricCollectionStage.java:39)
	at software.amazon.awssdk.core.internal.http.pipeline.stages.RetryableStage2.executeRequest(RetryableStage2.java:93)
	at software.amazon.awssdk.core.internal.http.pipeline.stages.RetryableStage2.execute(RetryableStage2.java:56)
	at software.amazon.awssdk.core.internal.http.pipeline.stages.RetryableStage2.execute(RetryableStage2.java:36)
	at software.amazon.awssdk.core.internal.http.pipeline.RequestPipelineBuilder$ComposingRequestPipelineStage.execute(RequestPipelineBuilder.java:206)
	at software.amazon.awssdk.core.internal.http.StreamManagingStage.execute(StreamManagingStage.java:53)
	at software.amazon.awssdk.core.internal.http.StreamManagingStage.execute(StreamManagingStage.java:35)
	at software.amazon.awssdk.core.internal.http.pipeline.stages.ApiCallTimeoutTrackingStage.executeWithTimer(ApiCallTimeoutTrackingStage.java:82)
	at software.amazon.awssdk.core.internal.http.pipeline.stages.ApiCallTimeoutTrackingStage.execute(ApiCallTimeoutTrackingStage.java:62)
	at software.amazon.awssdk.core.internal.http.pipeline.stages.ApiCallTimeoutTrackingStage.execute(ApiCallTimeoutTrackingStage.java:43)
	at software.amazon.awssdk.core.internal.http.pipeline.stages.ApiCallMetricCollectionStage.execute(ApiCallMetricCollectionStage.java:50)
	at software.amazon.awssdk.core.internal.http.pipeline.stages.ApiCallMetricCollectionStage.execute(ApiCallMetricCollectionStage.java:32)
	at software.amazon.awssdk.core.internal.http.pipeline.RequestPipelineBuilder$ComposingRequestPipelineStage.execute(RequestPipelineBuilder.java:206)
	at software.amazon.awssdk.core.internal.http.pipeline.RequestPipelineBuilder$ComposingRequestPipelineStage.execute(RequestPipelineBuilder.java:206)
	at software.amazon.awssdk.core.internal.http.pipeline.stages.ExecutionFailureExceptionReportingStage.execute(ExecutionFailureExceptionReportingStage.java:37)
	at software.amazon.awssdk.core.internal.http.pipeline.stages.ExecutionFailureExceptionReportingStage.execute(ExecutionFailureExceptionReportingStage.java:26)
	at software.amazon.awssdk.core.internal.http.AmazonSyncHttpClient$RequestExecutionBuilderImpl.execute(AmazonSyncHttpClient.java:210)
	at software.amazon.awssdk.core.internal.handler.BaseSyncClientHandler.invoke(BaseSyncClientHandler.java:103)
	at software.amazon.awssdk.core.internal.handler.BaseSyncClientHandler.doExecute(BaseSyncClientHandler.java:173)
	at software.amazon.awssdk.core.internal.handler.BaseSyncClientHandler.lambda$execute$0(BaseSyncClientHandler.java:66)
	at software.amazon.awssdk.core.internal.handler.BaseSyncClientHandler.measureApiCallSuccess(BaseSyncClientHandler.java:182)
	at software.amazon.awssdk.core.internal.handler.BaseSyncClientHandler.execute(BaseSyncClientHandler.java:60)
	at software.amazon.awssdk.core.client.handler.SdkSyncClientHandler.execute(SdkSyncClientHandler.java:52)
	at software.amazon.awssdk.awscore.client.handler.AwsSyncClientHandler.execute(AwsSyncClientHandler.java:60)
	at software.amazon.awssdk.services.s3.DefaultS3Client.getObject(DefaultS3Client.java:5404)
	at software.amazon.awssdk.services.s3.S3Client.getObject(S3Client.java:9482)
	at com.example.ms_report_async.infraestructure.s3.S3Adapter.download(S3Adapter.java:40)
	at com.example.ms_report_async.application.usecase.ProcessImportFileUseCaseImpl.execute(ProcessImportFileUseCaseImpl.java:41)
	... 31 common frames omitted
2026-03-10 20:28:20.430 [org.springframework.amqp.rabbit.RabbitListenerEndpointContainer#0-1] DEBUG o.s.a.r.l.a.MessagingMessageListenerAdapter [] - Processing [GenericMessage [payload={"jobId":"9dd70e44-49a7-438c-91ff-cc47dd2d15ce", "fileKey":"estatisticas_di_2025_10-12_trusted.csv"}, headers={amqp_receivedDeliveryMode=PERSISTENT, amqp_receivedExchange=import_exchange3, amqp_deliveryTag=2, amqp_consumerQueue=import_csv_queue3, amqp_redelivered=false, amqp_receivedRoutingKey=import.csv3, amqp_contentEncoding=UTF-8, amqp_retryCount=0, id=e65ccb8f-3eb3-4405-9208-bf1c48921c5d, amqp_consumerTag=amq.ctag-9Zh49KHdRCKJfmqDy1rNdQ, amqp_lastInBatch=false, contentType=text/plain, timestamp=1773185300430}]]
2026-03-10 20:28:20.431 [org.springframework.amqp.rabbit.RabbitListenerEndpointContainer#0-1] INFO  c.e.m.i.async.RabbitImportListener [] - Mensagem recebida do RabbitMQ: {"jobId":"9dd70e44-49a7-438c-91ff-cc47dd2d15ce", "fileKey":"estatisticas_di_2025_10-12_trusted.csv"}
2026-03-10 20:28:20.431 [org.springframework.amqp.rabbit.RabbitListenerEndpointContainer#0-1] DEBUG c.e.m.i.async.RabbitImportListener [] - Iniciando processamento. JobId: 9dd70e44-49a7-438c-91ff-cc47dd2d15ce, FileKey: estatisticas_di_2025_10-12_trusted.csv
2026-03-10 20:28:20.431 [org.springframework.amqp.rabbit.RabbitListenerEndpointContainer#0-1] INFO  c.e.m.a.u.ProcessImportFileUseCaseImpl [] - Iniciando processamento do arquivo. JobId: 9dd70e44-49a7-438c-91ff-cc47dd2d15ce, FileKey: estatisticas_di_2025_10-12_trusted.csv, Bucket: brinks-bucket-1
2026-03-10 20:28:20.431 [org.springframework.amqp.rabbit.RabbitListenerEndpointContainer#0-1] INFO  c.e.m.infraestructure.s3.S3Adapter [] - Iniciando download do S3. Bucket: brinks-bucket-1, Key: estatisticas_di_2025_10-12_trusted.csv
2026-03-10 20:28:20.593 [org.springframework.amqp.rabbit.RabbitListenerEndpointContainer#0-1] ERROR c.e.m.infraestructure.s3.S3Adapter [] - Erro ao fazer download do S3. Bucket: brinks-bucket-1, Key: estatisticas_di_2025_10-12_trusted.csv
software.amazon.awssdk.services.s3.model.S3Exception: User: arn:aws:sts::822696479830:assumed-role/voclabs/user3869980=guilherme.figueiredo@sptech.school is not authorized to perform: s3:GetObject on resource: "arn:aws:s3:::brinks-bucket-1/estatisticas_di_2025_10-12_trusted.csv" with an explicit deny in an identity-based policy (Service: S3, Status Code: 403, Request ID: 31VAVA30TWC31B3D, Extended Request ID: gjB3lQjVOh70/wTNYJNb4rKm5t7vnSLqwp1vkUjxnGdzZncItS3SdsMeuFIixEHH2ICOa6myjniQzmgbO4cfWsOtxMVRDA17si+Fn7K3SXM=)
	at software.amazon.awssdk.core.internal.http.CombinedResponseHandler.handleErrorResponse(CombinedResponseHandler.java:125)
	at software.amazon.awssdk.core.internal.http.CombinedResponseHandler.handleResponse(CombinedResponseHandler.java:82)
	at software.amazon.awssdk.core.internal.http.CombinedResponseHandler.handle(CombinedResponseHandler.java:60)
	at software.amazon.awssdk.core.internal.http.CombinedResponseHandler.handle(CombinedResponseHandler.java:41)
	at software.amazon.awssdk.core.internal.http.pipeline.stages.HandleResponseStage.execute(HandleResponseStage.java:50)
	at software.amazon.awssdk.core.internal.http.pipeline.stages.HandleResponseStage.execute(HandleResponseStage.java:38)
	at software.amazon.awssdk.core.internal.http.pipeline.RequestPipelineBuilder$ComposingRequestPipelineStage.execute(RequestPipelineBuilder.java:206)
	at software.amazon.awssdk.core.internal.http.pipeline.stages.ApiCallAttemptTimeoutTrackingStage.execute(ApiCallAttemptTimeoutTrackingStage.java:74)
	at software.amazon.awssdk.core.internal.http.pipeline.stages.ApiCallAttemptTimeoutTrackingStage.execute(ApiCallAttemptTimeoutTrackingStage.java:43)
	at software.amazon.awssdk.core.internal.http.pipeline.stages.TimeoutExceptionHandlingStage.execute(TimeoutExceptionHandlingStage.java:79)
	at software.amazon.awssdk.core.internal.http.pipeline.stages.TimeoutExceptionHandlingStage.execute(TimeoutExceptionHandlingStage.java:41)
	at software.amazon.awssdk.core.internal.http.pipeline.stages.ApiCallAttemptMetricCollectionStage.execute(ApiCallAttemptMetricCollectionStage.java:55)
	at software.amazon.awssdk.core.internal.http.pipeline.stages.ApiCallAttemptMetricCollectionStage.execute(ApiCallAttemptMetricCollectionStage.java:39)
	at software.amazon.awssdk.core.internal.http.pipeline.stages.RetryableStage2.executeRequest(RetryableStage2.java:93)
	at software.amazon.awssdk.core.internal.http.pipeline.stages.RetryableStage2.execute(RetryableStage2.java:56)
	at software.amazon.awssdk.core.internal.http.pipeline.stages.RetryableStage2.execute(RetryableStage2.java:36)
	at software.amazon.awssdk.core.internal.http.pipeline.RequestPipelineBuilder$ComposingRequestPipelineStage.execute(RequestPipelineBuilder.java:206)
	at software.amazon.awssdk.core.internal.http.StreamManagingStage.execute(StreamManagingStage.java:53)
	at software.amazon.awssdk.core.internal.http.StreamManagingStage.execute(StreamManagingStage.java:35)
	at software.amazon.awssdk.core.internal.http.pipeline.stages.ApiCallTimeoutTrackingStage.executeWithTimer(ApiCallTimeoutTrackingStage.java:82)
	at software.amazon.awssdk.core.internal.http.pipeline.stages.ApiCallTimeoutTrackingStage.execute(ApiCallTimeoutTrackingStage.java:62)
	at software.amazon.awssdk.core.internal.http.pipeline.stages.ApiCallTimeoutTrackingStage.execute(ApiCallTimeoutTrackingStage.java:43)
	at software.amazon.awssdk.core.internal.http.pipeline.stages.ApiCallMetricCollectionStage.execute(ApiCallMetricCollectionStage.java:50)
	at software.amazon.awssdk.core.internal.http.pipeline.stages.ApiCallMetricCollectionStage.execute(ApiCallMetricCollectionStage.java:32)
	at software.amazon.awssdk.core.internal.http.pipeline.RequestPipelineBuilder$ComposingRequestPipelineStage.execute(RequestPipelineBuilder.java:206)
	at software.amazon.awssdk.core.internal.http.pipeline.RequestPipelineBuilder$ComposingRequestPipelineStage.execute(RequestPipelineBuilder.java:206)
	at software.amazon.awssdk.core.internal.http.pipeline.stages.ExecutionFailureExceptionReportingStage.execute(ExecutionFailureExceptionReportingStage.java:37)
	at software.amazon.awssdk.core.internal.http.pipeline.stages.ExecutionFailureExceptionReportingStage.execute(ExecutionFailureExceptionReportingStage.java:26)
	at software.amazon.awssdk.core.internal.http.AmazonSyncHttpClient$RequestExecutionBuilderImpl.execute(AmazonSyncHttpClient.java:210)
	at software.amazon.awssdk.core.internal.handler.BaseSyncClientHandler.invoke(BaseSyncClientHandler.java:103)
	at software.amazon.awssdk.core.internal.handler.BaseSyncClientHandler.doExecute(BaseSyncClientHandler.java:173)
	at software.amazon.awssdk.core.internal.handler.BaseSyncClientHandler.lambda$execute$0(BaseSyncClientHandler.java:66)
	at software.amazon.awssdk.core.internal.handler.BaseSyncClientHandler.measureApiCallSuccess(BaseSyncClientHandler.java:182)
	at software.amazon.awssdk.core.internal.handler.BaseSyncClientHandler.execute(BaseSyncClientHandler.java:60)
	at software.amazon.awssdk.core.client.handler.SdkSyncClientHandler.execute(SdkSyncClientHandler.java:52)
	at software.amazon.awssdk.awscore.client.handler.AwsSyncClientHandler.execute(AwsSyncClientHandler.java:60)
	at software.amazon.awssdk.services.s3.DefaultS3Client.getObject(DefaultS3Client.java:5404)
	at software.amazon.awssdk.services.s3.S3Client.getObject(S3Client.java:9482)
	at com.example.ms_report_async.infraestructure.s3.S3Adapter.download(S3Adapter.java:40)
	at com.example.ms_report_async.application.usecase.ProcessImportFileUseCaseImpl.execute(ProcessImportFileUseCaseImpl.java:41)
	at com.example.ms_report_async.infraestructure.async.RabbitImportListener.receive(RabbitImportListener.java:35)
	at java.base/jdk.internal.reflect.DirectMethodHandleAccessor.invoke(DirectMethodHandleAccessor.java:103)
	at java.base/java.lang.reflect.Method.invoke(Method.java:580)
	at org.springframework.messaging.handler.invocation.InvocableHandlerMethod.doInvoke(InvocableHandlerMethod.java:168)
	at org.springframework.amqp.rabbit.listener.adapter.KotlinAwareInvocableHandlerMethod.doInvoke(KotlinAwareInvocableHandlerMethod.java:47)
	at org.springframework.messaging.handler.invocation.InvocableHandlerMethod.invoke(InvocableHandlerMethod.java:119)
	at org.springframework.amqp.rabbit.listener.adapter.HandlerAdapter.invoke(HandlerAdapter.java:83)
	at org.springframework.amqp.rabbit.listener.adapter.MessagingMessageListenerAdapter.invokeHandler(MessagingMessageListenerAdapter.java:287)
	at org.springframework.amqp.rabbit.listener.adapter.MessagingMessageListenerAdapter.invokeHandlerAndProcessResult(MessagingMessageListenerAdapter.java:233)
	at org.springframework.amqp.rabbit.listener.adapter.MessagingMessageListenerAdapter.onMessage(MessagingMessageListenerAdapter.java:157)
	at org.springframework.amqp.rabbit.listener.AbstractMessageListenerContainer.doInvokeListener(AbstractMessageListenerContainer.java:1683)
	at org.springframework.amqp.rabbit.listener.AbstractMessageListenerContainer.actualInvokeListener(AbstractMessageListenerContainer.java:1612)
	at java.base/jdk.internal.reflect.DirectMethodHandleAccessor.invoke(DirectMethodHandleAccessor.java:103)
	at java.base/java.lang.reflect.Method.invoke(Method.java:580)
	at org.springframework.aop.support.AopUtils.invokeJoinpointUsingReflection(AopUtils.java:359)
	at org.springframework.aop.framework.ReflectiveMethodInvocation.invokeJoinpoint(ReflectiveMethodInvocation.java:190)
	at org.springframework.aop.framework.ReflectiveMethodInvocation.proceed(ReflectiveMethodInvocation.java:158)
	at org.springframework.core.retry.RetryTemplate.execute(RetryTemplate.java:174)
	at org.springframework.amqp.rabbit.config.StatelessRetryOperationsInterceptor.invoke(StatelessRetryOperationsInterceptor.java:57)
	at org.springframework.aop.framework.ReflectiveMethodInvocation.proceed(ReflectiveMethodInvocation.java:179)
	at org.springframework.aop.framework.JdkDynamicAopProxy.invoke(JdkDynamicAopProxy.java:222)
	at org.springframework.amqp.rabbit.listener.$Proxy112.invokeListener(Unknown Source)
	at org.springframework.amqp.rabbit.listener.AbstractMessageListenerContainer.invokeListener(AbstractMessageListenerContainer.java:1599)
	at org.springframework.amqp.rabbit.listener.AbstractMessageListenerContainer.doExecuteListener(AbstractMessageListenerContainer.java:1590)
	at org.springframework.amqp.rabbit.listener.AbstractMessageListenerContainer.executeListenerAndHandleException(AbstractMessageListenerContainer.java:1539)
	at org.springframework.amqp.rabbit.listener.AbstractMessageListenerContainer.executeListener(AbstractMessageListenerContainer.java:1520)
	at org.springframework.amqp.rabbit.listener.SimpleMessageListenerContainer.doReceiveAndExecute(SimpleMessageListenerContainer.java:1116)
	at org.springframework.amqp.rabbit.listener.SimpleMessageListenerContainer.receiveAndExecute(SimpleMessageListenerContainer.java:1061)
	at org.springframework.amqp.rabbit.listener.SimpleMessageListenerContainer$AsyncMessageProcessingConsumer.mainLoop(SimpleMessageListenerContainer.java:1465)
	at org.springframework.amqp.rabbit.listener.SimpleMessageListenerContainer$AsyncMessageProcessingConsumer.run(SimpleMessageListenerContainer.java:1359)
	at java.base/java.lang.Thread.run(Thread.java:1583)
2026-03-10 20:28:20.594 [org.springframework.amqp.rabbit.RabbitListenerEndpointContainer#0-1] ERROR c.e.m.a.u.ProcessImportFileUseCaseImpl [] - Erro ao processar arquivo. JobId: 9dd70e44-49a7-438c-91ff-cc47dd2d15ce, FileKey: estatisticas_di_2025_10-12_trusted.csv, DuracaoMs: 163
software.amazon.awssdk.services.s3.model.S3Exception: User: arn:aws:sts::822696479830:assumed-role/voclabs/user3869980=guilherme.figueiredo@sptech.school is not authorized to perform: s3:GetObject on resource: "arn:aws:s3:::brinks-bucket-1/estatisticas_di_2025_10-12_trusted.csv" with an explicit deny in an identity-based policy (Service: S3, Status Code: 403, Request ID: 31VAVA30TWC31B3D, Extended Request ID: gjB3lQjVOh70/wTNYJNb4rKm5t7vnSLqwp1vkUjxnGdzZncItS3SdsMeuFIixEHH2ICOa6myjniQzmgbO4cfWsOtxMVRDA17si+Fn7K3SXM=)
	at software.amazon.awssdk.core.internal.http.CombinedResponseHandler.handleErrorResponse(CombinedResponseHandler.java:125)
	at software.amazon.awssdk.core.internal.http.CombinedResponseHandler.handleResponse(CombinedResponseHandler.java:82)
	at software.amazon.awssdk.core.internal.http.CombinedResponseHandler.handle(CombinedResponseHandler.java:60)
	at software.amazon.awssdk.core.internal.http.CombinedResponseHandler.handle(CombinedResponseHandler.java:41)
	at software.amazon.awssdk.core.internal.http.pipeline.stages.HandleResponseStage.execute(HandleResponseStage.java:50)
	at software.amazon.awssdk.core.internal.http.pipeline.stages.HandleResponseStage.execute(HandleResponseStage.java:38)
	at software.amazon.awssdk.core.internal.http.pipeline.RequestPipelineBuilder$ComposingRequestPipelineStage.execute(RequestPipelineBuilder.java:206)
	at software.amazon.awssdk.core.internal.http.pipeline.stages.ApiCallAttemptTimeoutTrackingStage.execute(ApiCallAttemptTimeoutTrackingStage.java:74)
	at software.amazon.awssdk.core.internal.http.pipeline.stages.ApiCallAttemptTimeoutTrackingStage.execute(ApiCallAttemptTimeoutTrackingStage.java:43)
	at software.amazon.awssdk.core.internal.http.pipeline.stages.TimeoutExceptionHandlingStage.execute(TimeoutExceptionHandlingStage.java:79)
	at software.amazon.awssdk.core.internal.http.pipeline.stages.TimeoutExceptionHandlingStage.execute(TimeoutExceptionHandlingStage.java:41)
	at software.amazon.awssdk.core.internal.http.pipeline.stages.ApiCallAttemptMetricCollectionStage.execute(ApiCallAttemptMetricCollectionStage.java:55)
	at software.amazon.awssdk.core.internal.http.pipeline.stages.ApiCallAttemptMetricCollectionStage.execute(ApiCallAttemptMetricCollectionStage.java:39)
	at software.amazon.awssdk.core.internal.http.pipeline.stages.RetryableStage2.executeRequest(RetryableStage2.java:93)
	at software.amazon.awssdk.core.internal.http.pipeline.stages.RetryableStage2.execute(RetryableStage2.java:56)
	at software.amazon.awssdk.core.internal.http.pipeline.stages.RetryableStage2.execute(RetryableStage2.java:36)
	at software.amazon.awssdk.core.internal.http.pipeline.RequestPipelineBuilder$ComposingRequestPipelineStage.execute(RequestPipelineBuilder.java:206)
	at software.amazon.awssdk.core.internal.http.StreamManagingStage.execute(StreamManagingStage.java:53)
	at software.amazon.awssdk.core.internal.http.StreamManagingStage.execute(StreamManagingStage.java:35)
	at software.amazon.awssdk.core.internal.http.pipeline.stages.ApiCallTimeoutTrackingStage.executeWithTimer(ApiCallTimeoutTrackingStage.java:82)
	at software.amazon.awssdk.core.internal.http.pipeline.stages.ApiCallTimeoutTrackingStage.execute(ApiCallTimeoutTrackingStage.java:62)
	at software.amazon.awssdk.core.internal.http.pipeline.stages.ApiCallTimeoutTrackingStage.execute(ApiCallTimeoutTrackingStage.java:43)
	at software.amazon.awssdk.core.internal.http.pipeline.stages.ApiCallMetricCollectionStage.execute(ApiCallMetricCollectionStage.java:50)
	at software.amazon.awssdk.core.internal.http.pipeline.stages.ApiCallMetricCollectionStage.execute(ApiCallMetricCollectionStage.java:32)
	at software.amazon.awssdk.core.internal.http.pipeline.RequestPipelineBuilder$ComposingRequestPipelineStage.execute(RequestPipelineBuilder.java:206)
	at software.amazon.awssdk.core.internal.http.pipeline.RequestPipelineBuilder$ComposingRequestPipelineStage.execute(RequestPipelineBuilder.java:206)
	at software.amazon.awssdk.core.internal.http.pipeline.stages.ExecutionFailureExceptionReportingStage.execute(ExecutionFailureExceptionReportingStage.java:37)
	at software.amazon.awssdk.core.internal.http.pipeline.stages.ExecutionFailureExceptionReportingStage.execute(ExecutionFailureExceptionReportingStage.java:26)
	at software.amazon.awssdk.core.internal.http.AmazonSyncHttpClient$RequestExecutionBuilderImpl.execute(AmazonSyncHttpClient.java:210)
	at software.amazon.awssdk.core.internal.handler.BaseSyncClientHandler.invoke(BaseSyncClientHandler.java:103)
	at software.amazon.awssdk.core.internal.handler.BaseSyncClientHandler.doExecute(BaseSyncClientHandler.java:173)
	at software.amazon.awssdk.core.internal.handler.BaseSyncClientHandler.lambda$execute$0(BaseSyncClientHandler.java:66)
	at software.amazon.awssdk.core.internal.handler.BaseSyncClientHandler.measureApiCallSuccess(BaseSyncClientHandler.java:182)
	at software.amazon.awssdk.core.internal.handler.BaseSyncClientHandler.execute(BaseSyncClientHandler.java:60)
	at software.amazon.awssdk.core.client.handler.SdkSyncClientHandler.execute(SdkSyncClientHandler.java:52)
	at software.amazon.awssdk.awscore.client.handler.AwsSyncClientHandler.execute(AwsSyncClientHandler.java:60)
	at software.amazon.awssdk.services.s3.DefaultS3Client.getObject(DefaultS3Client.java:5404)
	at software.amazon.awssdk.services.s3.S3Client.getObject(S3Client.java:9482)
	at com.example.ms_report_async.infraestructure.s3.S3Adapter.download(S3Adapter.java:40)
	at com.example.ms_report_async.application.usecase.ProcessImportFileUseCaseImpl.execute(ProcessImportFileUseCaseImpl.java:41)
	at com.example.ms_report_async.infraestructure.async.RabbitImportListener.receive(RabbitImportListener.java:35)
	at java.base/jdk.internal.reflect.DirectMethodHandleAccessor.invoke(DirectMethodHandleAccessor.java:103)
	at java.base/java.lang.reflect.Method.invoke(Method.java:580)
	at org.springframework.messaging.handler.invocation.InvocableHandlerMethod.doInvoke(InvocableHandlerMethod.java:168)
	at org.springframework.amqp.rabbit.listener.adapter.KotlinAwareInvocableHandlerMethod.doInvoke(KotlinAwareInvocableHandlerMethod.java:47)
	at org.springframework.messaging.handler.invocation.InvocableHandlerMethod.invoke(InvocableHandlerMethod.java:119)
	at org.springframework.amqp.rabbit.listener.adapter.HandlerAdapter.invoke(HandlerAdapter.java:83)
	at org.springframework.amqp.rabbit.listener.adapter.MessagingMessageListenerAdapter.invokeHandler(MessagingMessageListenerAdapter.java:287)
	at org.springframework.amqp.rabbit.listener.adapter.MessagingMessageListenerAdapter.invokeHandlerAndProcessResult(MessagingMessageListenerAdapter.java:233)
	at org.springframework.amqp.rabbit.listener.adapter.MessagingMessageListenerAdapter.onMessage(MessagingMessageListenerAdapter.java:157)
	at org.springframework.amqp.rabbit.listener.AbstractMessageListenerContainer.doInvokeListener(AbstractMessageListenerContainer.java:1683)
	at org.springframework.amqp.rabbit.listener.AbstractMessageListenerContainer.actualInvokeListener(AbstractMessageListenerContainer.java:1612)
	at java.base/jdk.internal.reflect.DirectMethodHandleAccessor.invoke(DirectMethodHandleAccessor.java:103)
	at java.base/java.lang.reflect.Method.invoke(Method.java:580)
	at org.springframework.aop.support.AopUtils.invokeJoinpointUsingReflection(AopUtils.java:359)
	at org.springframework.aop.framework.ReflectiveMethodInvocation.invokeJoinpoint(ReflectiveMethodInvocation.java:190)
	at org.springframework.aop.framework.ReflectiveMethodInvocation.proceed(ReflectiveMethodInvocation.java:158)
	at org.springframework.core.retry.RetryTemplate.execute(RetryTemplate.java:174)
	at org.springframework.amqp.rabbit.config.StatelessRetryOperationsInterceptor.invoke(StatelessRetryOperationsInterceptor.java:57)
	at org.springframework.aop.framework.ReflectiveMethodInvocation.proceed(ReflectiveMethodInvocation.java:179)
	at org.springframework.aop.framework.JdkDynamicAopProxy.invoke(JdkDynamicAopProxy.java:222)
	at org.springframework.amqp.rabbit.listener.$Proxy112.invokeListener(Unknown Source)
	at org.springframework.amqp.rabbit.listener.AbstractMessageListenerContainer.invokeListener(AbstractMessageListenerContainer.java:1599)
	at org.springframework.amqp.rabbit.listener.AbstractMessageListenerContainer.doExecuteListener(AbstractMessageListenerContainer.java:1590)
	at org.springframework.amqp.rabbit.listener.AbstractMessageListenerContainer.executeListenerAndHandleException(AbstractMessageListenerContainer.java:1539)
	at org.springframework.amqp.rabbit.listener.AbstractMessageListenerContainer.executeListener(AbstractMessageListenerContainer.java:1520)
	at org.springframework.amqp.rabbit.listener.SimpleMessageListenerContainer.doReceiveAndExecute(SimpleMessageListenerContainer.java:1116)
	at org.springframework.amqp.rabbit.listener.SimpleMessageListenerContainer.receiveAndExecute(SimpleMessageListenerContainer.java:1061)
	at org.springframework.amqp.rabbit.listener.SimpleMessageListenerContainer$AsyncMessageProcessingConsumer.mainLoop(SimpleMessageListenerContainer.java:1465)
	at org.springframework.amqp.rabbit.listener.SimpleMessageListenerContainer$AsyncMessageProcessingConsumer.run(SimpleMessageListenerContainer.java:1359)
	at java.base/java.lang.Thread.run(Thread.java:1583)
2026-03-10 20:28:20.594 [org.springframework.amqp.rabbit.RabbitListenerEndpointContainer#0-1] ERROR c.e.m.i.async.RabbitImportListener [] - Erro ao processar mensagem JSON: {"jobId":"9dd70e44-49a7-438c-91ff-cc47dd2d15ce", "fileKey":"estatisticas_di_2025_10-12_trusted.csv"}
java.lang.RuntimeException: Falha ao processar arquivo: estatisticas_di_2025_10-12_trusted.csv
	at com.example.ms_report_async.application.usecase.ProcessImportFileUseCaseImpl.execute(ProcessImportFileUseCaseImpl.java:61)
	at com.example.ms_report_async.infraestructure.async.RabbitImportListener.receive(RabbitImportListener.java:35)
	at java.base/jdk.internal.reflect.DirectMethodHandleAccessor.invoke(DirectMethodHandleAccessor.java:103)
	at java.base/java.lang.reflect.Method.invoke(Method.java:580)
	at org.springframework.messaging.handler.invocation.InvocableHandlerMethod.doInvoke(InvocableHandlerMethod.java:168)
	at org.springframework.amqp.rabbit.listener.adapter.KotlinAwareInvocableHandlerMethod.doInvoke(KotlinAwareInvocableHandlerMethod.java:47)
	at org.springframework.messaging.handler.invocation.InvocableHandlerMethod.invoke(InvocableHandlerMethod.java:119)
	at org.springframework.amqp.rabbit.listener.adapter.HandlerAdapter.invoke(HandlerAdapter.java:83)
	at org.springframework.amqp.rabbit.listener.adapter.MessagingMessageListenerAdapter.invokeHandler(MessagingMessageListenerAdapter.java:287)
	at org.springframework.amqp.rabbit.listener.adapter.MessagingMessageListenerAdapter.invokeHandlerAndProcessResult(MessagingMessageListenerAdapter.java:233)
	at org.springframework.amqp.rabbit.listener.adapter.MessagingMessageListenerAdapter.onMessage(MessagingMessageListenerAdapter.java:157)
	at org.springframework.amqp.rabbit.listener.AbstractMessageListenerContainer.doInvokeListener(AbstractMessageListenerContainer.java:1683)
	at org.springframework.amqp.rabbit.listener.AbstractMessageListenerContainer.actualInvokeListener(AbstractMessageListenerContainer.java:1612)
	at java.base/jdk.internal.reflect.DirectMethodHandleAccessor.invoke(DirectMethodHandleAccessor.java:103)
	at java.base/java.lang.reflect.Method.invoke(Method.java:580)
	at org.springframework.aop.support.AopUtils.invokeJoinpointUsingReflection(AopUtils.java:359)
	at org.springframework.aop.framework.ReflectiveMethodInvocation.invokeJoinpoint(ReflectiveMethodInvocation.java:190)
	at org.springframework.aop.framework.ReflectiveMethodInvocation.proceed(ReflectiveMethodInvocation.java:158)
	at org.springframework.core.retry.RetryTemplate.execute(RetryTemplate.java:174)
	at org.springframework.amqp.rabbit.config.StatelessRetryOperationsInterceptor.invoke(StatelessRetryOperationsInterceptor.java:57)
	at org.springframework.aop.framework.ReflectiveMethodInvocation.proceed(ReflectiveMethodInvocation.java:179)
	at org.springframework.aop.framework.JdkDynamicAopProxy.invoke(JdkDynamicAopProxy.java:222)
	at org.springframework.amqp.rabbit.listener.$Proxy112.invokeListener(Unknown Source)
	at org.springframework.amqp.rabbit.listener.AbstractMessageListenerContainer.invokeListener(AbstractMessageListenerContainer.java:1599)
	at org.springframework.amqp.rabbit.listener.AbstractMessageListenerContainer.doExecuteListener(AbstractMessageListenerContainer.java:1590)
	at org.springframework.amqp.rabbit.listener.AbstractMessageListenerContainer.executeListenerAndHandleException(AbstractMessageListenerContainer.java:1539)
	at org.springframework.amqp.rabbit.listener.AbstractMessageListenerContainer.executeListener(AbstractMessageListenerContainer.java:1520)
	at org.springframework.amqp.rabbit.listener.SimpleMessageListenerContainer.doReceiveAndExecute(SimpleMessageListenerContainer.java:1116)
	at org.springframework.amqp.rabbit.listener.SimpleMessageListenerContainer.receiveAndExecute(SimpleMessageListenerContainer.java:1061)
	at org.springframework.amqp.rabbit.listener.SimpleMessageListenerContainer$AsyncMessageProcessingConsumer.mainLoop(SimpleMessageListenerContainer.java:1465)
	at org.springframework.amqp.rabbit.listener.SimpleMessageListenerContainer$AsyncMessageProcessingConsumer.run(SimpleMessageListenerContainer.java:1359)
	at java.base/java.lang.Thread.run(Thread.java:1583)
Caused by: software.amazon.awssdk.services.s3.model.S3Exception: User: arn:aws:sts::822696479830:assumed-role/voclabs/user3869980=guilherme.figueiredo@sptech.school is not authorized to perform: s3:GetObject on resource: "arn:aws:s3:::brinks-bucket-1/estatisticas_di_2025_10-12_trusted.csv" with an explicit deny in an identity-based policy (Service: S3, Status Code: 403, Request ID: 31VAVA30TWC31B3D, Extended Request ID: gjB3lQjVOh70/wTNYJNb4rKm5t7vnSLqwp1vkUjxnGdzZncItS3SdsMeuFIixEHH2ICOa6myjniQzmgbO4cfWsOtxMVRDA17si+Fn7K3SXM=)
	at software.amazon.awssdk.core.internal.http.CombinedResponseHandler.handleErrorResponse(CombinedResponseHandler.java:125)
	at software.amazon.awssdk.core.internal.http.CombinedResponseHandler.handleResponse(CombinedResponseHandler.java:82)
	at software.amazon.awssdk.core.internal.http.CombinedResponseHandler.handle(CombinedResponseHandler.java:60)
	at software.amazon.awssdk.core.internal.http.CombinedResponseHandler.handle(CombinedResponseHandler.java:41)
	at software.amazon.awssdk.core.internal.http.pipeline.stages.HandleResponseStage.execute(HandleResponseStage.java:50)
	at software.amazon.awssdk.core.internal.http.pipeline.stages.HandleResponseStage.execute(HandleResponseStage.java:38)
	at software.amazon.awssdk.core.internal.http.pipeline.RequestPipelineBuilder$ComposingRequestPipelineStage.execute(RequestPipelineBuilder.java:206)
	at software.amazon.awssdk.core.internal.http.pipeline.stages.ApiCallAttemptTimeoutTrackingStage.execute(ApiCallAttemptTimeoutTrackingStage.java:74)
	at software.amazon.awssdk.core.internal.http.pipeline.stages.ApiCallAttemptTimeoutTrackingStage.execute(ApiCallAttemptTimeoutTrackingStage.java:43)
	at software.amazon.awssdk.core.internal.http.pipeline.stages.TimeoutExceptionHandlingStage.execute(TimeoutExceptionHandlingStage.java:79)
	at software.amazon.awssdk.core.internal.http.pipeline.stages.TimeoutExceptionHandlingStage.execute(TimeoutExceptionHandlingStage.java:41)
	at software.amazon.awssdk.core.internal.http.pipeline.stages.ApiCallAttemptMetricCollectionStage.execute(ApiCallAttemptMetricCollectionStage.java:55)
	at software.amazon.awssdk.core.internal.http.pipeline.stages.ApiCallAttemptMetricCollectionStage.execute(ApiCallAttemptMetricCollectionStage.java:39)
	at software.amazon.awssdk.core.internal.http.pipeline.stages.RetryableStage2.executeRequest(RetryableStage2.java:93)
	at software.amazon.awssdk.core.internal.http.pipeline.stages.RetryableStage2.execute(RetryableStage2.java:56)
	at software.amazon.awssdk.core.internal.http.pipeline.stages.RetryableStage2.execute(RetryableStage2.java:36)
	at software.amazon.awssdk.core.internal.http.pipeline.RequestPipelineBuilder$ComposingRequestPipelineStage.execute(RequestPipelineBuilder.java:206)
	at software.amazon.awssdk.core.internal.http.StreamManagingStage.execute(StreamManagingStage.java:53)
	at software.amazon.awssdk.core.internal.http.StreamManagingStage.execute(StreamManagingStage.java:35)
	at software.amazon.awssdk.core.internal.http.pipeline.stages.ApiCallTimeoutTrackingStage.executeWithTimer(ApiCallTimeoutTrackingStage.java:82)
	at software.amazon.awssdk.core.internal.http.pipeline.stages.ApiCallTimeoutTrackingStage.execute(ApiCallTimeoutTrackingStage.java:62)
	at software.amazon.awssdk.core.internal.http.pipeline.stages.ApiCallTimeoutTrackingStage.execute(ApiCallTimeoutTrackingStage.java:43)
	at software.amazon.awssdk.core.internal.http.pipeline.stages.ApiCallMetricCollectionStage.execute(ApiCallMetricCollectionStage.java:50)
	at software.amazon.awssdk.core.internal.http.pipeline.stages.ApiCallMetricCollectionStage.execute(ApiCallMetricCollectionStage.java:32)
	at software.amazon.awssdk.core.internal.http.pipeline.RequestPipelineBuilder$ComposingRequestPipelineStage.execute(RequestPipelineBuilder.java:206)
	at software.amazon.awssdk.core.internal.http.pipeline.RequestPipelineBuilder$ComposingRequestPipelineStage.execute(RequestPipelineBuilder.java:206)
	at software.amazon.awssdk.core.internal.http.pipeline.stages.ExecutionFailureExceptionReportingStage.execute(ExecutionFailureExceptionReportingStage.java:37)
	at software.amazon.awssdk.core.internal.http.pipeline.stages.ExecutionFailureExceptionReportingStage.execute(ExecutionFailureExceptionReportingStage.java:26)
	at software.amazon.awssdk.core.internal.http.AmazonSyncHttpClient$RequestExecutionBuilderImpl.execute(AmazonSyncHttpClient.java:210)
	at software.amazon.awssdk.core.internal.handler.BaseSyncClientHandler.invoke(BaseSyncClientHandler.java:103)
	at software.amazon.awssdk.core.internal.handler.BaseSyncClientHandler.doExecute(BaseSyncClientHandler.java:173)
	at software.amazon.awssdk.core.internal.handler.BaseSyncClientHandler.lambda$execute$0(BaseSyncClientHandler.java:66)
	at software.amazon.awssdk.core.internal.handler.BaseSyncClientHandler.measureApiCallSuccess(BaseSyncClientHandler.java:182)
	at software.amazon.awssdk.core.internal.handler.BaseSyncClientHandler.execute(BaseSyncClientHandler.java:60)
	at software.amazon.awssdk.core.client.handler.SdkSyncClientHandler.execute(SdkSyncClientHandler.java:52)
	at software.amazon.awssdk.awscore.client.handler.AwsSyncClientHandler.execute(AwsSyncClientHandler.java:60)
	at software.amazon.awssdk.services.s3.DefaultS3Client.getObject(DefaultS3Client.java:5404)
	at software.amazon.awssdk.services.s3.S3Client.getObject(S3Client.java:9482)
	at com.example.ms_report_async.infraestructure.s3.S3Adapter.download(S3Adapter.java:40)
	at com.example.ms_report_async.application.usecase.ProcessImportFileUseCaseImpl.execute(ProcessImportFileUseCaseImpl.java:41)
	... 31 common frames omitted
2026-03-10 20:28:20.595 [org.springframework.amqp.rabbit.RabbitListenerEndpointContainer#0-1] WARN  o.s.a.r.r.RejectAndDontRequeueRecoverer [] - Retries exhausted for message (Body:'[B@ddc4b59(byte[100])' MessageProperties [headers={}, contentType=text/plain, contentEncoding=UTF-8, contentLength=0, receivedDeliveryMode=PERSISTENT, priority=0, redelivered=false, receivedExchange=import_exchange3, receivedRoutingKey=import.csv3, deliveryTag=2, consumerTag=amq.ctag-9Zh49KHdRCKJfmqDy1rNdQ, consumerQueue=import_csv_queue3])
org.springframework.amqp.rabbit.support.ListenerExecutionFailedException: Listener method 'public void com.example.ms_report_async.infraestructure.async.RabbitImportListener.receive(java.lang.String)' threw exception
	at org.springframework.amqp.rabbit.listener.adapter.MessagingMessageListenerAdapter.invokeHandler(MessagingMessageListenerAdapter.java:296)
	at org.springframework.amqp.rabbit.listener.adapter.MessagingMessageListenerAdapter.invokeHandlerAndProcessResult(MessagingMessageListenerAdapter.java:233)
	at org.springframework.amqp.rabbit.listener.adapter.MessagingMessageListenerAdapter.onMessage(MessagingMessageListenerAdapter.java:157)
	at org.springframework.amqp.rabbit.listener.AbstractMessageListenerContainer.doInvokeListener(AbstractMessageListenerContainer.java:1683)
	at org.springframework.amqp.rabbit.listener.AbstractMessageListenerContainer.actualInvokeListener(AbstractMessageListenerContainer.java:1612)
	at java.base/jdk.internal.reflect.DirectMethodHandleAccessor.invoke(DirectMethodHandleAccessor.java:103)
	at java.base/java.lang.reflect.Method.invoke(Method.java:580)
	at org.springframework.aop.support.AopUtils.invokeJoinpointUsingReflection(AopUtils.java:359)
	at org.springframework.aop.framework.ReflectiveMethodInvocation.invokeJoinpoint(ReflectiveMethodInvocation.java:190)
	at org.springframework.aop.framework.ReflectiveMethodInvocation.proceed(ReflectiveMethodInvocation.java:158)
	at org.springframework.core.retry.RetryTemplate.execute(RetryTemplate.java:174)
	at org.springframework.amqp.rabbit.config.StatelessRetryOperationsInterceptor.invoke(StatelessRetryOperationsInterceptor.java:57)
	at org.springframework.aop.framework.ReflectiveMethodInvocation.proceed(ReflectiveMethodInvocation.java:179)
	at org.springframework.aop.framework.JdkDynamicAopProxy.invoke(JdkDynamicAopProxy.java:222)
	at org.springframework.amqp.rabbit.listener.$Proxy112.invokeListener(Unknown Source)
	at org.springframework.amqp.rabbit.listener.AbstractMessageListenerContainer.invokeListener(AbstractMessageListenerContainer.java:1599)
	at org.springframework.amqp.rabbit.listener.AbstractMessageListenerContainer.doExecuteListener(AbstractMessageListenerContainer.java:1590)
	at org.springframework.amqp.rabbit.listener.AbstractMessageListenerContainer.executeListenerAndHandleException(AbstractMessageListenerContainer.java:1539)
	at org.springframework.amqp.rabbit.listener.AbstractMessageListenerContainer.executeListener(AbstractMessageListenerContainer.java:1520)
	at org.springframework.amqp.rabbit.listener.SimpleMessageListenerContainer.doReceiveAndExecute(SimpleMessageListenerContainer.java:1116)
	at org.springframework.amqp.rabbit.listener.SimpleMessageListenerContainer.receiveAndExecute(SimpleMessageListenerContainer.java:1061)
	at org.springframework.amqp.rabbit.listener.SimpleMessageListenerContainer$AsyncMessageProcessingConsumer.mainLoop(SimpleMessageListenerContainer.java:1465)
	at org.springframework.amqp.rabbit.listener.SimpleMessageListenerContainer$AsyncMessageProcessingConsumer.run(SimpleMessageListenerContainer.java:1359)
	at java.base/java.lang.Thread.run(Thread.java:1583)
Caused by: java.lang.RuntimeException: Falha ao ler JSON do RabbitMQ
	at com.example.ms_report_async.infraestructure.async.RabbitImportListener.receive(RabbitImportListener.java:40)
	at java.base/jdk.internal.reflect.DirectMethodHandleAccessor.invoke(DirectMethodHandleAccessor.java:103)
	at java.base/java.lang.reflect.Method.invoke(Method.java:580)
	at org.springframework.messaging.handler.invocation.InvocableHandlerMethod.doInvoke(InvocableHandlerMethod.java:168)
	at org.springframework.amqp.rabbit.listener.adapter.KotlinAwareInvocableHandlerMethod.doInvoke(KotlinAwareInvocableHandlerMethod.java:47)
	at org.springframework.messaging.handler.invocation.InvocableHandlerMethod.invoke(InvocableHandlerMethod.java:119)
	at org.springframework.amqp.rabbit.listener.adapter.HandlerAdapter.invoke(HandlerAdapter.java:83)
	at org.springframework.amqp.rabbit.listener.adapter.MessagingMessageListenerAdapter.invokeHandler(MessagingMessageListenerAdapter.java:287)
	... 23 common frames omitted
Caused by: java.lang.RuntimeException: Falha ao processar arquivo: estatisticas_di_2025_10-12_trusted.csv
	at com.example.ms_report_async.application.usecase.ProcessImportFileUseCaseImpl.execute(ProcessImportFileUseCaseImpl.java:61)
	at com.example.ms_report_async.infraestructure.async.RabbitImportListener.receive(RabbitImportListener.java:35)
	... 30 common frames omitted
Caused by: software.amazon.awssdk.services.s3.model.S3Exception: User: arn:aws:sts::822696479830:assumed-role/voclabs/user3869980=guilherme.figueiredo@sptech.school is not authorized to perform: s3:GetObject on resource: "arn:aws:s3:::brinks-bucket-1/estatisticas_di_2025_10-12_trusted.csv" with an explicit deny in an identity-based policy (Service: S3, Status Code: 403, Request ID: 31VAVA30TWC31B3D, Extended Request ID: gjB3lQjVOh70/wTNYJNb4rKm5t7vnSLqwp1vkUjxnGdzZncItS3SdsMeuFIixEHH2ICOa6myjniQzmgbO4cfWsOtxMVRDA17si+Fn7K3SXM=)
	at software.amazon.awssdk.core.internal.http.CombinedResponseHandler.handleErrorResponse(CombinedResponseHandler.java:125)
	at software.amazon.awssdk.core.internal.http.CombinedResponseHandler.handleResponse(CombinedResponseHandler.java:82)
	at software.amazon.awssdk.core.internal.http.CombinedResponseHandler.handle(CombinedResponseHandler.java:60)
	at software.amazon.awssdk.core.internal.http.CombinedResponseHandler.handle(CombinedResponseHandler.java:41)
	at software.amazon.awssdk.core.internal.http.pipeline.stages.HandleResponseStage.execute(HandleResponseStage.java:50)
	at software.amazon.awssdk.core.internal.http.pipeline.stages.HandleResponseStage.execute(HandleResponseStage.java:38)
	at software.amazon.awssdk.core.internal.http.pipeline.RequestPipelineBuilder$ComposingRequestPipelineStage.execute(RequestPipelineBuilder.java:206)
	at software.amazon.awssdk.core.internal.http.pipeline.stages.ApiCallAttemptTimeoutTrackingStage.execute(ApiCallAttemptTimeoutTrackingStage.java:74)
	at software.amazon.awssdk.core.internal.http.pipeline.stages.ApiCallAttemptTimeoutTrackingStage.execute(ApiCallAttemptTimeoutTrackingStage.java:43)
	at software.amazon.awssdk.core.internal.http.pipeline.stages.TimeoutExceptionHandlingStage.execute(TimeoutExceptionHandlingStage.java:79)
	at software.amazon.awssdk.core.internal.http.pipeline.stages.TimeoutExceptionHandlingStage.execute(TimeoutExceptionHandlingStage.java:41)
	at software.amazon.awssdk.core.internal.http.pipeline.stages.ApiCallAttemptMetricCollectionStage.execute(ApiCallAttemptMetricCollectionStage.java:55)
	at software.amazon.awssdk.core.internal.http.pipeline.stages.ApiCallAttemptMetricCollectionStage.execute(ApiCallAttemptMetricCollectionStage.java:39)
	at software.amazon.awssdk.core.internal.http.pipeline.stages.RetryableStage2.executeRequest(RetryableStage2.java:93)
	at software.amazon.awssdk.core.internal.http.pipeline.stages.RetryableStage2.execute(RetryableStage2.java:56)
	at software.amazon.awssdk.core.internal.http.pipeline.stages.RetryableStage2.execute(RetryableStage2.java:36)
	at software.amazon.awssdk.core.internal.http.pipeline.RequestPipelineBuilder$ComposingRequestPipelineStage.execute(RequestPipelineBuilder.java:206)
	at software.amazon.awssdk.core.internal.http.StreamManagingStage.execute(StreamManagingStage.java:53)
	at software.amazon.awssdk.core.internal.http.StreamManagingStage.execute(StreamManagingStage.java:35)
	at software.amazon.awssdk.core.internal.http.pipeline.stages.ApiCallTimeoutTrackingStage.executeWithTimer(ApiCallTimeoutTrackingStage.java:82)
	at software.amazon.awssdk.core.internal.http.pipeline.stages.ApiCallTimeoutTrackingStage.execute(ApiCallTimeoutTrackingStage.java:62)
	at software.amazon.awssdk.core.internal.http.pipeline.stages.ApiCallTimeoutTrackingStage.execute(ApiCallTimeoutTrackingStage.java:43)
	at software.amazon.awssdk.core.internal.http.pipeline.stages.ApiCallMetricCollectionStage.execute(ApiCallMetricCollectionStage.java:50)
	at software.amazon.awssdk.core.internal.http.pipeline.stages.ApiCallMetricCollectionStage.execute(ApiCallMetricCollectionStage.java:32)
	at software.amazon.awssdk.core.internal.http.pipeline.RequestPipelineBuilder$ComposingRequestPipelineStage.execute(RequestPipelineBuilder.java:206)
	at software.amazon.awssdk.core.internal.http.pipeline.RequestPipelineBuilder$ComposingRequestPipelineStage.execute(RequestPipelineBuilder.java:206)
	at software.amazon.awssdk.core.internal.http.pipeline.stages.ExecutionFailureExceptionReportingStage.execute(ExecutionFailureExceptionReportingStage.java:37)
	at software.amazon.awssdk.core.internal.http.pipeline.stages.ExecutionFailureExceptionReportingStage.execute(ExecutionFailureExceptionReportingStage.java:26)
	at software.amazon.awssdk.core.internal.http.AmazonSyncHttpClient$RequestExecutionBuilderImpl.execute(AmazonSyncHttpClient.java:210)
	at software.amazon.awssdk.core.internal.handler.BaseSyncClientHandler.invoke(BaseSyncClientHandler.java:103)
	at software.amazon.awssdk.core.internal.handler.BaseSyncClientHandler.doExecute(BaseSyncClientHandler.java:173)
	at software.amazon.awssdk.core.internal.handler.BaseSyncClientHandler.lambda$execute$0(BaseSyncClientHandler.java:66)
	at software.amazon.awssdk.core.internal.handler.BaseSyncClientHandler.measureApiCallSuccess(BaseSyncClientHandler.java:182)
	at software.amazon.awssdk.core.internal.handler.BaseSyncClientHandler.execute(BaseSyncClientHandler.java:60)
	at software.amazon.awssdk.core.client.handler.SdkSyncClientHandler.execute(SdkSyncClientHandler.java:52)
	at software.amazon.awssdk.awscore.client.handler.AwsSyncClientHandler.execute(AwsSyncClientHandler.java:60)
	at software.amazon.awssdk.services.s3.DefaultS3Client.getObject(DefaultS3Client.java:5404)
	at software.amazon.awssdk.services.s3.S3Client.getObject(S3Client.java:9482)
	at com.example.ms_report_async.infraestructure.s3.S3Adapter.download(S3Adapter.java:40)
	at com.example.ms_report_async.application.usecase.ProcessImportFileUseCaseImpl.execute(ProcessImportFileUseCaseImpl.java:41)
	... 31 common frames omitted
2026-03-10 20:28:20.596 [org.springframework.amqp.rabbit.RabbitListenerEndpointContainer#0-1] WARN  o.s.a.r.l.ConditionalRejectingErrorHandler [] - Execution of Rabbit message listener failed.
org.springframework.amqp.rabbit.support.ListenerExecutionFailedException: Retry Policy Exhausted
	at org.springframework.amqp.rabbit.retry.RejectAndDontRequeueRecoverer.recover(RejectAndDontRequeueRecoverer.java:77)
	at org.springframework.amqp.rabbit.config.StatelessRetryOperationsInterceptorFactoryBean.recover(StatelessRetryOperationsInterceptorFactoryBean.java:65)
	at org.springframework.amqp.rabbit.config.StatelessRetryOperationsInterceptor.invoke(StatelessRetryOperationsInterceptor.java:61)
	at org.springframework.aop.framework.ReflectiveMethodInvocation.proceed(ReflectiveMethodInvocation.java:179)
	at org.springframework.aop.framework.JdkDynamicAopProxy.invoke(JdkDynamicAopProxy.java:222)
	at org.springframework.amqp.rabbit.listener.$Proxy112.invokeListener(Unknown Source)
	at org.springframework.amqp.rabbit.listener.AbstractMessageListenerContainer.invokeListener(AbstractMessageListenerContainer.java:1599)
	at org.springframework.amqp.rabbit.listener.AbstractMessageListenerContainer.doExecuteListener(AbstractMessageListenerContainer.java:1590)
	at org.springframework.amqp.rabbit.listener.AbstractMessageListenerContainer.executeListenerAndHandleException(AbstractMessageListenerContainer.java:1539)
	at org.springframework.amqp.rabbit.listener.AbstractMessageListenerContainer.executeListener(AbstractMessageListenerContainer.java:1520)
	at org.springframework.amqp.rabbit.listener.SimpleMessageListenerContainer.doReceiveAndExecute(SimpleMessageListenerContainer.java:1116)
	at org.springframework.amqp.rabbit.listener.SimpleMessageListenerContainer.receiveAndExecute(SimpleMessageListenerContainer.java:1061)
	at org.springframework.amqp.rabbit.listener.SimpleMessageListenerContainer$AsyncMessageProcessingConsumer.mainLoop(SimpleMessageListenerContainer.java:1465)
	at org.springframework.amqp.rabbit.listener.SimpleMessageListenerContainer$AsyncMessageProcessingConsumer.run(SimpleMessageListenerContainer.java:1359)
	at java.base/java.lang.Thread.run(Thread.java:1583)
Caused by: org.springframework.amqp.AmqpRejectAndDontRequeueException
	... 15 common frames omitted
Caused by: org.springframework.amqp.rabbit.support.ListenerExecutionFailedException: Listener method 'public void com.example.ms_report_async.infraestructure.async.RabbitImportListener.receive(java.lang.String)' threw exception
	at org.springframework.amqp.rabbit.listener.adapter.MessagingMessageListenerAdapter.invokeHandler(MessagingMessageListenerAdapter.java:296)
	at org.springframework.amqp.rabbit.listener.adapter.MessagingMessageListenerAdapter.invokeHandlerAndProcessResult(MessagingMessageListenerAdapter.java:233)
	at org.springframework.amqp.rabbit.listener.adapter.MessagingMessageListenerAdapter.onMessage(MessagingMessageListenerAdapter.java:157)
	at org.springframework.amqp.rabbit.listener.AbstractMessageListenerContainer.doInvokeListener(AbstractMessageListenerContainer.java:1683)
	at org.springframework.amqp.rabbit.listener.AbstractMessageListenerContainer.actualInvokeListener(AbstractMessageListenerContainer.java:1612)
	at java.base/jdk.internal.reflect.DirectMethodHandleAccessor.invoke(DirectMethodHandleAccessor.java:103)
	at java.base/java.lang.reflect.Method.invoke(Method.java:580)
	at org.springframework.aop.support.AopUtils.invokeJoinpointUsingReflection(AopUtils.java:359)
	at org.springframework.aop.framework.ReflectiveMethodInvocation.invokeJoinpoint(ReflectiveMethodInvocation.java:190)
	at org.springframework.aop.framework.ReflectiveMethodInvocation.proceed(ReflectiveMethodInvocation.java:158)
	at org.springframework.core.retry.RetryTemplate.execute(RetryTemplate.java:174)
	at org.springframework.amqp.rabbit.config.StatelessRetryOperationsInterceptor.invoke(StatelessRetryOperationsInterceptor.java:57)
	... 12 common frames omitted
Caused by: java.lang.RuntimeException: Falha ao ler JSON do RabbitMQ
	at com.example.ms_report_async.infraestructure.async.RabbitImportListener.receive(RabbitImportListener.java:40)
	at java.base/jdk.internal.reflect.DirectMethodHandleAccessor.invoke(DirectMethodHandleAccessor.java:103)
	at java.base/java.lang.reflect.Method.invoke(Method.java:580)
	at org.springframework.messaging.handler.invocation.InvocableHandlerMethod.doInvoke(InvocableHandlerMethod.java:168)
	at org.springframework.amqp.rabbit.listener.adapter.KotlinAwareInvocableHandlerMethod.doInvoke(KotlinAwareInvocableHandlerMethod.java:47)
	at org.springframework.messaging.handler.invocation.InvocableHandlerMethod.invoke(InvocableHandlerMethod.java:119)
	at org.springframework.amqp.rabbit.listener.adapter.HandlerAdapter.invoke(HandlerAdapter.java:83)
	at org.springframework.amqp.rabbit.listener.adapter.MessagingMessageListenerAdapter.invokeHandler(MessagingMessageListenerAdapter.java:287)
	... 23 common frames omitted
Caused by: java.lang.RuntimeException: Falha ao processar arquivo: estatisticas_di_2025_10-12_trusted.csv
	at com.example.ms_report_async.application.usecase.ProcessImportFileUseCaseImpl.execute(ProcessImportFileUseCaseImpl.java:61)
	at com.example.ms_report_async.infraestructure.async.RabbitImportListener.receive(RabbitImportListener.java:35)
	... 30 common frames omitted
Caused by: software.amazon.awssdk.services.s3.model.S3Exception: User: arn:aws:sts::822696479830:assumed-role/voclabs/user3869980=guilherme.figueiredo@sptech.school is not authorized to perform: s3:GetObject on resource: "arn:aws:s3:::brinks-bucket-1/estatisticas_di_2025_10-12_trusted.csv" with an explicit deny in an identity-based policy (Service: S3, Status Code: 403, Request ID: 31VAVA30TWC31B3D, Extended Request ID: gjB3lQjVOh70/wTNYJNb4rKm5t7vnSLqwp1vkUjxnGdzZncItS3SdsMeuFIixEHH2ICOa6myjniQzmgbO4cfWsOtxMVRDA17si+Fn7K3SXM=)
	at software.amazon.awssdk.core.internal.http.CombinedResponseHandler.handleErrorResponse(CombinedResponseHandler.java:125)
	at software.amazon.awssdk.core.internal.http.CombinedResponseHandler.handleResponse(CombinedResponseHandler.java:82)
	at software.amazon.awssdk.core.internal.http.CombinedResponseHandler.handle(CombinedResponseHandler.java:60)
	at software.amazon.awssdk.core.internal.http.CombinedResponseHandler.handle(CombinedResponseHandler.java:41)
	at software.amazon.awssdk.core.internal.http.pipeline.stages.HandleResponseStage.execute(HandleResponseStage.java:50)
	at software.amazon.awssdk.core.internal.http.pipeline.stages.HandleResponseStage.execute(HandleResponseStage.java:38)
	at software.amazon.awssdk.core.internal.http.pipeline.RequestPipelineBuilder$ComposingRequestPipelineStage.execute(RequestPipelineBuilder.java:206)
	at software.amazon.awssdk.core.internal.http.pipeline.stages.ApiCallAttemptTimeoutTrackingStage.execute(ApiCallAttemptTimeoutTrackingStage.java:74)
	at software.amazon.awssdk.core.internal.http.pipeline.stages.ApiCallAttemptTimeoutTrackingStage.execute(ApiCallAttemptTimeoutTrackingStage.java:43)
	at software.amazon.awssdk.core.internal.http.pipeline.stages.TimeoutExceptionHandlingStage.execute(TimeoutExceptionHandlingStage.java:79)
	at software.amazon.awssdk.core.internal.http.pipeline.stages.TimeoutExceptionHandlingStage.execute(TimeoutExceptionHandlingStage.java:41)
	at software.amazon.awssdk.core.internal.http.pipeline.stages.ApiCallAttemptMetricCollectionStage.execute(ApiCallAttemptMetricCollectionStage.java:55)
	at software.amazon.awssdk.core.internal.http.pipeline.stages.ApiCallAttemptMetricCollectionStage.execute(ApiCallAttemptMetricCollectionStage.java:39)
	at software.amazon.awssdk.core.internal.http.pipeline.stages.RetryableStage2.executeRequest(RetryableStage2.java:93)
	at software.amazon.awssdk.core.internal.http.pipeline.stages.RetryableStage2.execute(RetryableStage2.java:56)
	at software.amazon.awssdk.core.internal.http.pipeline.stages.RetryableStage2.execute(RetryableStage2.java:36)
	at software.amazon.awssdk.core.internal.http.pipeline.RequestPipelineBuilder$ComposingRequestPipelineStage.execute(RequestPipelineBuilder.java:206)
	at software.amazon.awssdk.core.internal.http.StreamManagingStage.execute(StreamManagingStage.java:53)
	at software.amazon.awssdk.core.internal.http.StreamManagingStage.execute(StreamManagingStage.java:35)
	at software.amazon.awssdk.core.internal.http.pipeline.stages.ApiCallTimeoutTrackingStage.executeWithTimer(ApiCallTimeoutTrackingStage.java:82)
	at software.amazon.awssdk.core.internal.http.pipeline.stages.ApiCallTimeoutTrackingStage.execute(ApiCallTimeoutTrackingStage.java:62)
	at software.amazon.awssdk.core.internal.http.pipeline.stages.ApiCallTimeoutTrackingStage.execute(ApiCallTimeoutTrackingStage.java:43)
	at software.amazon.awssdk.core.internal.http.pipeline.stages.ApiCallMetricCollectionStage.execute(ApiCallMetricCollectionStage.java:50)
	at software.amazon.awssdk.core.internal.http.pipeline.stages.ApiCallMetricCollectionStage.execute(ApiCallMetricCollectionStage.java:32)
	at software.amazon.awssdk.core.internal.http.pipeline.RequestPipelineBuilder$ComposingRequestPipelineStage.execute(RequestPipelineBuilder.java:206)
	at software.amazon.awssdk.core.internal.http.pipeline.RequestPipelineBuilder$ComposingRequestPipelineStage.execute(RequestPipelineBuilder.java:206)
	at software.amazon.awssdk.core.internal.http.pipeline.stages.ExecutionFailureExceptionReportingStage.execute(ExecutionFailureExceptionReportingStage.java:37)
	at software.amazon.awssdk.core.internal.http.pipeline.stages.ExecutionFailureExceptionReportingStage.execute(ExecutionFailureExceptionReportingStage.java:26)
	at software.amazon.awssdk.core.internal.http.AmazonSyncHttpClient$RequestExecutionBuilderImpl.execute(AmazonSyncHttpClient.java:210)
	at software.amazon.awssdk.core.internal.handler.BaseSyncClientHandler.invoke(BaseSyncClientHandler.java:103)
	at software.amazon.awssdk.core.internal.handler.BaseSyncClientHandler.doExecute(BaseSyncClientHandler.java:173)
	at software.amazon.awssdk.core.internal.handler.BaseSyncClientHandler.lambda$execute$0(BaseSyncClientHandler.java:66)
	at software.amazon.awssdk.core.internal.handler.BaseSyncClientHandler.measureApiCallSuccess(BaseSyncClientHandler.java:182)
	at software.amazon.awssdk.core.internal.handler.BaseSyncClientHandler.execute(BaseSyncClientHandler.java:60)
	at software.amazon.awssdk.core.client.handler.SdkSyncClientHandler.execute(SdkSyncClientHandler.java:52)
	at software.amazon.awssdk.awscore.client.handler.AwsSyncClientHandler.execute(AwsSyncClientHandler.java:60)
	at software.amazon.awssdk.services.s3.DefaultS3Client.getObject(DefaultS3Client.java:5404)
	at software.amazon.awssdk.services.s3.S3Client.getObject(S3Client.java:9482)
	at com.example.ms_report_async.infraestructure.s3.S3Adapter.download(S3Adapter.java:40)
	at com.example.ms_report_async.application.usecase.ProcessImportFileUseCaseImpl.execute(ProcessImportFileUseCaseImpl.java:41)
	... 31 common frames omitted
2026-03-10 20:28:20.596 [org.springframework.amqp.rabbit.RabbitListenerEndpointContainer#0-1] DEBUG o.s.a.r.l.BlockingQueueConsumer [] - Rejecting messages (requeue=false)
2026-03-10 20:28:20.916 [SpringApplicationShutdownHook] DEBUG o.s.a.r.l.SimpleMessageListenerContainer [] - Shutting down Rabbit listener container
2026-03-10 20:28:20.921 [pool-3-thread-6] DEBUG o.s.a.r.l.BlockingQueueConsumer [] - Received cancelOk for tag amq.ctag-9Zh49KHdRCKJfmqDy1rNdQ (import_csv_queue3); Consumer@70f7700: tags=[[amq.ctag-9Zh49KHdRCKJfmqDy1rNdQ]], channel=Cached Rabbit Channel: AMQChannel(amqp://user@127.0.0.1:5672/,1), conn: Proxy@2042ee9d Shared Rabbit Connection: SimpleConnection@4823f126 [delegate=amqp://user@127.0.0.1:5672/, localPort=53302], acknowledgeMode=AUTO local queue size=0
2026-03-10 20:28:20.921 [org.springframework.amqp.rabbit.RabbitListenerEndpointContainer#0-2] INFO  o.s.a.r.l.SimpleMessageListenerContainer [] - Waiting for workers to finish.
2026-03-10 20:28:21.610 [org.springframework.amqp.rabbit.RabbitListenerEndpointContainer#0-2] INFO  o.s.a.r.l.SimpleMessageListenerContainer [] - Successfully waited for workers to finish.
2026-03-10 20:28:21.611 [org.springframework.amqp.rabbit.RabbitListenerEndpointContainer#0-1] DEBUG o.s.a.r.l.SimpleMessageListenerContainer [] - Cancelling Consumer@70f7700: tags=[[amq.ctag-9Zh49KHdRCKJfmqDy1rNdQ]], channel=Cached Rabbit Channel: AMQChannel(amqp://user@127.0.0.1:5672/,1), conn: Proxy@2042ee9d Shared Rabbit Connection: SimpleConnection@4823f126 [delegate=amqp://user@127.0.0.1:5672/, localPort=53302], acknowledgeMode=AUTO local queue size=0
2026-03-10 20:28:21.611 [org.springframework.amqp.rabbit.RabbitListenerEndpointContainer#0-1] DEBUG o.s.a.r.l.BlockingQueueConsumer [] - Closing Rabbit Channel: Cached Rabbit Channel: AMQChannel(amqp://user@127.0.0.1:5672/,1), conn: Proxy@2042ee9d Shared Rabbit Connection: SimpleConnection@4823f126 [delegate=amqp://user@127.0.0.1:5672/, localPort=53302]
2026-03-10 20:28:21.611 [org.springframework.amqp.rabbit.RabbitListenerEndpointContainer#0-1] DEBUG o.s.a.r.c.CachingConnectionFactory [] - Closing cached Channel: AMQChannel(amqp://user@127.0.0.1:5672/,1)
2026-03-10 20:28:21.613 [SpringApplicationShutdownHook] INFO  o.s.boot.tomcat.GracefulShutdown [] - Commencing graceful shutdown. Waiting for active requests to complete
2026-03-10 20:28:21.622 [tomcat-shutdown] INFO  o.s.boot.tomcat.GracefulShutdown [] - Graceful shutdown complete
2026-03-10 20:28:21.632 [SpringApplicationShutdownHook] DEBUG o.s.a.r.c.CachingConnectionFactory [] - Closing cached Channel: AMQChannel(amqp://user@127.0.0.1:5672/,2)
2026-03-10 20:28:21.653 [SpringApplicationShutdownHook] DEBUG o.s.a.r.l.SimpleMessageListenerContainer [] - Shutdown ignored - container is not active already
2026-03-10 20:28:25.424 [background-preinit] INFO  o.h.validator.internal.util.Version [] - HV000001: Hibernate Validator 9.0.1.Final
2026-03-10 20:28:25.499 [restartedMain] INFO  c.e.m.MsReportAsyncApplication [] - Starting MsReportAsyncApplication using Java 21.0.8 with PID 3576 (C:\Users\guilh\OneDrive\Desktop\sptech\PI\ms async\ms-report-async\target\classes started by guilh in C:\Users\guilh\OneDrive\Desktop\sptech\PI\ms async\ms-report-async)
2026-03-10 20:28:25.500 [restartedMain] DEBUG c.e.m.MsReportAsyncApplication [] - Running with Spring Boot v4.0.3, Spring v7.0.5
2026-03-10 20:28:25.501 [restartedMain] INFO  c.e.m.MsReportAsyncApplication [] - No active profile set, falling back to 1 default profile: "default"
2026-03-10 20:28:25.591 [restartedMain] INFO  o.s.b.d.e.DevToolsPropertyDefaultsPostProcessor [] - Devtools property defaults active! Set 'spring.devtools.add-properties' to 'false' to disable
2026-03-10 20:28:25.591 [restartedMain] INFO  o.s.b.d.e.DevToolsPropertyDefaultsPostProcessor [] - For additional web related logging consider setting the 'logging.level.web' property to 'DEBUG'
2026-03-10 20:28:28.110 [restartedMain] INFO  o.s.boot.tomcat.TomcatWebServer [] - Tomcat initialized with port 8080 (http)
2026-03-10 20:28:28.131 [restartedMain] INFO  o.a.coyote.http11.Http11NioProtocol [] - Initializing ProtocolHandler ["http-nio-8080"]
2026-03-10 20:28:28.137 [restartedMain] INFO  o.a.catalina.core.StandardService [] - Starting service [Tomcat]
2026-03-10 20:28:28.139 [restartedMain] INFO  o.a.catalina.core.StandardEngine [] - Starting Servlet engine: [Apache Tomcat/11.0.18]
2026-03-10 20:28:28.244 [restartedMain] INFO  o.s.b.w.c.s.WebApplicationContextInitializer [] - Root WebApplicationContext: initialization completed in 2652 ms
2026-03-10 20:28:28.689 [restartedMain] WARN  s.a.a.p.internal.ProfileFileReader [] - Ignoring profile '[default]' on line 3, because '[profile default]' was already seen in the same file.
2026-03-10 20:28:31.154 [restartedMain] INFO  o.s.b.a.e.web.EndpointLinksResolver [] - Exposing 1 endpoint beneath base path '/actuator'
2026-03-10 20:28:31.231 [restartedMain] DEBUG o.s.a.r.l.a.MessagingMessageListenerAdapter [] - Inferred argument type for public void com.example.ms_report_async.infraestructure.async.RabbitImportListener.receive(java.lang.String) is class java.lang.String
2026-03-10 20:28:31.266 [restartedMain] DEBUG o.s.a.r.l.SimpleMessageListenerContainer [] - No global properties bean
2026-03-10 20:28:31.339 [restartedMain] INFO  o.a.coyote.http11.Http11NioProtocol [] - Starting ProtocolHandler ["http-nio-8080"]
2026-03-10 20:28:31.382 [restartedMain] INFO  o.s.boot.tomcat.TomcatWebServer [] - Tomcat started on port 8080 (http) with context path '/'
2026-03-10 20:28:31.385 [restartedMain] DEBUG o.s.a.r.l.SimpleMessageListenerContainer [] - Starting Rabbit listener container.
2026-03-10 20:28:31.391 [restartedMain] INFO  o.s.a.r.c.CachingConnectionFactory [] - Attempting to connect to: [localhost:5672]
2026-03-10 20:28:31.518 [restartedMain] INFO  o.s.a.r.c.CachingConnectionFactory [] - Created new connection: rabbitConnectionFactory#320f2f92:0/SimpleConnection@3f1f76df [delegate=amqp://user@127.0.0.1:5672/, localPort=50411]
2026-03-10 20:28:31.521 [restartedMain] DEBUG o.s.amqp.rabbit.core.RabbitAdmin [] - Initializing declarations
2026-03-10 20:28:31.545 [restartedMain] DEBUG o.s.a.r.c.CachingConnectionFactory [] - Creating cached Rabbit Channel from AMQChannel(amqp://user@127.0.0.1:5672/,1)
2026-03-10 20:28:31.564 [restartedMain] DEBUG o.s.amqp.rabbit.core.RabbitTemplate [] - Executing callback  on RabbitMQ Channel: Cached Rabbit Channel: AMQChannel(amqp://user@127.0.0.1:5672/,1), conn: Proxy@6b186f2 Shared Rabbit Connection: SimpleConnection@3f1f76df [delegate=amqp://user@127.0.0.1:5672/, localPort=50411]
2026-03-10 20:28:31.565 [restartedMain] DEBUG o.s.amqp.rabbit.core.RabbitAdmin [] - declaring Exchange 'import_exchange3'
2026-03-10 20:28:31.572 [restartedMain] DEBUG o.s.amqp.rabbit.core.RabbitAdmin [] - declaring Queue 'import_csv_queue3'
2026-03-10 20:28:31.581 [restartedMain] DEBUG o.s.amqp.rabbit.core.RabbitAdmin [] - Binding destination [import_csv_queue3 (QUEUE)] to exchange [import_exchange3] with routing key [import.csv3]
2026-03-10 20:28:31.590 [restartedMain] DEBUG o.s.amqp.rabbit.core.RabbitAdmin [] - Declarations finished
2026-03-10 20:28:31.605 [org.springframework.amqp.rabbit.RabbitListenerEndpointContainer#0-1] DEBUG o.s.amqp.rabbit.core.RabbitTemplate [] - Executing callback  on RabbitMQ Channel: Cached Rabbit Channel: AMQChannel(amqp://user@127.0.0.1:5672/,1), conn: Proxy@6b186f2 Shared Rabbit Connection: SimpleConnection@3f1f76df [delegate=amqp://user@127.0.0.1:5672/, localPort=50411]
2026-03-10 20:28:31.614 [org.springframework.amqp.rabbit.RabbitListenerEndpointContainer#0-1] DEBUG o.s.a.r.l.BlockingQueueConsumer [] - Starting consumer Consumer@2a92135: tags=[[]], channel=null, acknowledgeMode=AUTO local queue size=0
2026-03-10 20:28:31.643 [org.springframework.amqp.rabbit.RabbitListenerEndpointContainer#0-1] DEBUG o.s.a.r.l.BlockingQueueConsumer [] - Started on queue 'import_csv_queue3' with tag amq.ctag-_ivjvlNLCF_6rhprsgN4rQ: Consumer@2a92135: tags=[[]], channel=Cached Rabbit Channel: AMQChannel(amqp://user@127.0.0.1:5672/,1), conn: Proxy@6b186f2 Shared Rabbit Connection: SimpleConnection@3f1f76df [delegate=amqp://user@127.0.0.1:5672/, localPort=50411], acknowledgeMode=AUTO local queue size=0
2026-03-10 20:28:31.643 [pool-3-thread-3] DEBUG o.s.a.r.l.BlockingQueueConsumer [] - ConsumeOK: Consumer@2a92135: tags=[[amq.ctag-_ivjvlNLCF_6rhprsgN4rQ]], channel=Cached Rabbit Channel: AMQChannel(amqp://user@127.0.0.1:5672/,1), conn: Proxy@6b186f2 Shared Rabbit Connection: SimpleConnection@3f1f76df [delegate=amqp://user@127.0.0.1:5672/, localPort=50411], acknowledgeMode=AUTO local queue size=0
2026-03-10 20:28:31.662 [restartedMain] INFO  c.e.m.MsReportAsyncApplication [] - Started MsReportAsyncApplication in 7.285 seconds (process running for 8.342)
2026-03-10 20:28:36.466 [http-nio-8080-exec-2] INFO  o.a.c.c.C.[Tomcat].[localhost].[/] [] - Initializing Spring DispatcherServlet 'dispatcherServlet'
2026-03-10 20:28:36.467 [http-nio-8080-exec-2] INFO  o.s.web.servlet.DispatcherServlet [] - Initializing Servlet 'dispatcherServlet'
2026-03-10 20:28:36.469 [http-nio-8080-exec-2] INFO  o.s.web.servlet.DispatcherServlet [] - Completed initialization in 2 ms
2026-03-10 20:28:36.572 [http-nio-8080-exec-2] INFO  c.e.m.i.r.impl.ImportControllerImpl [] - Recebendo requisição de importação. FileKey: estatisticas_di_2025_10-12_trusted.csv
2026-03-10 20:28:36.573 [http-nio-8080-exec-2] DEBUG c.e.m.i.async.RabbitImportProducer [] - Gerando novo JobId: 9c330598-b314-46df-b61b-df4fef4e93e3 para FileKey: estatisticas_di_2025_10-12_trusted.csv
2026-03-10 20:28:36.579 [http-nio-8080-exec-2] DEBUG o.s.a.r.c.CachingConnectionFactory [] - Creating cached Rabbit Channel from AMQChannel(amqp://user@127.0.0.1:5672/,2)
2026-03-10 20:28:36.580 [http-nio-8080-exec-2] DEBUG o.s.amqp.rabbit.core.RabbitTemplate [] - Executing callback  on RabbitMQ Channel: Cached Rabbit Channel: AMQChannel(amqp://user@127.0.0.1:5672/,2), conn: Proxy@6b186f2 Shared Rabbit Connection: SimpleConnection@3f1f76df [delegate=amqp://user@127.0.0.1:5672/, localPort=50411]
2026-03-10 20:28:36.601 [http-nio-8080-exec-2] DEBUG o.s.amqp.rabbit.core.RabbitTemplate [] - Publishing message [(Body:'[B@6a9bbbe1(byte[100])' MessageProperties [headers={}, contentType=text/plain, contentEncoding=UTF-8, contentLength=100, deliveryMode=PERSISTENT, priority=0, deliveryTag=0])] on exchange [import_exchange3], routingKey = [import.csv3]
2026-03-10 20:28:36.611 [http-nio-8080-exec-2] INFO  c.e.m.i.async.RabbitImportProducer [] - Mensagem publicada no RabbitMQ com sucesso. Exchange: import_exchange3, RoutingKey: import.csv3, JobId: 9c330598-b314-46df-b61b-df4fef4e93e3
2026-03-10 20:28:36.611 [http-nio-8080-exec-2] INFO  c.e.m.i.r.impl.ImportControllerImpl [] - Importação enfileirada com sucesso. JobId: 9c330598-b314-46df-b61b-df4fef4e93e3, FileKey: estatisticas_di_2025_10-12_trusted.csv
2026-03-10 20:28:36.617 [pool-3-thread-4] DEBUG o.s.a.r.l.BlockingQueueConsumer [] - Storing delivery for consumerTag: 'amq.ctag-_ivjvlNLCF_6rhprsgN4rQ' with deliveryTag: '1' in Consumer@2a92135: tags=[[amq.ctag-_ivjvlNLCF_6rhprsgN4rQ]], channel=Cached Rabbit Channel: AMQChannel(amqp://user@127.0.0.1:5672/,1), conn: Proxy@6b186f2 Shared Rabbit Connection: SimpleConnection@3f1f76df [delegate=amqp://user@127.0.0.1:5672/, localPort=50411], acknowledgeMode=AUTO local queue size=0
2026-03-10 20:28:36.618 [org.springframework.amqp.rabbit.RabbitListenerEndpointContainer#0-1] DEBUG o.s.a.r.l.BlockingQueueConsumer [] - Received message: (Body:'[B@4b97055f(byte[100])' MessageProperties [headers={}, contentType=text/plain, contentEncoding=UTF-8, contentLength=0, receivedDeliveryMode=PERSISTENT, priority=0, redelivered=false, receivedExchange=import_exchange3, receivedRoutingKey=import.csv3, deliveryTag=1, consumerTag=amq.ctag-_ivjvlNLCF_6rhprsgN4rQ, consumerQueue=import_csv_queue3])
2026-03-10 20:28:36.643 [org.springframework.amqp.rabbit.RabbitListenerEndpointContainer#0-1] DEBUG o.s.a.r.l.a.MessagingMessageListenerAdapter [] - Processing [GenericMessage [payload={"jobId":"9c330598-b314-46df-b61b-df4fef4e93e3", "fileKey":"estatisticas_di_2025_10-12_trusted.csv"}, headers={amqp_receivedDeliveryMode=PERSISTENT, amqp_receivedExchange=import_exchange3, amqp_deliveryTag=1, amqp_consumerQueue=import_csv_queue3, amqp_redelivered=false, amqp_receivedRoutingKey=import.csv3, amqp_contentEncoding=UTF-8, amqp_retryCount=0, id=e4325192-1aaf-6ab5-33de-4e9c88a13e42, amqp_consumerTag=amq.ctag-_ivjvlNLCF_6rhprsgN4rQ, amqp_lastInBatch=false, contentType=text/plain, timestamp=1773185316641}]]
2026-03-10 20:28:36.645 [org.springframework.amqp.rabbit.RabbitListenerEndpointContainer#0-1] INFO  c.e.m.i.async.RabbitImportListener [] - Mensagem recebida do RabbitMQ: {"jobId":"9c330598-b314-46df-b61b-df4fef4e93e3", "fileKey":"estatisticas_di_2025_10-12_trusted.csv"}
2026-03-10 20:28:36.665 [org.springframework.amqp.rabbit.RabbitListenerEndpointContainer#0-1] DEBUG c.e.m.i.async.RabbitImportListener [] - Iniciando processamento. JobId: 9c330598-b314-46df-b61b-df4fef4e93e3, FileKey: estatisticas_di_2025_10-12_trusted.csv
2026-03-10 20:28:36.666 [org.springframework.amqp.rabbit.RabbitListenerEndpointContainer#0-1] INFO  c.e.m.a.u.ProcessImportFileUseCaseImpl [] - Iniciando processamento do arquivo. JobId: 9c330598-b314-46df-b61b-df4fef4e93e3, FileKey: estatisticas_di_2025_10-12_trusted.csv, Bucket: brinks-bucket-1
2026-03-10 20:28:36.667 [org.springframework.amqp.rabbit.RabbitListenerEndpointContainer#0-1] INFO  c.e.m.infraestructure.s3.S3Adapter [] - Iniciando download do S3. Bucket: brinks-bucket-1, Key: estatisticas_di_2025_10-12_trusted.csv
2026-03-10 20:28:39.665 [org.springframework.amqp.rabbit.RabbitListenerEndpointContainer#0-1] DEBUG c.e.m.infraestructure.s3.S3Adapter [] - Download do S3 iniciado com sucesso. Bucket: brinks-bucket-1, Key: estatisticas_di_2025_10-12_trusted.csv
2026-03-10 20:28:39.666 [org.springframework.amqp.rabbit.RabbitListenerEndpointContainer#0-1] DEBUG c.e.m.a.u.ProcessImportFileUseCaseImpl [] - Arquivo baixado com sucesso do S3. JobId: 9c330598-b314-46df-b61b-df4fef4e93e3, FileKey: estatisticas_di_2025_10-12_trusted.csv
2026-03-10 20:28:39.666 [org.springframework.amqp.rabbit.RabbitListenerEndpointContainer#0-1] INFO  c.e.m.i.csv.CsvParserAdapter [] - Iniciando parsing do arquivo CSV
2026-03-10 20:28:39.684 [org.springframework.amqp.rabbit.RabbitListenerEndpointContainer#0-1] DEBUG c.e.m.i.csv.CsvParserAdapter [] - Validando headers do CSV. Headers encontrados: [, ncm, pais_origem, volume_total, valor_total, preco_medio, frete_medio, seguro_medio]
2026-03-10 20:28:39.685 [org.springframework.amqp.rabbit.RabbitListenerEndpointContainer#0-1] DEBUG c.e.m.i.csv.CsvParserAdapter [] - Headers validados com sucesso
2026-03-10 20:28:39.691 [org.springframework.amqp.rabbit.RabbitListenerEndpointContainer#0-1] INFO  c.e.m.i.csv.CsvParserAdapter [] - CSV parsing concluído com sucesso. TotalLinhas: 70, DuracaoMs: 25
2026-03-10 20:28:39.691 [org.springframework.amqp.rabbit.RabbitListenerEndpointContainer#0-1] INFO  c.e.m.a.u.ProcessImportFileUseCaseImpl [] - CSV parseado com sucesso. JobId: 9c330598-b314-46df-b61b-df4fef4e93e3, TotalLinhas: 70
2026-03-10 20:28:39.691 [org.springframework.amqp.rabbit.RabbitListenerEndpointContainer#0-1] DEBUG c.e.m.a.u.ProcessImportFileUseCaseImpl [] - Consolidando relatório de importação. JobId: 9c330598-b314-46df-b61b-df4fef4e93e3, TotalLinhas: 70
2026-03-10 20:28:39.692 [org.springframework.amqp.rabbit.RabbitListenerEndpointContainer#0-1] DEBUG c.e.m.a.u.ProcessImportFileUseCaseImpl [] - Relatório consolidado. JobId: 9c330598-b314-46df-b61b-df4fef4e93e3, Linhas: 70
2026-03-10 20:28:39.692 [org.springframework.amqp.rabbit.RabbitListenerEndpointContainer#0-1] INFO  c.e.m.i.pdf.PdfGeneratorAdapter [] - Iniciando geração do PDF. JobId: 9c330598-b314-46df-b61b-df4fef4e93e3, TotalLinhas: 70
2026-03-10 20:28:40.283 [org.springframework.amqp.rabbit.RabbitListenerEndpointContainer#0-1] DEBUG c.e.m.i.pdf.PdfGeneratorAdapter [] - Documento PDF construído em memória. JobId: 9c330598-b314-46df-b61b-df4fef4e93e3, TamanhoBytes: 6895
2026-03-10 20:28:40.283 [org.springframework.amqp.rabbit.RabbitListenerEndpointContainer#0-1] DEBUG c.e.m.i.pdf.PdfGeneratorAdapter [] - PDF gerado com sucesso. JobId: 9c330598-b314-46df-b61b-df4fef4e93e3, TamanhoBytes: 6895
2026-03-10 20:28:40.283 [org.springframework.amqp.rabbit.RabbitListenerEndpointContainer#0-1] INFO  c.e.m.infraestructure.s3.S3Adapter [] - Iniciando upload para S3. Bucket: brinks-bucket-2, Key: reports/import-report-9c330598-b314-46df-b61b-df4fef4e93e3.pdf, ContentType: application/pdf, TamanhoBytes: 6895
2026-03-10 20:28:41.057 [org.springframework.amqp.rabbit.RabbitListenerEndpointContainer#0-1] INFO  c.e.m.infraestructure.s3.S3Adapter [] - Upload para S3 concluído com sucesso. Bucket: brinks-bucket-2, Key: reports/import-report-9c330598-b314-46df-b61b-df4fef4e93e3.pdf
2026-03-10 20:28:41.058 [org.springframework.amqp.rabbit.RabbitListenerEndpointContainer#0-1] INFO  c.e.m.i.pdf.PdfGeneratorAdapter [] - PDF salvo no S3 com sucesso. JobId: 9c330598-b314-46df-b61b-df4fef4e93e3, PdfKey: reports/import-report-9c330598-b314-46df-b61b-df4fef4e93e3.pdf, DuracaoMs: 1366
2026-03-10 20:28:41.058 [org.springframework.amqp.rabbit.RabbitListenerEndpointContainer#0-1] INFO  c.e.m.a.u.ProcessImportFileUseCaseImpl [] - Processamento concluído com sucesso. JobId: 9c330598-b314-46df-b61b-df4fef4e93e3, PdfKey: reports/import-report-9c330598-b314-46df-b61b-df4fef4e93e3.pdf, DuracaoMs: 4392
2026-03-10 20:28:41.058 [org.springframework.amqp.rabbit.RabbitListenerEndpointContainer#0-1] INFO  c.e.m.i.async.RabbitImportListener [] - Processamento concluído com sucesso. JobId: 9c330598-b314-46df-b61b-df4fef4e93e3, FileKey: estatisticas_di_2025_10-12_trusted.csv
2026-03-10 20:28:49.152 [http-nio-8080-exec-3] INFO  c.e.m.i.r.impl.ImportControllerImpl [] - Recebendo requisição de download de relatório. JobId: 141b10c0-b174-4040-9602-156d313fafca
2026-03-10 20:28:49.153 [http-nio-8080-exec-3] INFO  c.e.m.a.u.GetPdfReportUseCaseImpl [] - Iniciando busca do PDF para o JobId: 141b10c0-b174-4040-9602-156d313fafca
2026-03-10 20:28:49.153 [http-nio-8080-exec-3] DEBUG c.e.m.infraestructure.s3.S3Adapter [] - Recuperando PDF do S3. JobId: 141b10c0-b174-4040-9602-156d313fafca
2026-03-10 20:28:50.358 [http-nio-8080-exec-3] WARN  c.e.m.infraestructure.s3.S3Adapter [] - PDF não encontrado no S3. JobId: 141b10c0-b174-4040-9602-156d313fafca
2026-03-10 20:28:50.358 [http-nio-8080-exec-3] WARN  c.e.m.a.u.GetPdfReportUseCaseImpl [] - PDF não encontrado para o JobId: 141b10c0-b174-4040-9602-156d313fafca
2026-03-10 20:28:50.358 [http-nio-8080-exec-3] ERROR c.e.m.i.r.impl.ImportControllerImpl [] - Erro ao recuperar relatório para JobId: 141b10c0-b174-4040-9602-156d313fafca
java.lang.RuntimeException: PDF não encontrado para o JobId: 141b10c0-b174-4040-9602-156d313fafca
	at com.example.ms_report_async.application.usecase.GetPdfReportUseCaseImpl.execute(GetPdfReportUseCaseImpl.java:26)
	at com.example.ms_report_async.infraestructure.rest.impl.ImportControllerImpl.getReport(ImportControllerImpl.java:44)
	at java.base/jdk.internal.reflect.DirectMethodHandleAccessor.invoke(DirectMethodHandleAccessor.java:103)
	at java.base/java.lang.reflect.Method.invoke(Method.java:580)
	at org.springframework.web.method.support.InvocableHandlerMethod.doInvoke(InvocableHandlerMethod.java:252)
	at org.springframework.web.method.support.InvocableHandlerMethod.invokeForRequest(InvocableHandlerMethod.java:184)
	at org.springframework.web.servlet.mvc.method.annotation.ServletInvocableHandlerMethod.invokeAndHandle(ServletInvocableHandlerMethod.java:117)
	at org.springframework.web.servlet.mvc.method.annotation.RequestMappingHandlerAdapter.invokeHandlerMethod(RequestMappingHandlerAdapter.java:934)
	at org.springframework.web.servlet.mvc.method.annotation.RequestMappingHandlerAdapter.handleInternal(RequestMappingHandlerAdapter.java:853)
	at org.springframework.web.servlet.mvc.method.AbstractHandlerMethodAdapter.handle(AbstractHandlerMethodAdapter.java:86)
	at org.springframework.web.servlet.DispatcherServlet.doDispatch(DispatcherServlet.java:963)
	at org.springframework.web.servlet.DispatcherServlet.doService(DispatcherServlet.java:866)
	at org.springframework.web.servlet.FrameworkServlet.processRequest(FrameworkServlet.java:1000)
	at org.springframework.web.servlet.FrameworkServlet.doGet(FrameworkServlet.java:892)
	at jakarta.servlet.http.HttpServlet.service(HttpServlet.java:622)
	at org.springframework.web.servlet.FrameworkServlet.service(FrameworkServlet.java:874)
	at jakarta.servlet.http.HttpServlet.service(HttpServlet.java:710)
	at org.apache.catalina.core.ApplicationFilterChain.doFilter(ApplicationFilterChain.java:128)
	at org.apache.tomcat.websocket.server.WsFilter.doFilter(WsFilter.java:53)
	at org.apache.catalina.core.ApplicationFilterChain.doFilter(ApplicationFilterChain.java:107)
	at org.springframework.web.filter.RequestContextFilter.doFilterInternal(RequestContextFilter.java:100)
	at org.springframework.web.filter.OncePerRequestFilter.doFilter(OncePerRequestFilter.java:116)
	at org.apache.catalina.core.ApplicationFilterChain.doFilter(ApplicationFilterChain.java:107)
	at org.springframework.web.filter.FormContentFilter.doFilterInternal(FormContentFilter.java:93)
	at org.springframework.web.filter.OncePerRequestFilter.doFilter(OncePerRequestFilter.java:116)
	at org.apache.catalina.core.ApplicationFilterChain.doFilter(ApplicationFilterChain.java:107)
	at org.springframework.web.filter.ServerHttpObservationFilter.doFilterInternal(ServerHttpObservationFilter.java:110)
	at org.springframework.web.filter.OncePerRequestFilter.doFilter(OncePerRequestFilter.java:116)
	at org.apache.catalina.core.ApplicationFilterChain.doFilter(ApplicationFilterChain.java:107)
	at org.springframework.web.filter.CharacterEncodingFilter.doFilterInternal(CharacterEncodingFilter.java:199)
	at org.springframework.web.filter.OncePerRequestFilter.doFilter(OncePerRequestFilter.java:116)
	at org.apache.catalina.core.ApplicationFilterChain.doFilter(ApplicationFilterChain.java:107)
	at org.apache.catalina.core.StandardWrapperValve.invoke(StandardWrapperValve.java:165)
	at org.apache.catalina.core.StandardContextValve.invoke(StandardContextValve.java:77)
	at org.apache.catalina.authenticator.AuthenticatorBase.invoke(AuthenticatorBase.java:492)
	at org.apache.catalina.core.StandardHostValve.invoke(StandardHostValve.java:113)
	at org.apache.catalina.valves.ErrorReportValve.invoke(ErrorReportValve.java:83)
	at org.apache.catalina.core.StandardEngineValve.invoke(StandardEngineValve.java:72)
	at org.apache.catalina.connector.CoyoteAdapter.service(CoyoteAdapter.java:341)
	at org.apache.coyote.http11.Http11Processor.service(Http11Processor.java:397)
	at org.apache.coyote.AbstractProcessorLight.process(AbstractProcessorLight.java:63)
	at org.apache.coyote.AbstractProtocol$ConnectionHandler.process(AbstractProtocol.java:903)
	at org.apache.tomcat.util.net.NioEndpoint$SocketProcessor.doRun(NioEndpoint.java:1779)
	at org.apache.tomcat.util.net.SocketProcessorBase.run(SocketProcessorBase.java:52)
	at org.apache.tomcat.util.threads.ThreadPoolExecutor.runWorker(ThreadPoolExecutor.java:946)
	at org.apache.tomcat.util.threads.ThreadPoolExecutor$Worker.run(ThreadPoolExecutor.java:480)
	at org.apache.tomcat.util.threads.TaskThread$WrappingRunnable.run(TaskThread.java:57)
	at java.base/java.lang.Thread.run(Thread.java:1583)
2026-03-10 20:28:50.367 [http-nio-8080-exec-3] ERROR o.a.c.c.C.[.[.[.[dispatcherServlet] [] - Servlet.service() for servlet [dispatcherServlet] in context with path [] threw exception [Request processing failed: java.lang.RuntimeException: PDF não encontrado para o JobId: 141b10c0-b174-4040-9602-156d313fafca] with root cause
java.lang.RuntimeException: PDF não encontrado para o JobId: 141b10c0-b174-4040-9602-156d313fafca
	at com.example.ms_report_async.application.usecase.GetPdfReportUseCaseImpl.execute(GetPdfReportUseCaseImpl.java:26)
	at com.example.ms_report_async.infraestructure.rest.impl.ImportControllerImpl.getReport(ImportControllerImpl.java:44)
	at java.base/jdk.internal.reflect.DirectMethodHandleAccessor.invoke(DirectMethodHandleAccessor.java:103)
	at java.base/java.lang.reflect.Method.invoke(Method.java:580)
	at org.springframework.web.method.support.InvocableHandlerMethod.doInvoke(InvocableHandlerMethod.java:252)
	at org.springframework.web.method.support.InvocableHandlerMethod.invokeForRequest(InvocableHandlerMethod.java:184)
	at org.springframework.web.servlet.mvc.method.annotation.ServletInvocableHandlerMethod.invokeAndHandle(ServletInvocableHandlerMethod.java:117)
	at org.springframework.web.servlet.mvc.method.annotation.RequestMappingHandlerAdapter.invokeHandlerMethod(RequestMappingHandlerAdapter.java:934)
	at org.springframework.web.servlet.mvc.method.annotation.RequestMappingHandlerAdapter.handleInternal(RequestMappingHandlerAdapter.java:853)
	at org.springframework.web.servlet.mvc.method.AbstractHandlerMethodAdapter.handle(AbstractHandlerMethodAdapter.java:86)
	at org.springframework.web.servlet.DispatcherServlet.doDispatch(DispatcherServlet.java:963)
	at org.springframework.web.servlet.DispatcherServlet.doService(DispatcherServlet.java:866)
	at org.springframework.web.servlet.FrameworkServlet.processRequest(FrameworkServlet.java:1000)
	at org.springframework.web.servlet.FrameworkServlet.doGet(FrameworkServlet.java:892)
	at jakarta.servlet.http.HttpServlet.service(HttpServlet.java:622)
	at org.springframework.web.servlet.FrameworkServlet.service(FrameworkServlet.java:874)
	at jakarta.servlet.http.HttpServlet.service(HttpServlet.java:710)
	at org.apache.catalina.core.ApplicationFilterChain.doFilter(ApplicationFilterChain.java:128)
	at org.apache.tomcat.websocket.server.WsFilter.doFilter(WsFilter.java:53)
	at org.apache.catalina.core.ApplicationFilterChain.doFilter(ApplicationFilterChain.java:107)
	at org.springframework.web.filter.RequestContextFilter.doFilterInternal(RequestContextFilter.java:100)
	at org.springframework.web.filter.OncePerRequestFilter.doFilter(OncePerRequestFilter.java:116)
	at org.apache.catalina.core.ApplicationFilterChain.doFilter(ApplicationFilterChain.java:107)
	at org.springframework.web.filter.FormContentFilter.doFilterInternal(FormContentFilter.java:93)
	at org.springframework.web.filter.OncePerRequestFilter.doFilter(OncePerRequestFilter.java:116)
	at org.apache.catalina.core.ApplicationFilterChain.doFilter(ApplicationFilterChain.java:107)
	at org.springframework.web.filter.ServerHttpObservationFilter.doFilterInternal(ServerHttpObservationFilter.java:110)
	at org.springframework.web.filter.OncePerRequestFilter.doFilter(OncePerRequestFilter.java:116)
	at org.apache.catalina.core.ApplicationFilterChain.doFilter(ApplicationFilterChain.java:107)
	at org.springframework.web.filter.CharacterEncodingFilter.doFilterInternal(CharacterEncodingFilter.java:199)
	at org.springframework.web.filter.OncePerRequestFilter.doFilter(OncePerRequestFilter.java:116)
	at org.apache.catalina.core.ApplicationFilterChain.doFilter(ApplicationFilterChain.java:107)
	at org.apache.catalina.core.StandardWrapperValve.invoke(StandardWrapperValve.java:165)
	at org.apache.catalina.core.StandardContextValve.invoke(StandardContextValve.java:77)
	at org.apache.catalina.authenticator.AuthenticatorBase.invoke(AuthenticatorBase.java:492)
	at org.apache.catalina.core.StandardHostValve.invoke(StandardHostValve.java:113)
	at org.apache.catalina.valves.ErrorReportValve.invoke(ErrorReportValve.java:83)
	at org.apache.catalina.core.StandardEngineValve.invoke(StandardEngineValve.java:72)
	at org.apache.catalina.connector.CoyoteAdapter.service(CoyoteAdapter.java:341)
	at org.apache.coyote.http11.Http11Processor.service(Http11Processor.java:397)
	at org.apache.coyote.AbstractProcessorLight.process(AbstractProcessorLight.java:63)
	at org.apache.coyote.AbstractProtocol$ConnectionHandler.process(AbstractProtocol.java:903)
	at org.apache.tomcat.util.net.NioEndpoint$SocketProcessor.doRun(NioEndpoint.java:1779)
	at org.apache.tomcat.util.net.SocketProcessorBase.run(SocketProcessorBase.java:52)
	at org.apache.tomcat.util.threads.ThreadPoolExecutor.runWorker(ThreadPoolExecutor.java:946)
	at org.apache.tomcat.util.threads.ThreadPoolExecutor$Worker.run(ThreadPoolExecutor.java:480)
	at org.apache.tomcat.util.threads.TaskThread$WrappingRunnable.run(TaskThread.java:57)
	at java.base/java.lang.Thread.run(Thread.java:1583)
2026-03-10 20:29:01.025 [http-nio-8080-exec-4] INFO  c.e.m.i.r.impl.ImportControllerImpl [] - Recebendo requisição de download de relatório. JobId: 9c330598-b314-46df-b61b-df4fef4e93e3
2026-03-10 20:29:01.027 [http-nio-8080-exec-4] INFO  c.e.m.a.u.GetPdfReportUseCaseImpl [] - Iniciando busca do PDF para o JobId: 9c330598-b314-46df-b61b-df4fef4e93e3
2026-03-10 20:29:01.027 [http-nio-8080-exec-4] DEBUG c.e.m.infraestructure.s3.S3Adapter [] - Recuperando PDF do S3. JobId: 9c330598-b314-46df-b61b-df4fef4e93e3
2026-03-10 20:29:01.901 [http-nio-8080-exec-4] INFO  c.e.m.infraestructure.s3.S3Adapter [] - PDF recuperado com sucesso. JobId: 9c330598-b314-46df-b61b-df4fef4e93e3, TamanhoBytes: 6895
2026-03-10 20:29:01.901 [http-nio-8080-exec-4] INFO  c.e.m.a.u.GetPdfReportUseCaseImpl [] - PDF encontrado com sucesso. JobId: 9c330598-b314-46df-b61b-df4fef4e93e3, Tamanho: 6895 bytes
2026-03-10 20:29:01.904 [http-nio-8080-exec-4] INFO  c.e.m.i.r.impl.ImportControllerImpl [] - Retornando relatório PDF. JobId: 9c330598-b314-46df-b61b-df4fef4e93e3, Tamanho: 6895 bytes
2026-03-10 20:30:45.259 [SpringApplicationShutdownHook] DEBUG o.s.a.r.l.SimpleMessageListenerContainer [] - Shutting down Rabbit listener container
2026-03-10 20:30:45.264 [pool-3-thread-5] DEBUG o.s.a.r.l.BlockingQueueConsumer [] - Received cancelOk for tag amq.ctag-_ivjvlNLCF_6rhprsgN4rQ (import_csv_queue3); Consumer@2a92135: tags=[[amq.ctag-_ivjvlNLCF_6rhprsgN4rQ]], channel=Cached Rabbit Channel: AMQChannel(amqp://user@127.0.0.1:5672/,1), conn: Proxy@6b186f2 Shared Rabbit Connection: SimpleConnection@3f1f76df [delegate=amqp://user@127.0.0.1:5672/, localPort=50411], acknowledgeMode=AUTO local queue size=0
2026-03-10 20:30:45.265 [org.springframework.amqp.rabbit.RabbitListenerEndpointContainer#0-2] INFO  o.s.a.r.l.SimpleMessageListenerContainer [] - Waiting for workers to finish.
2026-03-10 20:30:46.113 [org.springframework.amqp.rabbit.RabbitListenerEndpointContainer#0-2] INFO  o.s.a.r.l.SimpleMessageListenerContainer [] - Successfully waited for workers to finish.
2026-03-10 20:30:46.114 [org.springframework.amqp.rabbit.RabbitListenerEndpointContainer#0-1] DEBUG o.s.a.r.l.SimpleMessageListenerContainer [] - Cancelling Consumer@2a92135: tags=[[amq.ctag-_ivjvlNLCF_6rhprsgN4rQ]], channel=Cached Rabbit Channel: AMQChannel(amqp://user@127.0.0.1:5672/,1), conn: Proxy@6b186f2 Shared Rabbit Connection: SimpleConnection@3f1f76df [delegate=amqp://user@127.0.0.1:5672/, localPort=50411], acknowledgeMode=AUTO local queue size=0
2026-03-10 20:30:46.114 [org.springframework.amqp.rabbit.RabbitListenerEndpointContainer#0-1] DEBUG o.s.a.r.l.BlockingQueueConsumer [] - Closing Rabbit Channel: Cached Rabbit Channel: AMQChannel(amqp://user@127.0.0.1:5672/,1), conn: Proxy@6b186f2 Shared Rabbit Connection: SimpleConnection@3f1f76df [delegate=amqp://user@127.0.0.1:5672/, localPort=50411]
2026-03-10 20:30:46.114 [org.springframework.amqp.rabbit.RabbitListenerEndpointContainer#0-1] DEBUG o.s.a.r.c.CachingConnectionFactory [] - Closing cached Channel: AMQChannel(amqp://user@127.0.0.1:5672/,1)
2026-03-10 20:30:46.115 [SpringApplicationShutdownHook] INFO  o.s.boot.tomcat.GracefulShutdown [] - Commencing graceful shutdown. Waiting for active requests to complete
2026-03-10 20:30:46.125 [tomcat-shutdown] INFO  o.s.boot.tomcat.GracefulShutdown [] - Graceful shutdown complete
2026-03-10 20:30:46.145 [SpringApplicationShutdownHook] DEBUG o.s.a.r.c.CachingConnectionFactory [] - Closing cached Channel: AMQChannel(amqp://user@127.0.0.1:5672/,2)
2026-03-10 20:30:46.162 [SpringApplicationShutdownHook] DEBUG o.s.a.r.l.SimpleMessageListenerContainer [] - Shutdown ignored - container is not active already
