2026-03-03 20:27:01.730 [background-preinit] INFO  o.h.validator.internal.util.Version [] - HV000001: Hibernate Validator 9.0.1.Final
2026-03-03 20:27:01.852 [restartedMain] INFO  c.e.m.MsReportAsyncApplication [] - Starting MsReportAsyncApplication using Java 21.0.8 with PID 13200 (C:\Users\guilh\OneDrive\Desktop\sptech\PI\ms async\ms-report-async\target\classes started by guilh in C:\Users\guilh\OneDrive\Desktop\sptech\PI\ms async\ms-report-async)
2026-03-03 20:27:01.852 [restartedMain] DEBUG c.e.m.MsReportAsyncApplication [] - Running with Spring Boot v4.0.3, Spring v7.0.5
2026-03-03 20:27:01.852 [restartedMain] INFO  c.e.m.MsReportAsyncApplication [] - No active profile set, falling back to 1 default profile: "default"
2026-03-03 20:27:01.954 [restartedMain] INFO  o.s.b.d.e.DevToolsPropertyDefaultsPostProcessor [] - Devtools property defaults active! Set 'spring.devtools.add-properties' to 'false' to disable
2026-03-03 20:27:01.954 [restartedMain] INFO  o.s.b.d.e.DevToolsPropertyDefaultsPostProcessor [] - For additional web related logging consider setting the 'logging.level.web' property to 'DEBUG'
2026-03-03 20:27:05.274 [restartedMain] INFO  o.s.boot.tomcat.TomcatWebServer [] - Tomcat initialized with port 8080 (http)
2026-03-03 20:27:05.304 [restartedMain] INFO  o.a.coyote.http11.Http11NioProtocol [] - Initializing ProtocolHandler ["http-nio-8080"]
2026-03-03 20:27:05.306 [restartedMain] INFO  o.a.catalina.core.StandardService [] - Starting service [Tomcat]
2026-03-03 20:27:05.309 [restartedMain] INFO  o.a.catalina.core.StandardEngine [] - Starting Servlet engine: [Apache Tomcat/11.0.18]
2026-03-03 20:27:05.401 [restartedMain] INFO  o.s.b.w.c.s.WebApplicationContextInitializer [] - Root WebApplicationContext: initialization completed in 3447 ms
2026-03-03 20:27:05.865 [restartedMain] WARN  s.a.a.p.internal.ProfileFileReader [] - Ignoring profile '[default]' on line 3, because '[profile default]' was already seen in the same file.
2026-03-03 20:27:08.455 [restartedMain] INFO  o.s.b.a.e.web.EndpointLinksResolver [] - Exposing 1 endpoint beneath base path '/actuator'
2026-03-03 20:27:08.502 [restartedMain] DEBUG o.s.a.r.l.a.MessagingMessageListenerAdapter [] - Inferred argument type for public void com.example.ms_report_async.infraestructure.async.RabbitImportListener.receive(java.lang.String) is class java.lang.String
2026-03-03 20:27:08.550 [restartedMain] DEBUG o.s.a.r.l.SimpleMessageListenerContainer [] - No global properties bean
2026-03-03 20:27:08.598 [restartedMain] INFO  o.a.coyote.http11.Http11NioProtocol [] - Starting ProtocolHandler ["http-nio-8080"]
2026-03-03 20:27:08.630 [restartedMain] INFO  o.s.boot.tomcat.TomcatWebServer [] - Tomcat started on port 8080 (http) with context path '/'
2026-03-03 20:27:08.630 [restartedMain] DEBUG o.s.a.r.l.SimpleMessageListenerContainer [] - Starting Rabbit listener container.
2026-03-03 20:27:08.630 [restartedMain] INFO  o.s.a.r.c.CachingConnectionFactory [] - Attempting to connect to: [localhost:5672]
2026-03-03 20:27:08.913 [restartedMain] INFO  o.s.a.r.c.CachingConnectionFactory [] - Created new connection: rabbitConnectionFactory#d8ca255:0/SimpleConnection@1f566515 [delegate=amqp://guest@127.0.0.1:5672/, localPort=64440]
2026-03-03 20:27:08.913 [restartedMain] DEBUG o.s.amqp.rabbit.core.RabbitAdmin [] - Initializing declarations
2026-03-03 20:27:08.947 [restartedMain] DEBUG o.s.a.r.c.CachingConnectionFactory [] - Creating cached Rabbit Channel from AMQChannel(amqp://guest@127.0.0.1:5672/,1)
2026-03-03 20:27:08.960 [restartedMain] DEBUG o.s.amqp.rabbit.core.RabbitTemplate [] - Executing callback  on RabbitMQ Channel: Cached Rabbit Channel: AMQChannel(amqp://guest@127.0.0.1:5672/,1), conn: Proxy@308e38a1 Shared Rabbit Connection: SimpleConnection@1f566515 [delegate=amqp://guest@127.0.0.1:5672/, localPort=64440]
2026-03-03 20:27:08.960 [restartedMain] DEBUG o.s.amqp.rabbit.core.RabbitAdmin [] - declaring Exchange 'import_exchange3'
2026-03-03 20:27:08.967 [restartedMain] DEBUG o.s.amqp.rabbit.core.RabbitAdmin [] - declaring Queue 'import_csv_queue3'
2026-03-03 20:27:08.967 [restartedMain] DEBUG o.s.amqp.rabbit.core.RabbitAdmin [] - Binding destination [import_csv_queue3 (QUEUE)] to exchange [import_exchange3] with routing key [import.csv3]
2026-03-03 20:27:09.033 [restartedMain] DEBUG o.s.amqp.rabbit.core.RabbitAdmin [] - Declarations finished
2026-03-03 20:27:09.033 [org.springframework.amqp.rabbit.RabbitListenerEndpointContainer#0-1] DEBUG o.s.amqp.rabbit.core.RabbitTemplate [] - Executing callback  on RabbitMQ Channel: Cached Rabbit Channel: AMQChannel(amqp://guest@127.0.0.1:5672/,1), conn: Proxy@308e38a1 Shared Rabbit Connection: SimpleConnection@1f566515 [delegate=amqp://guest@127.0.0.1:5672/, localPort=64440]
2026-03-03 20:27:09.047 [org.springframework.amqp.rabbit.RabbitListenerEndpointContainer#0-1] DEBUG o.s.a.r.l.BlockingQueueConsumer [] - Starting consumer Consumer@1fd43c34: tags=[[]], channel=null, acknowledgeMode=AUTO local queue size=0
2026-03-03 20:27:09.063 [org.springframework.amqp.rabbit.RabbitListenerEndpointContainer#0-1] DEBUG o.s.a.r.l.BlockingQueueConsumer [] - Started on queue 'import_csv_queue3' with tag amq.ctag-uV_ZatywkaRjASqBiOgKMA: Consumer@1fd43c34: tags=[[]], channel=Cached Rabbit Channel: AMQChannel(amqp://guest@127.0.0.1:5672/,1), conn: Proxy@308e38a1 Shared Rabbit Connection: SimpleConnection@1f566515 [delegate=amqp://guest@127.0.0.1:5672/, localPort=64440], acknowledgeMode=AUTO local queue size=0
2026-03-03 20:27:09.063 [pool-3-thread-3] DEBUG o.s.a.r.l.BlockingQueueConsumer [] - ConsumeOK: Consumer@1fd43c34: tags=[[amq.ctag-uV_ZatywkaRjASqBiOgKMA]], channel=Cached Rabbit Channel: AMQChannel(amqp://guest@127.0.0.1:5672/,1), conn: Proxy@308e38a1 Shared Rabbit Connection: SimpleConnection@1f566515 [delegate=amqp://guest@127.0.0.1:5672/, localPort=64440], acknowledgeMode=AUTO local queue size=0
2026-03-03 20:27:09.084 [restartedMain] INFO  c.e.m.MsReportAsyncApplication [] - Started MsReportAsyncApplication in 8.485 seconds (process running for 10.377)
2026-03-03 20:28:11.438 [http-nio-8080-exec-1] INFO  o.a.c.c.C.[Tomcat].[localhost].[/] [] - Initializing Spring DispatcherServlet 'dispatcherServlet'
2026-03-03 20:28:11.438 [http-nio-8080-exec-1] INFO  o.s.web.servlet.DispatcherServlet [] - Initializing Servlet 'dispatcherServlet'
2026-03-03 20:28:11.442 [http-nio-8080-exec-1] INFO  o.s.web.servlet.DispatcherServlet [] - Completed initialization in 2 ms
2026-03-03 20:28:11.544 [http-nio-8080-exec-1] INFO  c.e.m.i.r.impl.ImportControllerImpl [] - Recebendo requisição de importação. FileKey: estatisticas_di_2025_10-12_trusted.csv
2026-03-03 20:28:11.545 [http-nio-8080-exec-1] DEBUG c.e.m.i.async.RabbitImportProducer [] - Gerando novo JobId: 0ba545fb-fb2b-48ef-89e0-ae70befbaa36 para FileKey: estatisticas_di_2025_10-12_trusted.csv
2026-03-03 20:28:11.550 [http-nio-8080-exec-1] DEBUG o.s.a.r.c.CachingConnectionFactory [] - Creating cached Rabbit Channel from AMQChannel(amqp://guest@127.0.0.1:5672/,2)
2026-03-03 20:28:11.551 [http-nio-8080-exec-1] DEBUG o.s.amqp.rabbit.core.RabbitTemplate [] - Executing callback  on RabbitMQ Channel: Cached Rabbit Channel: AMQChannel(amqp://guest@127.0.0.1:5672/,2), conn: Proxy@308e38a1 Shared Rabbit Connection: SimpleConnection@1f566515 [delegate=amqp://guest@127.0.0.1:5672/, localPort=64440]
2026-03-03 20:28:11.572 [http-nio-8080-exec-1] DEBUG o.s.amqp.rabbit.core.RabbitTemplate [] - Publishing message [(Body:'[B@45458c23(byte[100])' MessageProperties [headers={}, contentType=text/plain, contentEncoding=UTF-8, contentLength=100, deliveryMode=PERSISTENT, priority=0, deliveryTag=0])] on exchange [import_exchange3], routingKey = [import.csv3]
2026-03-03 20:28:11.580 [http-nio-8080-exec-1] INFO  c.e.m.i.async.RabbitImportProducer [] - Mensagem publicada no RabbitMQ com sucesso. Exchange: import_exchange3, RoutingKey: import.csv3, JobId: 0ba545fb-fb2b-48ef-89e0-ae70befbaa36
2026-03-03 20:28:11.580 [http-nio-8080-exec-1] INFO  c.e.m.i.r.impl.ImportControllerImpl [] - Importação enfileirada com sucesso. JobId: 0ba545fb-fb2b-48ef-89e0-ae70befbaa36, FileKey: estatisticas_di_2025_10-12_trusted.csv
2026-03-03 20:28:11.593 [pool-3-thread-4] DEBUG o.s.a.r.l.BlockingQueueConsumer [] - Storing delivery for consumerTag: 'amq.ctag-uV_ZatywkaRjASqBiOgKMA' with deliveryTag: '1' in Consumer@1fd43c34: tags=[[amq.ctag-uV_ZatywkaRjASqBiOgKMA]], channel=Cached Rabbit Channel: AMQChannel(amqp://guest@127.0.0.1:5672/,1), conn: Proxy@308e38a1 Shared Rabbit Connection: SimpleConnection@1f566515 [delegate=amqp://guest@127.0.0.1:5672/, localPort=64440], acknowledgeMode=AUTO local queue size=0
2026-03-03 20:28:11.594 [org.springframework.amqp.rabbit.RabbitListenerEndpointContainer#0-1] DEBUG o.s.a.r.l.BlockingQueueConsumer [] - Received message: (Body:'[B@7020174(byte[100])' MessageProperties [headers={}, contentType=text/plain, contentEncoding=UTF-8, contentLength=0, receivedDeliveryMode=PERSISTENT, priority=0, redelivered=false, receivedExchange=import_exchange3, receivedRoutingKey=import.csv3, deliveryTag=1, consumerTag=amq.ctag-uV_ZatywkaRjASqBiOgKMA, consumerQueue=import_csv_queue3])
2026-03-03 20:28:11.617 [org.springframework.amqp.rabbit.RabbitListenerEndpointContainer#0-1] DEBUG o.s.a.r.l.a.MessagingMessageListenerAdapter [] - Processing [GenericMessage [payload={"jobId":"0ba545fb-fb2b-48ef-89e0-ae70befbaa36", "fileKey":"estatisticas_di_2025_10-12_trusted.csv"}, headers={amqp_receivedDeliveryMode=PERSISTENT, amqp_receivedExchange=import_exchange3, amqp_deliveryTag=1, amqp_consumerQueue=import_csv_queue3, amqp_redelivered=false, amqp_receivedRoutingKey=import.csv3, amqp_contentEncoding=UTF-8, amqp_retryCount=0, id=0ff74705-d79f-10db-3bf6-aec5f50b2f95, amqp_consumerTag=amq.ctag-uV_ZatywkaRjASqBiOgKMA, amqp_lastInBatch=false, contentType=text/plain, timestamp=1772580491616}]]
2026-03-03 20:28:11.618 [org.springframework.amqp.rabbit.RabbitListenerEndpointContainer#0-1] INFO  c.e.m.i.async.RabbitImportListener [] - Mensagem recebida do RabbitMQ: {"jobId":"0ba545fb-fb2b-48ef-89e0-ae70befbaa36", "fileKey":"estatisticas_di_2025_10-12_trusted.csv"}
2026-03-03 20:28:11.698 [org.springframework.amqp.rabbit.RabbitListenerEndpointContainer#0-1] DEBUG c.e.m.i.async.RabbitImportListener [] - Iniciando processamento. JobId: "0ba545fb-fb2b-48ef-89e0-ae70befbaa36", FileKey: estatisticas_di_2025_10-12_trusted.csv
2026-03-03 20:28:11.699 [org.springframework.amqp.rabbit.RabbitListenerEndpointContainer#0-1] INFO  c.e.m.a.u.ProcessImportFileUseCaseImpl [] - Iniciando processamento do arquivo. JobId: "0ba545fb-fb2b-48ef-89e0-ae70befbaa36", FileKey: estatisticas_di_2025_10-12_trusted.csv, Bucket: brinks-bucket-1
2026-03-03 20:28:11.699 [org.springframework.amqp.rabbit.RabbitListenerEndpointContainer#0-1] INFO  c.e.m.infraestructure.s3.S3Adapter [] - Iniciando download do S3. Bucket: brinks-bucket-1, Key: estatisticas_di_2025_10-12_trusted.csv
2026-03-03 20:28:13.611 [org.springframework.amqp.rabbit.RabbitListenerEndpointContainer#0-1] ERROR c.e.m.infraestructure.s3.S3Adapter [] - Erro ao fazer download do S3. Bucket: brinks-bucket-1, Key: estatisticas_di_2025_10-12_trusted.csv
software.amazon.awssdk.services.s3.model.NoSuchKeyException: The specified key does not exist. (Service: S3, Status Code: 404, Request ID: YPSY0Z3B0E4EFMZN, Extended Request ID: JO1n4MNDNBqCwNAxSFfsP2Yv790aKFuXDx3HhlnscYVLc2sNmhGbh9Am1P12r6936aSZVeRM0eA=)
	at software.amazon.awssdk.core.internal.http.CombinedResponseHandler.handleErrorResponse(CombinedResponseHandler.java:125)
	at software.amazon.awssdk.core.internal.http.CombinedResponseHandler.handleResponse(CombinedResponseHandler.java:82)
	at software.amazon.awssdk.core.internal.http.CombinedResponseHandler.handle(CombinedResponseHandler.java:60)
	at software.amazon.awssdk.core.internal.http.CombinedResponseHandler.handle(CombinedResponseHandler.java:41)
	at software.amazon.awssdk.core.internal.http.pipeline.stages.HandleResponseStage.execute(HandleResponseStage.java:50)
	at software.amazon.awssdk.core.internal.http.pipeline.stages.HandleResponseStage.execute(HandleResponseStage.java:38)
	at software.amazon.awssdk.core.internal.http.pipeline.RequestPipelineBuilder$ComposingRequestPipelineStage.execute(RequestPipelineBuilder.java:206)
	at software.amazon.awssdk.core.internal.http.pipeline.stages.ApiCallAttemptTimeoutTrackingStage.execute(ApiCallAttemptTimeoutTrackingStage.java:74)
	at software.amazon.awssdk.core.internal.http.pipeline.stages.ApiCallAttemptTimeoutTrackingStage.execute(ApiCallAttemptTimeoutTrackingStage.java:43)
	at software.amazon.awssdk.core.internal.http.pipeline.stages.TimeoutExceptionHandlingStage.execute(TimeoutExceptionHandlingStage.java:79)
	at software.amazon.awssdk.core.internal.http.pipeline.stages.TimeoutExceptionHandlingStage.execute(TimeoutExceptionHandlingStage.java:41)
	at software.amazon.awssdk.core.internal.http.pipeline.stages.ApiCallAttemptMetricCollectionStage.execute(ApiCallAttemptMetricCollectionStage.java:55)
	at software.amazon.awssdk.core.internal.http.pipeline.stages.ApiCallAttemptMetricCollectionStage.execute(ApiCallAttemptMetricCollectionStage.java:39)
	at software.amazon.awssdk.core.internal.http.pipeline.stages.RetryableStage2.executeRequest(RetryableStage2.java:93)
	at software.amazon.awssdk.core.internal.http.pipeline.stages.RetryableStage2.execute(RetryableStage2.java:56)
	at software.amazon.awssdk.core.internal.http.pipeline.stages.RetryableStage2.execute(RetryableStage2.java:36)
	at software.amazon.awssdk.core.internal.http.pipeline.RequestPipelineBuilder$ComposingRequestPipelineStage.execute(RequestPipelineBuilder.java:206)
	at software.amazon.awssdk.core.internal.http.StreamManagingStage.execute(StreamManagingStage.java:53)
	at software.amazon.awssdk.core.internal.http.StreamManagingStage.execute(StreamManagingStage.java:35)
	at software.amazon.awssdk.core.internal.http.pipeline.stages.ApiCallTimeoutTrackingStage.executeWithTimer(ApiCallTimeoutTrackingStage.java:82)
	at software.amazon.awssdk.core.internal.http.pipeline.stages.ApiCallTimeoutTrackingStage.execute(ApiCallTimeoutTrackingStage.java:62)
	at software.amazon.awssdk.core.internal.http.pipeline.stages.ApiCallTimeoutTrackingStage.execute(ApiCallTimeoutTrackingStage.java:43)
	at software.amazon.awssdk.core.internal.http.pipeline.stages.ApiCallMetricCollectionStage.execute(ApiCallMetricCollectionStage.java:50)
	at software.amazon.awssdk.core.internal.http.pipeline.stages.ApiCallMetricCollectionStage.execute(ApiCallMetricCollectionStage.java:32)
	at software.amazon.awssdk.core.internal.http.pipeline.RequestPipelineBuilder$ComposingRequestPipelineStage.execute(RequestPipelineBuilder.java:206)
	at software.amazon.awssdk.core.internal.http.pipeline.RequestPipelineBuilder$ComposingRequestPipelineStage.execute(RequestPipelineBuilder.java:206)
	at software.amazon.awssdk.core.internal.http.pipeline.stages.ExecutionFailureExceptionReportingStage.execute(ExecutionFailureExceptionReportingStage.java:37)
	at software.amazon.awssdk.core.internal.http.pipeline.stages.ExecutionFailureExceptionReportingStage.execute(ExecutionFailureExceptionReportingStage.java:26)
	at software.amazon.awssdk.core.internal.http.AmazonSyncHttpClient$RequestExecutionBuilderImpl.execute(AmazonSyncHttpClient.java:210)
	at software.amazon.awssdk.core.internal.handler.BaseSyncClientHandler.invoke(BaseSyncClientHandler.java:103)
	at software.amazon.awssdk.core.internal.handler.BaseSyncClientHandler.doExecute(BaseSyncClientHandler.java:173)
	at software.amazon.awssdk.core.internal.handler.BaseSyncClientHandler.lambda$execute$0(BaseSyncClientHandler.java:66)
	at software.amazon.awssdk.core.internal.handler.BaseSyncClientHandler.measureApiCallSuccess(BaseSyncClientHandler.java:182)
	at software.amazon.awssdk.core.internal.handler.BaseSyncClientHandler.execute(BaseSyncClientHandler.java:60)
	at software.amazon.awssdk.core.client.handler.SdkSyncClientHandler.execute(SdkSyncClientHandler.java:52)
	at software.amazon.awssdk.awscore.client.handler.AwsSyncClientHandler.execute(AwsSyncClientHandler.java:60)
	at software.amazon.awssdk.services.s3.DefaultS3Client.getObject(DefaultS3Client.java:5404)
	at software.amazon.awssdk.services.s3.S3Client.getObject(S3Client.java:9482)
	at com.example.ms_report_async.infraestructure.s3.S3Adapter.download(S3Adapter.java:36)
	at com.example.ms_report_async.application.usecase.ProcessImportFileUseCaseImpl.execute(ProcessImportFileUseCaseImpl.java:41)
	at com.example.ms_report_async.infraestructure.async.RabbitImportListener.receive(RabbitImportListener.java:34)
	at java.base/jdk.internal.reflect.DirectMethodHandleAccessor.invoke(DirectMethodHandleAccessor.java:103)
	at java.base/java.lang.reflect.Method.invoke(Method.java:580)
	at org.springframework.messaging.handler.invocation.InvocableHandlerMethod.doInvoke(InvocableHandlerMethod.java:168)
	at org.springframework.amqp.rabbit.listener.adapter.KotlinAwareInvocableHandlerMethod.doInvoke(KotlinAwareInvocableHandlerMethod.java:47)
	at org.springframework.messaging.handler.invocation.InvocableHandlerMethod.invoke(InvocableHandlerMethod.java:119)
	at org.springframework.amqp.rabbit.listener.adapter.HandlerAdapter.invoke(HandlerAdapter.java:83)
	at org.springframework.amqp.rabbit.listener.adapter.MessagingMessageListenerAdapter.invokeHandler(MessagingMessageListenerAdapter.java:287)
	at org.springframework.amqp.rabbit.listener.adapter.MessagingMessageListenerAdapter.invokeHandlerAndProcessResult(MessagingMessageListenerAdapter.java:233)
	at org.springframework.amqp.rabbit.listener.adapter.MessagingMessageListenerAdapter.onMessage(MessagingMessageListenerAdapter.java:157)
	at org.springframework.amqp.rabbit.listener.AbstractMessageListenerContainer.doInvokeListener(AbstractMessageListenerContainer.java:1683)
	at org.springframework.amqp.rabbit.listener.AbstractMessageListenerContainer.actualInvokeListener(AbstractMessageListenerContainer.java:1612)
	at java.base/jdk.internal.reflect.DirectMethodHandleAccessor.invoke(DirectMethodHandleAccessor.java:103)
	at java.base/java.lang.reflect.Method.invoke(Method.java:580)
	at org.springframework.aop.support.AopUtils.invokeJoinpointUsingReflection(AopUtils.java:359)
	at org.springframework.aop.framework.ReflectiveMethodInvocation.invokeJoinpoint(ReflectiveMethodInvocation.java:190)
	at org.springframework.aop.framework.ReflectiveMethodInvocation.proceed(ReflectiveMethodInvocation.java:158)
	at org.springframework.core.retry.RetryTemplate.execute(RetryTemplate.java:135)
	at org.springframework.amqp.rabbit.config.StatelessRetryOperationsInterceptor.invoke(StatelessRetryOperationsInterceptor.java:57)
	at org.springframework.aop.framework.ReflectiveMethodInvocation.proceed(ReflectiveMethodInvocation.java:179)
	at org.springframework.aop.framework.JdkDynamicAopProxy.invoke(JdkDynamicAopProxy.java:222)
	at org.springframework.amqp.rabbit.listener.$Proxy112.invokeListener(Unknown Source)
	at org.springframework.amqp.rabbit.listener.AbstractMessageListenerContainer.invokeListener(AbstractMessageListenerContainer.java:1599)
	at org.springframework.amqp.rabbit.listener.AbstractMessageListenerContainer.doExecuteListener(AbstractMessageListenerContainer.java:1590)
	at org.springframework.amqp.rabbit.listener.AbstractMessageListenerContainer.executeListenerAndHandleException(AbstractMessageListenerContainer.java:1539)
	at org.springframework.amqp.rabbit.listener.AbstractMessageListenerContainer.executeListener(AbstractMessageListenerContainer.java:1520)
	at org.springframework.amqp.rabbit.listener.SimpleMessageListenerContainer.doReceiveAndExecute(SimpleMessageListenerContainer.java:1116)
	at org.springframework.amqp.rabbit.listener.SimpleMessageListenerContainer.receiveAndExecute(SimpleMessageListenerContainer.java:1061)
	at org.springframework.amqp.rabbit.listener.SimpleMessageListenerContainer$AsyncMessageProcessingConsumer.mainLoop(SimpleMessageListenerContainer.java:1465)
	at org.springframework.amqp.rabbit.listener.SimpleMessageListenerContainer$AsyncMessageProcessingConsumer.run(SimpleMessageListenerContainer.java:1359)
	at java.base/java.lang.Thread.run(Thread.java:1583)
2026-03-03 20:28:13.622 [org.springframework.amqp.rabbit.RabbitListenerEndpointContainer#0-1] ERROR c.e.m.a.u.ProcessImportFileUseCaseImpl [] - Erro ao processar arquivo. JobId: "0ba545fb-fb2b-48ef-89e0-ae70befbaa36", FileKey: estatisticas_di_2025_10-12_trusted.csv, DuracaoMs: 1922
software.amazon.awssdk.services.s3.model.NoSuchKeyException: The specified key does not exist. (Service: S3, Status Code: 404, Request ID: YPSY0Z3B0E4EFMZN, Extended Request ID: JO1n4MNDNBqCwNAxSFfsP2Yv790aKFuXDx3HhlnscYVLc2sNmhGbh9Am1P12r6936aSZVeRM0eA=)
	at software.amazon.awssdk.core.internal.http.CombinedResponseHandler.handleErrorResponse(CombinedResponseHandler.java:125)
	at software.amazon.awssdk.core.internal.http.CombinedResponseHandler.handleResponse(CombinedResponseHandler.java:82)
	at software.amazon.awssdk.core.internal.http.CombinedResponseHandler.handle(CombinedResponseHandler.java:60)
	at software.amazon.awssdk.core.internal.http.CombinedResponseHandler.handle(CombinedResponseHandler.java:41)
	at software.amazon.awssdk.core.internal.http.pipeline.stages.HandleResponseStage.execute(HandleResponseStage.java:50)
	at software.amazon.awssdk.core.internal.http.pipeline.stages.HandleResponseStage.execute(HandleResponseStage.java:38)
	at software.amazon.awssdk.core.internal.http.pipeline.RequestPipelineBuilder$ComposingRequestPipelineStage.execute(RequestPipelineBuilder.java:206)
	at software.amazon.awssdk.core.internal.http.pipeline.stages.ApiCallAttemptTimeoutTrackingStage.execute(ApiCallAttemptTimeoutTrackingStage.java:74)
	at software.amazon.awssdk.core.internal.http.pipeline.stages.ApiCallAttemptTimeoutTrackingStage.execute(ApiCallAttemptTimeoutTrackingStage.java:43)
	at software.amazon.awssdk.core.internal.http.pipeline.stages.TimeoutExceptionHandlingStage.execute(TimeoutExceptionHandlingStage.java:79)
	at software.amazon.awssdk.core.internal.http.pipeline.stages.TimeoutExceptionHandlingStage.execute(TimeoutExceptionHandlingStage.java:41)
	at software.amazon.awssdk.core.internal.http.pipeline.stages.ApiCallAttemptMetricCollectionStage.execute(ApiCallAttemptMetricCollectionStage.java:55)
	at software.amazon.awssdk.core.internal.http.pipeline.stages.ApiCallAttemptMetricCollectionStage.execute(ApiCallAttemptMetricCollectionStage.java:39)
	at software.amazon.awssdk.core.internal.http.pipeline.stages.RetryableStage2.executeRequest(RetryableStage2.java:93)
	at software.amazon.awssdk.core.internal.http.pipeline.stages.RetryableStage2.execute(RetryableStage2.java:56)
	at software.amazon.awssdk.core.internal.http.pipeline.stages.RetryableStage2.execute(RetryableStage2.java:36)
	at software.amazon.awssdk.core.internal.http.pipeline.RequestPipelineBuilder$ComposingRequestPipelineStage.execute(RequestPipelineBuilder.java:206)
	at software.amazon.awssdk.core.internal.http.StreamManagingStage.execute(StreamManagingStage.java:53)
	at software.amazon.awssdk.core.internal.http.StreamManagingStage.execute(StreamManagingStage.java:35)
	at software.amazon.awssdk.core.internal.http.pipeline.stages.ApiCallTimeoutTrackingStage.executeWithTimer(ApiCallTimeoutTrackingStage.java:82)
	at software.amazon.awssdk.core.internal.http.pipeline.stages.ApiCallTimeoutTrackingStage.execute(ApiCallTimeoutTrackingStage.java:62)
	at software.amazon.awssdk.core.internal.http.pipeline.stages.ApiCallTimeoutTrackingStage.execute(ApiCallTimeoutTrackingStage.java:43)
	at software.amazon.awssdk.core.internal.http.pipeline.stages.ApiCallMetricCollectionStage.execute(ApiCallMetricCollectionStage.java:50)
	at software.amazon.awssdk.core.internal.http.pipeline.stages.ApiCallMetricCollectionStage.execute(ApiCallMetricCollectionStage.java:32)
	at software.amazon.awssdk.core.internal.http.pipeline.RequestPipelineBuilder$ComposingRequestPipelineStage.execute(RequestPipelineBuilder.java:206)
	at software.amazon.awssdk.core.internal.http.pipeline.RequestPipelineBuilder$ComposingRequestPipelineStage.execute(RequestPipelineBuilder.java:206)
	at software.amazon.awssdk.core.internal.http.pipeline.stages.ExecutionFailureExceptionReportingStage.execute(ExecutionFailureExceptionReportingStage.java:37)
	at software.amazon.awssdk.core.internal.http.pipeline.stages.ExecutionFailureExceptionReportingStage.execute(ExecutionFailureExceptionReportingStage.java:26)
	at software.amazon.awssdk.core.internal.http.AmazonSyncHttpClient$RequestExecutionBuilderImpl.execute(AmazonSyncHttpClient.java:210)
	at software.amazon.awssdk.core.internal.handler.BaseSyncClientHandler.invoke(BaseSyncClientHandler.java:103)
	at software.amazon.awssdk.core.internal.handler.BaseSyncClientHandler.doExecute(BaseSyncClientHandler.java:173)
	at software.amazon.awssdk.core.internal.handler.BaseSyncClientHandler.lambda$execute$0(BaseSyncClientHandler.java:66)
	at software.amazon.awssdk.core.internal.handler.BaseSyncClientHandler.measureApiCallSuccess(BaseSyncClientHandler.java:182)
	at software.amazon.awssdk.core.internal.handler.BaseSyncClientHandler.execute(BaseSyncClientHandler.java:60)
	at software.amazon.awssdk.core.client.handler.SdkSyncClientHandler.execute(SdkSyncClientHandler.java:52)
	at software.amazon.awssdk.awscore.client.handler.AwsSyncClientHandler.execute(AwsSyncClientHandler.java:60)
	at software.amazon.awssdk.services.s3.DefaultS3Client.getObject(DefaultS3Client.java:5404)
	at software.amazon.awssdk.services.s3.S3Client.getObject(S3Client.java:9482)
	at com.example.ms_report_async.infraestructure.s3.S3Adapter.download(S3Adapter.java:36)
	at com.example.ms_report_async.application.usecase.ProcessImportFileUseCaseImpl.execute(ProcessImportFileUseCaseImpl.java:41)
	at com.example.ms_report_async.infraestructure.async.RabbitImportListener.receive(RabbitImportListener.java:34)
	at java.base/jdk.internal.reflect.DirectMethodHandleAccessor.invoke(DirectMethodHandleAccessor.java:103)
	at java.base/java.lang.reflect.Method.invoke(Method.java:580)
	at org.springframework.messaging.handler.invocation.InvocableHandlerMethod.doInvoke(InvocableHandlerMethod.java:168)
	at org.springframework.amqp.rabbit.listener.adapter.KotlinAwareInvocableHandlerMethod.doInvoke(KotlinAwareInvocableHandlerMethod.java:47)
	at org.springframework.messaging.handler.invocation.InvocableHandlerMethod.invoke(InvocableHandlerMethod.java:119)
	at org.springframework.amqp.rabbit.listener.adapter.HandlerAdapter.invoke(HandlerAdapter.java:83)
	at org.springframework.amqp.rabbit.listener.adapter.MessagingMessageListenerAdapter.invokeHandler(MessagingMessageListenerAdapter.java:287)
	at org.springframework.amqp.rabbit.listener.adapter.MessagingMessageListenerAdapter.invokeHandlerAndProcessResult(MessagingMessageListenerAdapter.java:233)
	at org.springframework.amqp.rabbit.listener.adapter.MessagingMessageListenerAdapter.onMessage(MessagingMessageListenerAdapter.java:157)
	at org.springframework.amqp.rabbit.listener.AbstractMessageListenerContainer.doInvokeListener(AbstractMessageListenerContainer.java:1683)
	at org.springframework.amqp.rabbit.listener.AbstractMessageListenerContainer.actualInvokeListener(AbstractMessageListenerContainer.java:1612)
	at java.base/jdk.internal.reflect.DirectMethodHandleAccessor.invoke(DirectMethodHandleAccessor.java:103)
	at java.base/java.lang.reflect.Method.invoke(Method.java:580)
	at org.springframework.aop.support.AopUtils.invokeJoinpointUsingReflection(AopUtils.java:359)
	at org.springframework.aop.framework.ReflectiveMethodInvocation.invokeJoinpoint(ReflectiveMethodInvocation.java:190)
	at org.springframework.aop.framework.ReflectiveMethodInvocation.proceed(ReflectiveMethodInvocation.java:158)
	at org.springframework.core.retry.RetryTemplate.execute(RetryTemplate.java:135)
	at org.springframework.amqp.rabbit.config.StatelessRetryOperationsInterceptor.invoke(StatelessRetryOperationsInterceptor.java:57)
	at org.springframework.aop.framework.ReflectiveMethodInvocation.proceed(ReflectiveMethodInvocation.java:179)
	at org.springframework.aop.framework.JdkDynamicAopProxy.invoke(JdkDynamicAopProxy.java:222)
	at org.springframework.amqp.rabbit.listener.$Proxy112.invokeListener(Unknown Source)
	at org.springframework.amqp.rabbit.listener.AbstractMessageListenerContainer.invokeListener(AbstractMessageListenerContainer.java:1599)
	at org.springframework.amqp.rabbit.listener.AbstractMessageListenerContainer.doExecuteListener(AbstractMessageListenerContainer.java:1590)
	at org.springframework.amqp.rabbit.listener.AbstractMessageListenerContainer.executeListenerAndHandleException(AbstractMessageListenerContainer.java:1539)
	at org.springframework.amqp.rabbit.listener.AbstractMessageListenerContainer.executeListener(AbstractMessageListenerContainer.java:1520)
	at org.springframework.amqp.rabbit.listener.SimpleMessageListenerContainer.doReceiveAndExecute(SimpleMessageListenerContainer.java:1116)
	at org.springframework.amqp.rabbit.listener.SimpleMessageListenerContainer.receiveAndExecute(SimpleMessageListenerContainer.java:1061)
	at org.springframework.amqp.rabbit.listener.SimpleMessageListenerContainer$AsyncMessageProcessingConsumer.mainLoop(SimpleMessageListenerContainer.java:1465)
	at org.springframework.amqp.rabbit.listener.SimpleMessageListenerContainer$AsyncMessageProcessingConsumer.run(SimpleMessageListenerContainer.java:1359)
	at java.base/java.lang.Thread.run(Thread.java:1583)
2026-03-03 20:28:13.623 [org.springframework.amqp.rabbit.RabbitListenerEndpointContainer#0-1] ERROR c.e.m.i.async.RabbitImportListener [] - Erro ao processar mensagem JSON: {"jobId":"0ba545fb-fb2b-48ef-89e0-ae70befbaa36", "fileKey":"estatisticas_di_2025_10-12_trusted.csv"}
java.lang.RuntimeException: Falha ao processar arquivo: estatisticas_di_2025_10-12_trusted.csv
	at com.example.ms_report_async.application.usecase.ProcessImportFileUseCaseImpl.execute(ProcessImportFileUseCaseImpl.java:61)
	at com.example.ms_report_async.infraestructure.async.RabbitImportListener.receive(RabbitImportListener.java:34)
	at java.base/jdk.internal.reflect.DirectMethodHandleAccessor.invoke(DirectMethodHandleAccessor.java:103)
	at java.base/java.lang.reflect.Method.invoke(Method.java:580)
	at org.springframework.messaging.handler.invocation.InvocableHandlerMethod.doInvoke(InvocableHandlerMethod.java:168)
	at org.springframework.amqp.rabbit.listener.adapter.KotlinAwareInvocableHandlerMethod.doInvoke(KotlinAwareInvocableHandlerMethod.java:47)
	at org.springframework.messaging.handler.invocation.InvocableHandlerMethod.invoke(InvocableHandlerMethod.java:119)
	at org.springframework.amqp.rabbit.listener.adapter.HandlerAdapter.invoke(HandlerAdapter.java:83)
	at org.springframework.amqp.rabbit.listener.adapter.MessagingMessageListenerAdapter.invokeHandler(MessagingMessageListenerAdapter.java:287)
	at org.springframework.amqp.rabbit.listener.adapter.MessagingMessageListenerAdapter.invokeHandlerAndProcessResult(MessagingMessageListenerAdapter.java:233)
	at org.springframework.amqp.rabbit.listener.adapter.MessagingMessageListenerAdapter.onMessage(MessagingMessageListenerAdapter.java:157)
	at org.springframework.amqp.rabbit.listener.AbstractMessageListenerContainer.doInvokeListener(AbstractMessageListenerContainer.java:1683)
	at org.springframework.amqp.rabbit.listener.AbstractMessageListenerContainer.actualInvokeListener(AbstractMessageListenerContainer.java:1612)
	at java.base/jdk.internal.reflect.DirectMethodHandleAccessor.invoke(DirectMethodHandleAccessor.java:103)
	at java.base/java.lang.reflect.Method.invoke(Method.java:580)
	at org.springframework.aop.support.AopUtils.invokeJoinpointUsingReflection(AopUtils.java:359)
	at org.springframework.aop.framework.ReflectiveMethodInvocation.invokeJoinpoint(ReflectiveMethodInvocation.java:190)
	at org.springframework.aop.framework.ReflectiveMethodInvocation.proceed(ReflectiveMethodInvocation.java:158)
	at org.springframework.core.retry.RetryTemplate.execute(RetryTemplate.java:135)
	at org.springframework.amqp.rabbit.config.StatelessRetryOperationsInterceptor.invoke(StatelessRetryOperationsInterceptor.java:57)
	at org.springframework.aop.framework.ReflectiveMethodInvocation.proceed(ReflectiveMethodInvocation.java:179)
	at org.springframework.aop.framework.JdkDynamicAopProxy.invoke(JdkDynamicAopProxy.java:222)
	at org.springframework.amqp.rabbit.listener.$Proxy112.invokeListener(Unknown Source)
	at org.springframework.amqp.rabbit.listener.AbstractMessageListenerContainer.invokeListener(AbstractMessageListenerContainer.java:1599)
	at org.springframework.amqp.rabbit.listener.AbstractMessageListenerContainer.doExecuteListener(AbstractMessageListenerContainer.java:1590)
	at org.springframework.amqp.rabbit.listener.AbstractMessageListenerContainer.executeListenerAndHandleException(AbstractMessageListenerContainer.java:1539)
	at org.springframework.amqp.rabbit.listener.AbstractMessageListenerContainer.executeListener(AbstractMessageListenerContainer.java:1520)
	at org.springframework.amqp.rabbit.listener.SimpleMessageListenerContainer.doReceiveAndExecute(SimpleMessageListenerContainer.java:1116)
	at org.springframework.amqp.rabbit.listener.SimpleMessageListenerContainer.receiveAndExecute(SimpleMessageListenerContainer.java:1061)
	at org.springframework.amqp.rabbit.listener.SimpleMessageListenerContainer$AsyncMessageProcessingConsumer.mainLoop(SimpleMessageListenerContainer.java:1465)
	at org.springframework.amqp.rabbit.listener.SimpleMessageListenerContainer$AsyncMessageProcessingConsumer.run(SimpleMessageListenerContainer.java:1359)
	at java.base/java.lang.Thread.run(Thread.java:1583)
Caused by: software.amazon.awssdk.services.s3.model.NoSuchKeyException: The specified key does not exist. (Service: S3, Status Code: 404, Request ID: YPSY0Z3B0E4EFMZN, Extended Request ID: JO1n4MNDNBqCwNAxSFfsP2Yv790aKFuXDx3HhlnscYVLc2sNmhGbh9Am1P12r6936aSZVeRM0eA=)
	at software.amazon.awssdk.core.internal.http.CombinedResponseHandler.handleErrorResponse(CombinedResponseHandler.java:125)
	at software.amazon.awssdk.core.internal.http.CombinedResponseHandler.handleResponse(CombinedResponseHandler.java:82)
	at software.amazon.awssdk.core.internal.http.CombinedResponseHandler.handle(CombinedResponseHandler.java:60)
	at software.amazon.awssdk.core.internal.http.CombinedResponseHandler.handle(CombinedResponseHandler.java:41)
	at software.amazon.awssdk.core.internal.http.pipeline.stages.HandleResponseStage.execute(HandleResponseStage.java:50)
	at software.amazon.awssdk.core.internal.http.pipeline.stages.HandleResponseStage.execute(HandleResponseStage.java:38)
	at software.amazon.awssdk.core.internal.http.pipeline.RequestPipelineBuilder$ComposingRequestPipelineStage.execute(RequestPipelineBuilder.java:206)
	at software.amazon.awssdk.core.internal.http.pipeline.stages.ApiCallAttemptTimeoutTrackingStage.execute(ApiCallAttemptTimeoutTrackingStage.java:74)
	at software.amazon.awssdk.core.internal.http.pipeline.stages.ApiCallAttemptTimeoutTrackingStage.execute(ApiCallAttemptTimeoutTrackingStage.java:43)
	at software.amazon.awssdk.core.internal.http.pipeline.stages.TimeoutExceptionHandlingStage.execute(TimeoutExceptionHandlingStage.java:79)
	at software.amazon.awssdk.core.internal.http.pipeline.stages.TimeoutExceptionHandlingStage.execute(TimeoutExceptionHandlingStage.java:41)
	at software.amazon.awssdk.core.internal.http.pipeline.stages.ApiCallAttemptMetricCollectionStage.execute(ApiCallAttemptMetricCollectionStage.java:55)
	at software.amazon.awssdk.core.internal.http.pipeline.stages.ApiCallAttemptMetricCollectionStage.execute(ApiCallAttemptMetricCollectionStage.java:39)
	at software.amazon.awssdk.core.internal.http.pipeline.stages.RetryableStage2.executeRequest(RetryableStage2.java:93)
	at software.amazon.awssdk.core.internal.http.pipeline.stages.RetryableStage2.execute(RetryableStage2.java:56)
	at software.amazon.awssdk.core.internal.http.pipeline.stages.RetryableStage2.execute(RetryableStage2.java:36)
	at software.amazon.awssdk.core.internal.http.pipeline.RequestPipelineBuilder$ComposingRequestPipelineStage.execute(RequestPipelineBuilder.java:206)
	at software.amazon.awssdk.core.internal.http.StreamManagingStage.execute(StreamManagingStage.java:53)
	at software.amazon.awssdk.core.internal.http.StreamManagingStage.execute(StreamManagingStage.java:35)
	at software.amazon.awssdk.core.internal.http.pipeline.stages.ApiCallTimeoutTrackingStage.executeWithTimer(ApiCallTimeoutTrackingStage.java:82)
	at software.amazon.awssdk.core.internal.http.pipeline.stages.ApiCallTimeoutTrackingStage.execute(ApiCallTimeoutTrackingStage.java:62)
	at software.amazon.awssdk.core.internal.http.pipeline.stages.ApiCallTimeoutTrackingStage.execute(ApiCallTimeoutTrackingStage.java:43)
	at software.amazon.awssdk.core.internal.http.pipeline.stages.ApiCallMetricCollectionStage.execute(ApiCallMetricCollectionStage.java:50)
	at software.amazon.awssdk.core.internal.http.pipeline.stages.ApiCallMetricCollectionStage.execute(ApiCallMetricCollectionStage.java:32)
	at software.amazon.awssdk.core.internal.http.pipeline.RequestPipelineBuilder$ComposingRequestPipelineStage.execute(RequestPipelineBuilder.java:206)
	at software.amazon.awssdk.core.internal.http.pipeline.RequestPipelineBuilder$ComposingRequestPipelineStage.execute(RequestPipelineBuilder.java:206)
	at software.amazon.awssdk.core.internal.http.pipeline.stages.ExecutionFailureExceptionReportingStage.execute(ExecutionFailureExceptionReportingStage.java:37)
	at software.amazon.awssdk.core.internal.http.pipeline.stages.ExecutionFailureExceptionReportingStage.execute(ExecutionFailureExceptionReportingStage.java:26)
	at software.amazon.awssdk.core.internal.http.AmazonSyncHttpClient$RequestExecutionBuilderImpl.execute(AmazonSyncHttpClient.java:210)
	at software.amazon.awssdk.core.internal.handler.BaseSyncClientHandler.invoke(BaseSyncClientHandler.java:103)
	at software.amazon.awssdk.core.internal.handler.BaseSyncClientHandler.doExecute(BaseSyncClientHandler.java:173)
	at software.amazon.awssdk.core.internal.handler.BaseSyncClientHandler.lambda$execute$0(BaseSyncClientHandler.java:66)
	at software.amazon.awssdk.core.internal.handler.BaseSyncClientHandler.measureApiCallSuccess(BaseSyncClientHandler.java:182)
	at software.amazon.awssdk.core.internal.handler.BaseSyncClientHandler.execute(BaseSyncClientHandler.java:60)
	at software.amazon.awssdk.core.client.handler.SdkSyncClientHandler.execute(SdkSyncClientHandler.java:52)
	at software.amazon.awssdk.awscore.client.handler.AwsSyncClientHandler.execute(AwsSyncClientHandler.java:60)
	at software.amazon.awssdk.services.s3.DefaultS3Client.getObject(DefaultS3Client.java:5404)
	at software.amazon.awssdk.services.s3.S3Client.getObject(S3Client.java:9482)
	at com.example.ms_report_async.infraestructure.s3.S3Adapter.download(S3Adapter.java:36)
	at com.example.ms_report_async.application.usecase.ProcessImportFileUseCaseImpl.execute(ProcessImportFileUseCaseImpl.java:41)
	... 31 common frames omitted
2026-03-03 20:28:14.637 [org.springframework.amqp.rabbit.RabbitListenerEndpointContainer#0-1] DEBUG o.s.a.r.l.a.MessagingMessageListenerAdapter [] - Processing [GenericMessage [payload={"jobId":"0ba545fb-fb2b-48ef-89e0-ae70befbaa36", "fileKey":"estatisticas_di_2025_10-12_trusted.csv"}, headers={amqp_receivedDeliveryMode=PERSISTENT, amqp_receivedExchange=import_exchange3, amqp_deliveryTag=1, amqp_consumerQueue=import_csv_queue3, amqp_redelivered=false, amqp_receivedRoutingKey=import.csv3, amqp_contentEncoding=UTF-8, amqp_retryCount=0, id=4babec12-9898-c654-bc1e-4d3c9f3ffd6f, amqp_consumerTag=amq.ctag-uV_ZatywkaRjASqBiOgKMA, amqp_lastInBatch=false, contentType=text/plain, timestamp=1772580494637}]]
2026-03-03 20:28:14.638 [org.springframework.amqp.rabbit.RabbitListenerEndpointContainer#0-1] INFO  c.e.m.i.async.RabbitImportListener [] - Mensagem recebida do RabbitMQ: {"jobId":"0ba545fb-fb2b-48ef-89e0-ae70befbaa36", "fileKey":"estatisticas_di_2025_10-12_trusted.csv"}
2026-03-03 20:28:14.639 [org.springframework.amqp.rabbit.RabbitListenerEndpointContainer#0-1] DEBUG c.e.m.i.async.RabbitImportListener [] - Iniciando processamento. JobId: "0ba545fb-fb2b-48ef-89e0-ae70befbaa36", FileKey: estatisticas_di_2025_10-12_trusted.csv
2026-03-03 20:28:14.640 [org.springframework.amqp.rabbit.RabbitListenerEndpointContainer#0-1] INFO  c.e.m.a.u.ProcessImportFileUseCaseImpl [] - Iniciando processamento do arquivo. JobId: "0ba545fb-fb2b-48ef-89e0-ae70befbaa36", FileKey: estatisticas_di_2025_10-12_trusted.csv, Bucket: brinks-bucket-1
2026-03-03 20:28:14.640 [org.springframework.amqp.rabbit.RabbitListenerEndpointContainer#0-1] INFO  c.e.m.infraestructure.s3.S3Adapter [] - Iniciando download do S3. Bucket: brinks-bucket-1, Key: estatisticas_di_2025_10-12_trusted.csv
2026-03-03 20:28:14.845 [org.springframework.amqp.rabbit.RabbitListenerEndpointContainer#0-1] ERROR c.e.m.infraestructure.s3.S3Adapter [] - Erro ao fazer download do S3. Bucket: brinks-bucket-1, Key: estatisticas_di_2025_10-12_trusted.csv
software.amazon.awssdk.services.s3.model.NoSuchKeyException: The specified key does not exist. (Service: S3, Status Code: 404, Request ID: W03DHCDZKV6AGGBW, Extended Request ID: rT61+7rHJqWelaJ5v2MhRWgVcK/0ZN59GsjI7wrzCoHI9RSNMBzuj5IvEshv4cIbOQgYdglJbh0=)
	at software.amazon.awssdk.core.internal.http.CombinedResponseHandler.handleErrorResponse(CombinedResponseHandler.java:125)
	at software.amazon.awssdk.core.internal.http.CombinedResponseHandler.handleResponse(CombinedResponseHandler.java:82)
	at software.amazon.awssdk.core.internal.http.CombinedResponseHandler.handle(CombinedResponseHandler.java:60)
	at software.amazon.awssdk.core.internal.http.CombinedResponseHandler.handle(CombinedResponseHandler.java:41)
	at software.amazon.awssdk.core.internal.http.pipeline.stages.HandleResponseStage.execute(HandleResponseStage.java:50)
	at software.amazon.awssdk.core.internal.http.pipeline.stages.HandleResponseStage.execute(HandleResponseStage.java:38)
	at software.amazon.awssdk.core.internal.http.pipeline.RequestPipelineBuilder$ComposingRequestPipelineStage.execute(RequestPipelineBuilder.java:206)
	at software.amazon.awssdk.core.internal.http.pipeline.stages.ApiCallAttemptTimeoutTrackingStage.execute(ApiCallAttemptTimeoutTrackingStage.java:74)
	at software.amazon.awssdk.core.internal.http.pipeline.stages.ApiCallAttemptTimeoutTrackingStage.execute(ApiCallAttemptTimeoutTrackingStage.java:43)
	at software.amazon.awssdk.core.internal.http.pipeline.stages.TimeoutExceptionHandlingStage.execute(TimeoutExceptionHandlingStage.java:79)
	at software.amazon.awssdk.core.internal.http.pipeline.stages.TimeoutExceptionHandlingStage.execute(TimeoutExceptionHandlingStage.java:41)
	at software.amazon.awssdk.core.internal.http.pipeline.stages.ApiCallAttemptMetricCollectionStage.execute(ApiCallAttemptMetricCollectionStage.java:55)
	at software.amazon.awssdk.core.internal.http.pipeline.stages.ApiCallAttemptMetricCollectionStage.execute(ApiCallAttemptMetricCollectionStage.java:39)
	at software.amazon.awssdk.core.internal.http.pipeline.stages.RetryableStage2.executeRequest(RetryableStage2.java:93)
	at software.amazon.awssdk.core.internal.http.pipeline.stages.RetryableStage2.execute(RetryableStage2.java:56)
	at software.amazon.awssdk.core.internal.http.pipeline.stages.RetryableStage2.execute(RetryableStage2.java:36)
	at software.amazon.awssdk.core.internal.http.pipeline.RequestPipelineBuilder$ComposingRequestPipelineStage.execute(RequestPipelineBuilder.java:206)
	at software.amazon.awssdk.core.internal.http.StreamManagingStage.execute(StreamManagingStage.java:53)
	at software.amazon.awssdk.core.internal.http.StreamManagingStage.execute(StreamManagingStage.java:35)
	at software.amazon.awssdk.core.internal.http.pipeline.stages.ApiCallTimeoutTrackingStage.executeWithTimer(ApiCallTimeoutTrackingStage.java:82)
	at software.amazon.awssdk.core.internal.http.pipeline.stages.ApiCallTimeoutTrackingStage.execute(ApiCallTimeoutTrackingStage.java:62)
	at software.amazon.awssdk.core.internal.http.pipeline.stages.ApiCallTimeoutTrackingStage.execute(ApiCallTimeoutTrackingStage.java:43)
	at software.amazon.awssdk.core.internal.http.pipeline.stages.ApiCallMetricCollectionStage.execute(ApiCallMetricCollectionStage.java:50)
	at software.amazon.awssdk.core.internal.http.pipeline.stages.ApiCallMetricCollectionStage.execute(ApiCallMetricCollectionStage.java:32)
	at software.amazon.awssdk.core.internal.http.pipeline.RequestPipelineBuilder$ComposingRequestPipelineStage.execute(RequestPipelineBuilder.java:206)
	at software.amazon.awssdk.core.internal.http.pipeline.RequestPipelineBuilder$ComposingRequestPipelineStage.execute(RequestPipelineBuilder.java:206)
	at software.amazon.awssdk.core.internal.http.pipeline.stages.ExecutionFailureExceptionReportingStage.execute(ExecutionFailureExceptionReportingStage.java:37)
	at software.amazon.awssdk.core.internal.http.pipeline.stages.ExecutionFailureExceptionReportingStage.execute(ExecutionFailureExceptionReportingStage.java:26)
	at software.amazon.awssdk.core.internal.http.AmazonSyncHttpClient$RequestExecutionBuilderImpl.execute(AmazonSyncHttpClient.java:210)
	at software.amazon.awssdk.core.internal.handler.BaseSyncClientHandler.invoke(BaseSyncClientHandler.java:103)
	at software.amazon.awssdk.core.internal.handler.BaseSyncClientHandler.doExecute(BaseSyncClientHandler.java:173)
	at software.amazon.awssdk.core.internal.handler.BaseSyncClientHandler.lambda$execute$0(BaseSyncClientHandler.java:66)
	at software.amazon.awssdk.core.internal.handler.BaseSyncClientHandler.measureApiCallSuccess(BaseSyncClientHandler.java:182)
	at software.amazon.awssdk.core.internal.handler.BaseSyncClientHandler.execute(BaseSyncClientHandler.java:60)
	at software.amazon.awssdk.core.client.handler.SdkSyncClientHandler.execute(SdkSyncClientHandler.java:52)
	at software.amazon.awssdk.awscore.client.handler.AwsSyncClientHandler.execute(AwsSyncClientHandler.java:60)
	at software.amazon.awssdk.services.s3.DefaultS3Client.getObject(DefaultS3Client.java:5404)
	at software.amazon.awssdk.services.s3.S3Client.getObject(S3Client.java:9482)
	at com.example.ms_report_async.infraestructure.s3.S3Adapter.download(S3Adapter.java:36)
	at com.example.ms_report_async.application.usecase.ProcessImportFileUseCaseImpl.execute(ProcessImportFileUseCaseImpl.java:41)
	at com.example.ms_report_async.infraestructure.async.RabbitImportListener.receive(RabbitImportListener.java:34)
	at java.base/jdk.internal.reflect.DirectMethodHandleAccessor.invoke(DirectMethodHandleAccessor.java:103)
	at java.base/java.lang.reflect.Method.invoke(Method.java:580)
	at org.springframework.messaging.handler.invocation.InvocableHandlerMethod.doInvoke(InvocableHandlerMethod.java:168)
	at org.springframework.amqp.rabbit.listener.adapter.KotlinAwareInvocableHandlerMethod.doInvoke(KotlinAwareInvocableHandlerMethod.java:47)
	at org.springframework.messaging.handler.invocation.InvocableHandlerMethod.invoke(InvocableHandlerMethod.java:119)
	at org.springframework.amqp.rabbit.listener.adapter.HandlerAdapter.invoke(HandlerAdapter.java:83)
	at org.springframework.amqp.rabbit.listener.adapter.MessagingMessageListenerAdapter.invokeHandler(MessagingMessageListenerAdapter.java:287)
	at org.springframework.amqp.rabbit.listener.adapter.MessagingMessageListenerAdapter.invokeHandlerAndProcessResult(MessagingMessageListenerAdapter.java:233)
	at org.springframework.amqp.rabbit.listener.adapter.MessagingMessageListenerAdapter.onMessage(MessagingMessageListenerAdapter.java:157)
	at org.springframework.amqp.rabbit.listener.AbstractMessageListenerContainer.doInvokeListener(AbstractMessageListenerContainer.java:1683)
	at org.springframework.amqp.rabbit.listener.AbstractMessageListenerContainer.actualInvokeListener(AbstractMessageListenerContainer.java:1612)
	at java.base/jdk.internal.reflect.DirectMethodHandleAccessor.invoke(DirectMethodHandleAccessor.java:103)
	at java.base/java.lang.reflect.Method.invoke(Method.java:580)
	at org.springframework.aop.support.AopUtils.invokeJoinpointUsingReflection(AopUtils.java:359)
	at org.springframework.aop.framework.ReflectiveMethodInvocation.invokeJoinpoint(ReflectiveMethodInvocation.java:190)
	at org.springframework.aop.framework.ReflectiveMethodInvocation.proceed(ReflectiveMethodInvocation.java:158)
	at org.springframework.core.retry.RetryTemplate.execute(RetryTemplate.java:174)
	at org.springframework.amqp.rabbit.config.StatelessRetryOperationsInterceptor.invoke(StatelessRetryOperationsInterceptor.java:57)
	at org.springframework.aop.framework.ReflectiveMethodInvocation.proceed(ReflectiveMethodInvocation.java:179)
	at org.springframework.aop.framework.JdkDynamicAopProxy.invoke(JdkDynamicAopProxy.java:222)
	at org.springframework.amqp.rabbit.listener.$Proxy112.invokeListener(Unknown Source)
	at org.springframework.amqp.rabbit.listener.AbstractMessageListenerContainer.invokeListener(AbstractMessageListenerContainer.java:1599)
	at org.springframework.amqp.rabbit.listener.AbstractMessageListenerContainer.doExecuteListener(AbstractMessageListenerContainer.java:1590)
	at org.springframework.amqp.rabbit.listener.AbstractMessageListenerContainer.executeListenerAndHandleException(AbstractMessageListenerContainer.java:1539)
	at org.springframework.amqp.rabbit.listener.AbstractMessageListenerContainer.executeListener(AbstractMessageListenerContainer.java:1520)
	at org.springframework.amqp.rabbit.listener.SimpleMessageListenerContainer.doReceiveAndExecute(SimpleMessageListenerContainer.java:1116)
	at org.springframework.amqp.rabbit.listener.SimpleMessageListenerContainer.receiveAndExecute(SimpleMessageListenerContainer.java:1061)
	at org.springframework.amqp.rabbit.listener.SimpleMessageListenerContainer$AsyncMessageProcessingConsumer.mainLoop(SimpleMessageListenerContainer.java:1465)
	at org.springframework.amqp.rabbit.listener.SimpleMessageListenerContainer$AsyncMessageProcessingConsumer.run(SimpleMessageListenerContainer.java:1359)
	at java.base/java.lang.Thread.run(Thread.java:1583)
2026-03-03 20:28:14.846 [org.springframework.amqp.rabbit.RabbitListenerEndpointContainer#0-1] ERROR c.e.m.a.u.ProcessImportFileUseCaseImpl [] - Erro ao processar arquivo. JobId: "0ba545fb-fb2b-48ef-89e0-ae70befbaa36", FileKey: estatisticas_di_2025_10-12_trusted.csv, DuracaoMs: 206
software.amazon.awssdk.services.s3.model.NoSuchKeyException: The specified key does not exist. (Service: S3, Status Code: 404, Request ID: W03DHCDZKV6AGGBW, Extended Request ID: rT61+7rHJqWelaJ5v2MhRWgVcK/0ZN59GsjI7wrzCoHI9RSNMBzuj5IvEshv4cIbOQgYdglJbh0=)
	at software.amazon.awssdk.core.internal.http.CombinedResponseHandler.handleErrorResponse(CombinedResponseHandler.java:125)
	at software.amazon.awssdk.core.internal.http.CombinedResponseHandler.handleResponse(CombinedResponseHandler.java:82)
	at software.amazon.awssdk.core.internal.http.CombinedResponseHandler.handle(CombinedResponseHandler.java:60)
	at software.amazon.awssdk.core.internal.http.CombinedResponseHandler.handle(CombinedResponseHandler.java:41)
	at software.amazon.awssdk.core.internal.http.pipeline.stages.HandleResponseStage.execute(HandleResponseStage.java:50)
	at software.amazon.awssdk.core.internal.http.pipeline.stages.HandleResponseStage.execute(HandleResponseStage.java:38)
	at software.amazon.awssdk.core.internal.http.pipeline.RequestPipelineBuilder$ComposingRequestPipelineStage.execute(RequestPipelineBuilder.java:206)
	at software.amazon.awssdk.core.internal.http.pipeline.stages.ApiCallAttemptTimeoutTrackingStage.execute(ApiCallAttemptTimeoutTrackingStage.java:74)
	at software.amazon.awssdk.core.internal.http.pipeline.stages.ApiCallAttemptTimeoutTrackingStage.execute(ApiCallAttemptTimeoutTrackingStage.java:43)
	at software.amazon.awssdk.core.internal.http.pipeline.stages.TimeoutExceptionHandlingStage.execute(TimeoutExceptionHandlingStage.java:79)
	at software.amazon.awssdk.core.internal.http.pipeline.stages.TimeoutExceptionHandlingStage.execute(TimeoutExceptionHandlingStage.java:41)
	at software.amazon.awssdk.core.internal.http.pipeline.stages.ApiCallAttemptMetricCollectionStage.execute(ApiCallAttemptMetricCollectionStage.java:55)
	at software.amazon.awssdk.core.internal.http.pipeline.stages.ApiCallAttemptMetricCollectionStage.execute(ApiCallAttemptMetricCollectionStage.java:39)
	at software.amazon.awssdk.core.internal.http.pipeline.stages.RetryableStage2.executeRequest(RetryableStage2.java:93)
	at software.amazon.awssdk.core.internal.http.pipeline.stages.RetryableStage2.execute(RetryableStage2.java:56)
	at software.amazon.awssdk.core.internal.http.pipeline.stages.RetryableStage2.execute(RetryableStage2.java:36)
	at software.amazon.awssdk.core.internal.http.pipeline.RequestPipelineBuilder$ComposingRequestPipelineStage.execute(RequestPipelineBuilder.java:206)
	at software.amazon.awssdk.core.internal.http.StreamManagingStage.execute(StreamManagingStage.java:53)
	at software.amazon.awssdk.core.internal.http.StreamManagingStage.execute(StreamManagingStage.java:35)
	at software.amazon.awssdk.core.internal.http.pipeline.stages.ApiCallTimeoutTrackingStage.executeWithTimer(ApiCallTimeoutTrackingStage.java:82)
	at software.amazon.awssdk.core.internal.http.pipeline.stages.ApiCallTimeoutTrackingStage.execute(ApiCallTimeoutTrackingStage.java:62)
	at software.amazon.awssdk.core.internal.http.pipeline.stages.ApiCallTimeoutTrackingStage.execute(ApiCallTimeoutTrackingStage.java:43)
	at software.amazon.awssdk.core.internal.http.pipeline.stages.ApiCallMetricCollectionStage.execute(ApiCallMetricCollectionStage.java:50)
	at software.amazon.awssdk.core.internal.http.pipeline.stages.ApiCallMetricCollectionStage.execute(ApiCallMetricCollectionStage.java:32)
	at software.amazon.awssdk.core.internal.http.pipeline.RequestPipelineBuilder$ComposingRequestPipelineStage.execute(RequestPipelineBuilder.java:206)
	at software.amazon.awssdk.core.internal.http.pipeline.RequestPipelineBuilder$ComposingRequestPipelineStage.execute(RequestPipelineBuilder.java:206)
	at software.amazon.awssdk.core.internal.http.pipeline.stages.ExecutionFailureExceptionReportingStage.execute(ExecutionFailureExceptionReportingStage.java:37)
	at software.amazon.awssdk.core.internal.http.pipeline.stages.ExecutionFailureExceptionReportingStage.execute(ExecutionFailureExceptionReportingStage.java:26)
	at software.amazon.awssdk.core.internal.http.AmazonSyncHttpClient$RequestExecutionBuilderImpl.execute(AmazonSyncHttpClient.java:210)
	at software.amazon.awssdk.core.internal.handler.BaseSyncClientHandler.invoke(BaseSyncClientHandler.java:103)
	at software.amazon.awssdk.core.internal.handler.BaseSyncClientHandler.doExecute(BaseSyncClientHandler.java:173)
	at software.amazon.awssdk.core.internal.handler.BaseSyncClientHandler.lambda$execute$0(BaseSyncClientHandler.java:66)
	at software.amazon.awssdk.core.internal.handler.BaseSyncClientHandler.measureApiCallSuccess(BaseSyncClientHandler.java:182)
	at software.amazon.awssdk.core.internal.handler.BaseSyncClientHandler.execute(BaseSyncClientHandler.java:60)
	at software.amazon.awssdk.core.client.handler.SdkSyncClientHandler.execute(SdkSyncClientHandler.java:52)
	at software.amazon.awssdk.awscore.client.handler.AwsSyncClientHandler.execute(AwsSyncClientHandler.java:60)
	at software.amazon.awssdk.services.s3.DefaultS3Client.getObject(DefaultS3Client.java:5404)
	at software.amazon.awssdk.services.s3.S3Client.getObject(S3Client.java:9482)
	at com.example.ms_report_async.infraestructure.s3.S3Adapter.download(S3Adapter.java:36)
	at com.example.ms_report_async.application.usecase.ProcessImportFileUseCaseImpl.execute(ProcessImportFileUseCaseImpl.java:41)
	at com.example.ms_report_async.infraestructure.async.RabbitImportListener.receive(RabbitImportListener.java:34)
	at java.base/jdk.internal.reflect.DirectMethodHandleAccessor.invoke(DirectMethodHandleAccessor.java:103)
	at java.base/java.lang.reflect.Method.invoke(Method.java:580)
	at org.springframework.messaging.handler.invocation.InvocableHandlerMethod.doInvoke(InvocableHandlerMethod.java:168)
	at org.springframework.amqp.rabbit.listener.adapter.KotlinAwareInvocableHandlerMethod.doInvoke(KotlinAwareInvocableHandlerMethod.java:47)
	at org.springframework.messaging.handler.invocation.InvocableHandlerMethod.invoke(InvocableHandlerMethod.java:119)
	at org.springframework.amqp.rabbit.listener.adapter.HandlerAdapter.invoke(HandlerAdapter.java:83)
	at org.springframework.amqp.rabbit.listener.adapter.MessagingMessageListenerAdapter.invokeHandler(MessagingMessageListenerAdapter.java:287)
	at org.springframework.amqp.rabbit.listener.adapter.MessagingMessageListenerAdapter.invokeHandlerAndProcessResult(MessagingMessageListenerAdapter.java:233)
	at org.springframework.amqp.rabbit.listener.adapter.MessagingMessageListenerAdapter.onMessage(MessagingMessageListenerAdapter.java:157)
	at org.springframework.amqp.rabbit.listener.AbstractMessageListenerContainer.doInvokeListener(AbstractMessageListenerContainer.java:1683)
	at org.springframework.amqp.rabbit.listener.AbstractMessageListenerContainer.actualInvokeListener(AbstractMessageListenerContainer.java:1612)
	at java.base/jdk.internal.reflect.DirectMethodHandleAccessor.invoke(DirectMethodHandleAccessor.java:103)
	at java.base/java.lang.reflect.Method.invoke(Method.java:580)
	at org.springframework.aop.support.AopUtils.invokeJoinpointUsingReflection(AopUtils.java:359)
	at org.springframework.aop.framework.ReflectiveMethodInvocation.invokeJoinpoint(ReflectiveMethodInvocation.java:190)
	at org.springframework.aop.framework.ReflectiveMethodInvocation.proceed(ReflectiveMethodInvocation.java:158)
	at org.springframework.core.retry.RetryTemplate.execute(RetryTemplate.java:174)
	at org.springframework.amqp.rabbit.config.StatelessRetryOperationsInterceptor.invoke(StatelessRetryOperationsInterceptor.java:57)
	at org.springframework.aop.framework.ReflectiveMethodInvocation.proceed(ReflectiveMethodInvocation.java:179)
	at org.springframework.aop.framework.JdkDynamicAopProxy.invoke(JdkDynamicAopProxy.java:222)
	at org.springframework.amqp.rabbit.listener.$Proxy112.invokeListener(Unknown Source)
	at org.springframework.amqp.rabbit.listener.AbstractMessageListenerContainer.invokeListener(AbstractMessageListenerContainer.java:1599)
	at org.springframework.amqp.rabbit.listener.AbstractMessageListenerContainer.doExecuteListener(AbstractMessageListenerContainer.java:1590)
	at org.springframework.amqp.rabbit.listener.AbstractMessageListenerContainer.executeListenerAndHandleException(AbstractMessageListenerContainer.java:1539)
	at org.springframework.amqp.rabbit.listener.AbstractMessageListenerContainer.executeListener(AbstractMessageListenerContainer.java:1520)
	at org.springframework.amqp.rabbit.listener.SimpleMessageListenerContainer.doReceiveAndExecute(SimpleMessageListenerContainer.java:1116)
	at org.springframework.amqp.rabbit.listener.SimpleMessageListenerContainer.receiveAndExecute(SimpleMessageListenerContainer.java:1061)
	at org.springframework.amqp.rabbit.listener.SimpleMessageListenerContainer$AsyncMessageProcessingConsumer.mainLoop(SimpleMessageListenerContainer.java:1465)
	at org.springframework.amqp.rabbit.listener.SimpleMessageListenerContainer$AsyncMessageProcessingConsumer.run(SimpleMessageListenerContainer.java:1359)
	at java.base/java.lang.Thread.run(Thread.java:1583)
2026-03-03 20:28:14.846 [org.springframework.amqp.rabbit.RabbitListenerEndpointContainer#0-1] ERROR c.e.m.i.async.RabbitImportListener [] - Erro ao processar mensagem JSON: {"jobId":"0ba545fb-fb2b-48ef-89e0-ae70befbaa36", "fileKey":"estatisticas_di_2025_10-12_trusted.csv"}
java.lang.RuntimeException: Falha ao processar arquivo: estatisticas_di_2025_10-12_trusted.csv
	at com.example.ms_report_async.application.usecase.ProcessImportFileUseCaseImpl.execute(ProcessImportFileUseCaseImpl.java:61)
	at com.example.ms_report_async.infraestructure.async.RabbitImportListener.receive(RabbitImportListener.java:34)
	at java.base/jdk.internal.reflect.DirectMethodHandleAccessor.invoke(DirectMethodHandleAccessor.java:103)
	at java.base/java.lang.reflect.Method.invoke(Method.java:580)
	at org.springframework.messaging.handler.invocation.InvocableHandlerMethod.doInvoke(InvocableHandlerMethod.java:168)
	at org.springframework.amqp.rabbit.listener.adapter.KotlinAwareInvocableHandlerMethod.doInvoke(KotlinAwareInvocableHandlerMethod.java:47)
	at org.springframework.messaging.handler.invocation.InvocableHandlerMethod.invoke(InvocableHandlerMethod.java:119)
	at org.springframework.amqp.rabbit.listener.adapter.HandlerAdapter.invoke(HandlerAdapter.java:83)
	at org.springframework.amqp.rabbit.listener.adapter.MessagingMessageListenerAdapter.invokeHandler(MessagingMessageListenerAdapter.java:287)
	at org.springframework.amqp.rabbit.listener.adapter.MessagingMessageListenerAdapter.invokeHandlerAndProcessResult(MessagingMessageListenerAdapter.java:233)
	at org.springframework.amqp.rabbit.listener.adapter.MessagingMessageListenerAdapter.onMessage(MessagingMessageListenerAdapter.java:157)
	at org.springframework.amqp.rabbit.listener.AbstractMessageListenerContainer.doInvokeListener(AbstractMessageListenerContainer.java:1683)
	at org.springframework.amqp.rabbit.listener.AbstractMessageListenerContainer.actualInvokeListener(AbstractMessageListenerContainer.java:1612)
	at java.base/jdk.internal.reflect.DirectMethodHandleAccessor.invoke(DirectMethodHandleAccessor.java:103)
	at java.base/java.lang.reflect.Method.invoke(Method.java:580)
	at org.springframework.aop.support.AopUtils.invokeJoinpointUsingReflection(AopUtils.java:359)
	at org.springframework.aop.framework.ReflectiveMethodInvocation.invokeJoinpoint(ReflectiveMethodInvocation.java:190)
	at org.springframework.aop.framework.ReflectiveMethodInvocation.proceed(ReflectiveMethodInvocation.java:158)
	at org.springframework.core.retry.RetryTemplate.execute(RetryTemplate.java:174)
	at org.springframework.amqp.rabbit.config.StatelessRetryOperationsInterceptor.invoke(StatelessRetryOperationsInterceptor.java:57)
	at org.springframework.aop.framework.ReflectiveMethodInvocation.proceed(ReflectiveMethodInvocation.java:179)
	at org.springframework.aop.framework.JdkDynamicAopProxy.invoke(JdkDynamicAopProxy.java:222)
	at org.springframework.amqp.rabbit.listener.$Proxy112.invokeListener(Unknown Source)
	at org.springframework.amqp.rabbit.listener.AbstractMessageListenerContainer.invokeListener(AbstractMessageListenerContainer.java:1599)
	at org.springframework.amqp.rabbit.listener.AbstractMessageListenerContainer.doExecuteListener(AbstractMessageListenerContainer.java:1590)
	at org.springframework.amqp.rabbit.listener.AbstractMessageListenerContainer.executeListenerAndHandleException(AbstractMessageListenerContainer.java:1539)
	at org.springframework.amqp.rabbit.listener.AbstractMessageListenerContainer.executeListener(AbstractMessageListenerContainer.java:1520)
	at org.springframework.amqp.rabbit.listener.SimpleMessageListenerContainer.doReceiveAndExecute(SimpleMessageListenerContainer.java:1116)
	at org.springframework.amqp.rabbit.listener.SimpleMessageListenerContainer.receiveAndExecute(SimpleMessageListenerContainer.java:1061)
	at org.springframework.amqp.rabbit.listener.SimpleMessageListenerContainer$AsyncMessageProcessingConsumer.mainLoop(SimpleMessageListenerContainer.java:1465)
	at org.springframework.amqp.rabbit.listener.SimpleMessageListenerContainer$AsyncMessageProcessingConsumer.run(SimpleMessageListenerContainer.java:1359)
	at java.base/java.lang.Thread.run(Thread.java:1583)
Caused by: software.amazon.awssdk.services.s3.model.NoSuchKeyException: The specified key does not exist. (Service: S3, Status Code: 404, Request ID: W03DHCDZKV6AGGBW, Extended Request ID: rT61+7rHJqWelaJ5v2MhRWgVcK/0ZN59GsjI7wrzCoHI9RSNMBzuj5IvEshv4cIbOQgYdglJbh0=)
	at software.amazon.awssdk.core.internal.http.CombinedResponseHandler.handleErrorResponse(CombinedResponseHandler.java:125)
	at software.amazon.awssdk.core.internal.http.CombinedResponseHandler.handleResponse(CombinedResponseHandler.java:82)
	at software.amazon.awssdk.core.internal.http.CombinedResponseHandler.handle(CombinedResponseHandler.java:60)
	at software.amazon.awssdk.core.internal.http.CombinedResponseHandler.handle(CombinedResponseHandler.java:41)
	at software.amazon.awssdk.core.internal.http.pipeline.stages.HandleResponseStage.execute(HandleResponseStage.java:50)
	at software.amazon.awssdk.core.internal.http.pipeline.stages.HandleResponseStage.execute(HandleResponseStage.java:38)
	at software.amazon.awssdk.core.internal.http.pipeline.RequestPipelineBuilder$ComposingRequestPipelineStage.execute(RequestPipelineBuilder.java:206)
	at software.amazon.awssdk.core.internal.http.pipeline.stages.ApiCallAttemptTimeoutTrackingStage.execute(ApiCallAttemptTimeoutTrackingStage.java:74)
	at software.amazon.awssdk.core.internal.http.pipeline.stages.ApiCallAttemptTimeoutTrackingStage.execute(ApiCallAttemptTimeoutTrackingStage.java:43)
	at software.amazon.awssdk.core.internal.http.pipeline.stages.TimeoutExceptionHandlingStage.execute(TimeoutExceptionHandlingStage.java:79)
	at software.amazon.awssdk.core.internal.http.pipeline.stages.TimeoutExceptionHandlingStage.execute(TimeoutExceptionHandlingStage.java:41)
	at software.amazon.awssdk.core.internal.http.pipeline.stages.ApiCallAttemptMetricCollectionStage.execute(ApiCallAttemptMetricCollectionStage.java:55)
	at software.amazon.awssdk.core.internal.http.pipeline.stages.ApiCallAttemptMetricCollectionStage.execute(ApiCallAttemptMetricCollectionStage.java:39)
	at software.amazon.awssdk.core.internal.http.pipeline.stages.RetryableStage2.executeRequest(RetryableStage2.java:93)
	at software.amazon.awssdk.core.internal.http.pipeline.stages.RetryableStage2.execute(RetryableStage2.java:56)
	at software.amazon.awssdk.core.internal.http.pipeline.stages.RetryableStage2.execute(RetryableStage2.java:36)
	at software.amazon.awssdk.core.internal.http.pipeline.RequestPipelineBuilder$ComposingRequestPipelineStage.execute(RequestPipelineBuilder.java:206)
	at software.amazon.awssdk.core.internal.http.StreamManagingStage.execute(StreamManagingStage.java:53)
	at software.amazon.awssdk.core.internal.http.StreamManagingStage.execute(StreamManagingStage.java:35)
	at software.amazon.awssdk.core.internal.http.pipeline.stages.ApiCallTimeoutTrackingStage.executeWithTimer(ApiCallTimeoutTrackingStage.java:82)
	at software.amazon.awssdk.core.internal.http.pipeline.stages.ApiCallTimeoutTrackingStage.execute(ApiCallTimeoutTrackingStage.java:62)
	at software.amazon.awssdk.core.internal.http.pipeline.stages.ApiCallTimeoutTrackingStage.execute(ApiCallTimeoutTrackingStage.java:43)
	at software.amazon.awssdk.core.internal.http.pipeline.stages.ApiCallMetricCollectionStage.execute(ApiCallMetricCollectionStage.java:50)
	at software.amazon.awssdk.core.internal.http.pipeline.stages.ApiCallMetricCollectionStage.execute(ApiCallMetricCollectionStage.java:32)
	at software.amazon.awssdk.core.internal.http.pipeline.RequestPipelineBuilder$ComposingRequestPipelineStage.execute(RequestPipelineBuilder.java:206)
	at software.amazon.awssdk.core.internal.http.pipeline.RequestPipelineBuilder$ComposingRequestPipelineStage.execute(RequestPipelineBuilder.java:206)
	at software.amazon.awssdk.core.internal.http.pipeline.stages.ExecutionFailureExceptionReportingStage.execute(ExecutionFailureExceptionReportingStage.java:37)
	at software.amazon.awssdk.core.internal.http.pipeline.stages.ExecutionFailureExceptionReportingStage.execute(ExecutionFailureExceptionReportingStage.java:26)
	at software.amazon.awssdk.core.internal.http.AmazonSyncHttpClient$RequestExecutionBuilderImpl.execute(AmazonSyncHttpClient.java:210)
	at software.amazon.awssdk.core.internal.handler.BaseSyncClientHandler.invoke(BaseSyncClientHandler.java:103)
	at software.amazon.awssdk.core.internal.handler.BaseSyncClientHandler.doExecute(BaseSyncClientHandler.java:173)
	at software.amazon.awssdk.core.internal.handler.BaseSyncClientHandler.lambda$execute$0(BaseSyncClientHandler.java:66)
	at software.amazon.awssdk.core.internal.handler.BaseSyncClientHandler.measureApiCallSuccess(BaseSyncClientHandler.java:182)
	at software.amazon.awssdk.core.internal.handler.BaseSyncClientHandler.execute(BaseSyncClientHandler.java:60)
	at software.amazon.awssdk.core.client.handler.SdkSyncClientHandler.execute(SdkSyncClientHandler.java:52)
	at software.amazon.awssdk.awscore.client.handler.AwsSyncClientHandler.execute(AwsSyncClientHandler.java:60)
	at software.amazon.awssdk.services.s3.DefaultS3Client.getObject(DefaultS3Client.java:5404)
	at software.amazon.awssdk.services.s3.S3Client.getObject(S3Client.java:9482)
	at com.example.ms_report_async.infraestructure.s3.S3Adapter.download(S3Adapter.java:36)
	at com.example.ms_report_async.application.usecase.ProcessImportFileUseCaseImpl.execute(ProcessImportFileUseCaseImpl.java:41)
	... 31 common frames omitted
2026-03-03 20:28:16.862 [org.springframework.amqp.rabbit.RabbitListenerEndpointContainer#0-1] DEBUG o.s.a.r.l.a.MessagingMessageListenerAdapter [] - Processing [GenericMessage [payload={"jobId":"0ba545fb-fb2b-48ef-89e0-ae70befbaa36", "fileKey":"estatisticas_di_2025_10-12_trusted.csv"}, headers={amqp_receivedDeliveryMode=PERSISTENT, amqp_receivedExchange=import_exchange3, amqp_deliveryTag=1, amqp_consumerQueue=import_csv_queue3, amqp_redelivered=false, amqp_receivedRoutingKey=import.csv3, amqp_contentEncoding=UTF-8, amqp_retryCount=0, id=e15fb759-c2df-1f06-444d-3ef75c9e04e4, amqp_consumerTag=amq.ctag-uV_ZatywkaRjASqBiOgKMA, amqp_lastInBatch=false, contentType=text/plain, timestamp=1772580496862}]]
2026-03-03 20:28:16.863 [org.springframework.amqp.rabbit.RabbitListenerEndpointContainer#0-1] INFO  c.e.m.i.async.RabbitImportListener [] - Mensagem recebida do RabbitMQ: {"jobId":"0ba545fb-fb2b-48ef-89e0-ae70befbaa36", "fileKey":"estatisticas_di_2025_10-12_trusted.csv"}
2026-03-03 20:28:16.863 [org.springframework.amqp.rabbit.RabbitListenerEndpointContainer#0-1] DEBUG c.e.m.i.async.RabbitImportListener [] - Iniciando processamento. JobId: "0ba545fb-fb2b-48ef-89e0-ae70befbaa36", FileKey: estatisticas_di_2025_10-12_trusted.csv
2026-03-03 20:28:16.864 [org.springframework.amqp.rabbit.RabbitListenerEndpointContainer#0-1] INFO  c.e.m.a.u.ProcessImportFileUseCaseImpl [] - Iniciando processamento do arquivo. JobId: "0ba545fb-fb2b-48ef-89e0-ae70befbaa36", FileKey: estatisticas_di_2025_10-12_trusted.csv, Bucket: brinks-bucket-1
2026-03-03 20:28:16.864 [org.springframework.amqp.rabbit.RabbitListenerEndpointContainer#0-1] INFO  c.e.m.infraestructure.s3.S3Adapter [] - Iniciando download do S3. Bucket: brinks-bucket-1, Key: estatisticas_di_2025_10-12_trusted.csv
2026-03-03 20:28:17.077 [org.springframework.amqp.rabbit.RabbitListenerEndpointContainer#0-1] ERROR c.e.m.infraestructure.s3.S3Adapter [] - Erro ao fazer download do S3. Bucket: brinks-bucket-1, Key: estatisticas_di_2025_10-12_trusted.csv
software.amazon.awssdk.services.s3.model.NoSuchKeyException: The specified key does not exist. (Service: S3, Status Code: 404, Request ID: CKJKSSRMM36NZ3DX, Extended Request ID: 6an1w/CTAB4CJFMWGnEKKkhHprNA4DMZ2NXJecOHJ/JJDnp6wxKyMQrK3nXbchMorNAKajs8zFM=)
	at software.amazon.awssdk.core.internal.http.CombinedResponseHandler.handleErrorResponse(CombinedResponseHandler.java:125)
	at software.amazon.awssdk.core.internal.http.CombinedResponseHandler.handleResponse(CombinedResponseHandler.java:82)
	at software.amazon.awssdk.core.internal.http.CombinedResponseHandler.handle(CombinedResponseHandler.java:60)
	at software.amazon.awssdk.core.internal.http.CombinedResponseHandler.handle(CombinedResponseHandler.java:41)
	at software.amazon.awssdk.core.internal.http.pipeline.stages.HandleResponseStage.execute(HandleResponseStage.java:50)
	at software.amazon.awssdk.core.internal.http.pipeline.stages.HandleResponseStage.execute(HandleResponseStage.java:38)
	at software.amazon.awssdk.core.internal.http.pipeline.RequestPipelineBuilder$ComposingRequestPipelineStage.execute(RequestPipelineBuilder.java:206)
	at software.amazon.awssdk.core.internal.http.pipeline.stages.ApiCallAttemptTimeoutTrackingStage.execute(ApiCallAttemptTimeoutTrackingStage.java:74)
	at software.amazon.awssdk.core.internal.http.pipeline.stages.ApiCallAttemptTimeoutTrackingStage.execute(ApiCallAttemptTimeoutTrackingStage.java:43)
	at software.amazon.awssdk.core.internal.http.pipeline.stages.TimeoutExceptionHandlingStage.execute(TimeoutExceptionHandlingStage.java:79)
	at software.amazon.awssdk.core.internal.http.pipeline.stages.TimeoutExceptionHandlingStage.execute(TimeoutExceptionHandlingStage.java:41)
	at software.amazon.awssdk.core.internal.http.pipeline.stages.ApiCallAttemptMetricCollectionStage.execute(ApiCallAttemptMetricCollectionStage.java:55)
	at software.amazon.awssdk.core.internal.http.pipeline.stages.ApiCallAttemptMetricCollectionStage.execute(ApiCallAttemptMetricCollectionStage.java:39)
	at software.amazon.awssdk.core.internal.http.pipeline.stages.RetryableStage2.executeRequest(RetryableStage2.java:93)
	at software.amazon.awssdk.core.internal.http.pipeline.stages.RetryableStage2.execute(RetryableStage2.java:56)
	at software.amazon.awssdk.core.internal.http.pipeline.stages.RetryableStage2.execute(RetryableStage2.java:36)
	at software.amazon.awssdk.core.internal.http.pipeline.RequestPipelineBuilder$ComposingRequestPipelineStage.execute(RequestPipelineBuilder.java:206)
	at software.amazon.awssdk.core.internal.http.StreamManagingStage.execute(StreamManagingStage.java:53)
	at software.amazon.awssdk.core.internal.http.StreamManagingStage.execute(StreamManagingStage.java:35)
	at software.amazon.awssdk.core.internal.http.pipeline.stages.ApiCallTimeoutTrackingStage.executeWithTimer(ApiCallTimeoutTrackingStage.java:82)
	at software.amazon.awssdk.core.internal.http.pipeline.stages.ApiCallTimeoutTrackingStage.execute(ApiCallTimeoutTrackingStage.java:62)
	at software.amazon.awssdk.core.internal.http.pipeline.stages.ApiCallTimeoutTrackingStage.execute(ApiCallTimeoutTrackingStage.java:43)
	at software.amazon.awssdk.core.internal.http.pipeline.stages.ApiCallMetricCollectionStage.execute(ApiCallMetricCollectionStage.java:50)
	at software.amazon.awssdk.core.internal.http.pipeline.stages.ApiCallMetricCollectionStage.execute(ApiCallMetricCollectionStage.java:32)
	at software.amazon.awssdk.core.internal.http.pipeline.RequestPipelineBuilder$ComposingRequestPipelineStage.execute(RequestPipelineBuilder.java:206)
	at software.amazon.awssdk.core.internal.http.pipeline.RequestPipelineBuilder$ComposingRequestPipelineStage.execute(RequestPipelineBuilder.java:206)
	at software.amazon.awssdk.core.internal.http.pipeline.stages.ExecutionFailureExceptionReportingStage.execute(ExecutionFailureExceptionReportingStage.java:37)
	at software.amazon.awssdk.core.internal.http.pipeline.stages.ExecutionFailureExceptionReportingStage.execute(ExecutionFailureExceptionReportingStage.java:26)
	at software.amazon.awssdk.core.internal.http.AmazonSyncHttpClient$RequestExecutionBuilderImpl.execute(AmazonSyncHttpClient.java:210)
	at software.amazon.awssdk.core.internal.handler.BaseSyncClientHandler.invoke(BaseSyncClientHandler.java:103)
	at software.amazon.awssdk.core.internal.handler.BaseSyncClientHandler.doExecute(BaseSyncClientHandler.java:173)
	at software.amazon.awssdk.core.internal.handler.BaseSyncClientHandler.lambda$execute$0(BaseSyncClientHandler.java:66)
	at software.amazon.awssdk.core.internal.handler.BaseSyncClientHandler.measureApiCallSuccess(BaseSyncClientHandler.java:182)
	at software.amazon.awssdk.core.internal.handler.BaseSyncClientHandler.execute(BaseSyncClientHandler.java:60)
	at software.amazon.awssdk.core.client.handler.SdkSyncClientHandler.execute(SdkSyncClientHandler.java:52)
	at software.amazon.awssdk.awscore.client.handler.AwsSyncClientHandler.execute(AwsSyncClientHandler.java:60)
	at software.amazon.awssdk.services.s3.DefaultS3Client.getObject(DefaultS3Client.java:5404)
	at software.amazon.awssdk.services.s3.S3Client.getObject(S3Client.java:9482)
	at com.example.ms_report_async.infraestructure.s3.S3Adapter.download(S3Adapter.java:36)
	at com.example.ms_report_async.application.usecase.ProcessImportFileUseCaseImpl.execute(ProcessImportFileUseCaseImpl.java:41)
	at com.example.ms_report_async.infraestructure.async.RabbitImportListener.receive(RabbitImportListener.java:34)
	at java.base/jdk.internal.reflect.DirectMethodHandleAccessor.invoke(DirectMethodHandleAccessor.java:103)
	at java.base/java.lang.reflect.Method.invoke(Method.java:580)
	at org.springframework.messaging.handler.invocation.InvocableHandlerMethod.doInvoke(InvocableHandlerMethod.java:168)
	at org.springframework.amqp.rabbit.listener.adapter.KotlinAwareInvocableHandlerMethod.doInvoke(KotlinAwareInvocableHandlerMethod.java:47)
	at org.springframework.messaging.handler.invocation.InvocableHandlerMethod.invoke(InvocableHandlerMethod.java:119)
	at org.springframework.amqp.rabbit.listener.adapter.HandlerAdapter.invoke(HandlerAdapter.java:83)
	at org.springframework.amqp.rabbit.listener.adapter.MessagingMessageListenerAdapter.invokeHandler(MessagingMessageListenerAdapter.java:287)
	at org.springframework.amqp.rabbit.listener.adapter.MessagingMessageListenerAdapter.invokeHandlerAndProcessResult(MessagingMessageListenerAdapter.java:233)
	at org.springframework.amqp.rabbit.listener.adapter.MessagingMessageListenerAdapter.onMessage(MessagingMessageListenerAdapter.java:157)
	at org.springframework.amqp.rabbit.listener.AbstractMessageListenerContainer.doInvokeListener(AbstractMessageListenerContainer.java:1683)
	at org.springframework.amqp.rabbit.listener.AbstractMessageListenerContainer.actualInvokeListener(AbstractMessageListenerContainer.java:1612)
	at java.base/jdk.internal.reflect.DirectMethodHandleAccessor.invoke(DirectMethodHandleAccessor.java:103)
	at java.base/java.lang.reflect.Method.invoke(Method.java:580)
	at org.springframework.aop.support.AopUtils.invokeJoinpointUsingReflection(AopUtils.java:359)
	at org.springframework.aop.framework.ReflectiveMethodInvocation.invokeJoinpoint(ReflectiveMethodInvocation.java:190)
	at org.springframework.aop.framework.ReflectiveMethodInvocation.proceed(ReflectiveMethodInvocation.java:158)
	at org.springframework.core.retry.RetryTemplate.execute(RetryTemplate.java:174)
	at org.springframework.amqp.rabbit.config.StatelessRetryOperationsInterceptor.invoke(StatelessRetryOperationsInterceptor.java:57)
	at org.springframework.aop.framework.ReflectiveMethodInvocation.proceed(ReflectiveMethodInvocation.java:179)
	at org.springframework.aop.framework.JdkDynamicAopProxy.invoke(JdkDynamicAopProxy.java:222)
	at org.springframework.amqp.rabbit.listener.$Proxy112.invokeListener(Unknown Source)
	at org.springframework.amqp.rabbit.listener.AbstractMessageListenerContainer.invokeListener(AbstractMessageListenerContainer.java:1599)
	at org.springframework.amqp.rabbit.listener.AbstractMessageListenerContainer.doExecuteListener(AbstractMessageListenerContainer.java:1590)
	at org.springframework.amqp.rabbit.listener.AbstractMessageListenerContainer.executeListenerAndHandleException(AbstractMessageListenerContainer.java:1539)
	at org.springframework.amqp.rabbit.listener.AbstractMessageListenerContainer.executeListener(AbstractMessageListenerContainer.java:1520)
	at org.springframework.amqp.rabbit.listener.SimpleMessageListenerContainer.doReceiveAndExecute(SimpleMessageListenerContainer.java:1116)
	at org.springframework.amqp.rabbit.listener.SimpleMessageListenerContainer.receiveAndExecute(SimpleMessageListenerContainer.java:1061)
	at org.springframework.amqp.rabbit.listener.SimpleMessageListenerContainer$AsyncMessageProcessingConsumer.mainLoop(SimpleMessageListenerContainer.java:1465)
	at org.springframework.amqp.rabbit.listener.SimpleMessageListenerContainer$AsyncMessageProcessingConsumer.run(SimpleMessageListenerContainer.java:1359)
	at java.base/java.lang.Thread.run(Thread.java:1583)
2026-03-03 20:28:17.078 [org.springframework.amqp.rabbit.RabbitListenerEndpointContainer#0-1] ERROR c.e.m.a.u.ProcessImportFileUseCaseImpl [] - Erro ao processar arquivo. JobId: "0ba545fb-fb2b-48ef-89e0-ae70befbaa36", FileKey: estatisticas_di_2025_10-12_trusted.csv, DuracaoMs: 214
software.amazon.awssdk.services.s3.model.NoSuchKeyException: The specified key does not exist. (Service: S3, Status Code: 404, Request ID: CKJKSSRMM36NZ3DX, Extended Request ID: 6an1w/CTAB4CJFMWGnEKKkhHprNA4DMZ2NXJecOHJ/JJDnp6wxKyMQrK3nXbchMorNAKajs8zFM=)
	at software.amazon.awssdk.core.internal.http.CombinedResponseHandler.handleErrorResponse(CombinedResponseHandler.java:125)
	at software.amazon.awssdk.core.internal.http.CombinedResponseHandler.handleResponse(CombinedResponseHandler.java:82)
	at software.amazon.awssdk.core.internal.http.CombinedResponseHandler.handle(CombinedResponseHandler.java:60)
	at software.amazon.awssdk.core.internal.http.CombinedResponseHandler.handle(CombinedResponseHandler.java:41)
	at software.amazon.awssdk.core.internal.http.pipeline.stages.HandleResponseStage.execute(HandleResponseStage.java:50)
	at software.amazon.awssdk.core.internal.http.pipeline.stages.HandleResponseStage.execute(HandleResponseStage.java:38)
	at software.amazon.awssdk.core.internal.http.pipeline.RequestPipelineBuilder$ComposingRequestPipelineStage.execute(RequestPipelineBuilder.java:206)
	at software.amazon.awssdk.core.internal.http.pipeline.stages.ApiCallAttemptTimeoutTrackingStage.execute(ApiCallAttemptTimeoutTrackingStage.java:74)
	at software.amazon.awssdk.core.internal.http.pipeline.stages.ApiCallAttemptTimeoutTrackingStage.execute(ApiCallAttemptTimeoutTrackingStage.java:43)
	at software.amazon.awssdk.core.internal.http.pipeline.stages.TimeoutExceptionHandlingStage.execute(TimeoutExceptionHandlingStage.java:79)
	at software.amazon.awssdk.core.internal.http.pipeline.stages.TimeoutExceptionHandlingStage.execute(TimeoutExceptionHandlingStage.java:41)
	at software.amazon.awssdk.core.internal.http.pipeline.stages.ApiCallAttemptMetricCollectionStage.execute(ApiCallAttemptMetricCollectionStage.java:55)
	at software.amazon.awssdk.core.internal.http.pipeline.stages.ApiCallAttemptMetricCollectionStage.execute(ApiCallAttemptMetricCollectionStage.java:39)
	at software.amazon.awssdk.core.internal.http.pipeline.stages.RetryableStage2.executeRequest(RetryableStage2.java:93)
	at software.amazon.awssdk.core.internal.http.pipeline.stages.RetryableStage2.execute(RetryableStage2.java:56)
	at software.amazon.awssdk.core.internal.http.pipeline.stages.RetryableStage2.execute(RetryableStage2.java:36)
	at software.amazon.awssdk.core.internal.http.pipeline.RequestPipelineBuilder$ComposingRequestPipelineStage.execute(RequestPipelineBuilder.java:206)
	at software.amazon.awssdk.core.internal.http.StreamManagingStage.execute(StreamManagingStage.java:53)
	at software.amazon.awssdk.core.internal.http.StreamManagingStage.execute(StreamManagingStage.java:35)
	at software.amazon.awssdk.core.internal.http.pipeline.stages.ApiCallTimeoutTrackingStage.executeWithTimer(ApiCallTimeoutTrackingStage.java:82)
	at software.amazon.awssdk.core.internal.http.pipeline.stages.ApiCallTimeoutTrackingStage.execute(ApiCallTimeoutTrackingStage.java:62)
	at software.amazon.awssdk.core.internal.http.pipeline.stages.ApiCallTimeoutTrackingStage.execute(ApiCallTimeoutTrackingStage.java:43)
	at software.amazon.awssdk.core.internal.http.pipeline.stages.ApiCallMetricCollectionStage.execute(ApiCallMetricCollectionStage.java:50)
	at software.amazon.awssdk.core.internal.http.pipeline.stages.ApiCallMetricCollectionStage.execute(ApiCallMetricCollectionStage.java:32)
	at software.amazon.awssdk.core.internal.http.pipeline.RequestPipelineBuilder$ComposingRequestPipelineStage.execute(RequestPipelineBuilder.java:206)
	at software.amazon.awssdk.core.internal.http.pipeline.RequestPipelineBuilder$ComposingRequestPipelineStage.execute(RequestPipelineBuilder.java:206)
	at software.amazon.awssdk.core.internal.http.pipeline.stages.ExecutionFailureExceptionReportingStage.execute(ExecutionFailureExceptionReportingStage.java:37)
	at software.amazon.awssdk.core.internal.http.pipeline.stages.ExecutionFailureExceptionReportingStage.execute(ExecutionFailureExceptionReportingStage.java:26)
	at software.amazon.awssdk.core.internal.http.AmazonSyncHttpClient$RequestExecutionBuilderImpl.execute(AmazonSyncHttpClient.java:210)
	at software.amazon.awssdk.core.internal.handler.BaseSyncClientHandler.invoke(BaseSyncClientHandler.java:103)
	at software.amazon.awssdk.core.internal.handler.BaseSyncClientHandler.doExecute(BaseSyncClientHandler.java:173)
	at software.amazon.awssdk.core.internal.handler.BaseSyncClientHandler.lambda$execute$0(BaseSyncClientHandler.java:66)
	at software.amazon.awssdk.core.internal.handler.BaseSyncClientHandler.measureApiCallSuccess(BaseSyncClientHandler.java:182)
	at software.amazon.awssdk.core.internal.handler.BaseSyncClientHandler.execute(BaseSyncClientHandler.java:60)
	at software.amazon.awssdk.core.client.handler.SdkSyncClientHandler.execute(SdkSyncClientHandler.java:52)
	at software.amazon.awssdk.awscore.client.handler.AwsSyncClientHandler.execute(AwsSyncClientHandler.java:60)
	at software.amazon.awssdk.services.s3.DefaultS3Client.getObject(DefaultS3Client.java:5404)
	at software.amazon.awssdk.services.s3.S3Client.getObject(S3Client.java:9482)
	at com.example.ms_report_async.infraestructure.s3.S3Adapter.download(S3Adapter.java:36)
	at com.example.ms_report_async.application.usecase.ProcessImportFileUseCaseImpl.execute(ProcessImportFileUseCaseImpl.java:41)
	at com.example.ms_report_async.infraestructure.async.RabbitImportListener.receive(RabbitImportListener.java:34)
	at java.base/jdk.internal.reflect.DirectMethodHandleAccessor.invoke(DirectMethodHandleAccessor.java:103)
	at java.base/java.lang.reflect.Method.invoke(Method.java:580)
	at org.springframework.messaging.handler.invocation.InvocableHandlerMethod.doInvoke(InvocableHandlerMethod.java:168)
	at org.springframework.amqp.rabbit.listener.adapter.KotlinAwareInvocableHandlerMethod.doInvoke(KotlinAwareInvocableHandlerMethod.java:47)
	at org.springframework.messaging.handler.invocation.InvocableHandlerMethod.invoke(InvocableHandlerMethod.java:119)
	at org.springframework.amqp.rabbit.listener.adapter.HandlerAdapter.invoke(HandlerAdapter.java:83)
	at org.springframework.amqp.rabbit.listener.adapter.MessagingMessageListenerAdapter.invokeHandler(MessagingMessageListenerAdapter.java:287)
	at org.springframework.amqp.rabbit.listener.adapter.MessagingMessageListenerAdapter.invokeHandlerAndProcessResult(MessagingMessageListenerAdapter.java:233)
	at org.springframework.amqp.rabbit.listener.adapter.MessagingMessageListenerAdapter.onMessage(MessagingMessageListenerAdapter.java:157)
	at org.springframework.amqp.rabbit.listener.AbstractMessageListenerContainer.doInvokeListener(AbstractMessageListenerContainer.java:1683)
	at org.springframework.amqp.rabbit.listener.AbstractMessageListenerContainer.actualInvokeListener(AbstractMessageListenerContainer.java:1612)
	at java.base/jdk.internal.reflect.DirectMethodHandleAccessor.invoke(DirectMethodHandleAccessor.java:103)
	at java.base/java.lang.reflect.Method.invoke(Method.java:580)
	at org.springframework.aop.support.AopUtils.invokeJoinpointUsingReflection(AopUtils.java:359)
	at org.springframework.aop.framework.ReflectiveMethodInvocation.invokeJoinpoint(ReflectiveMethodInvocation.java:190)
	at org.springframework.aop.framework.ReflectiveMethodInvocation.proceed(ReflectiveMethodInvocation.java:158)
	at org.springframework.core.retry.RetryTemplate.execute(RetryTemplate.java:174)
	at org.springframework.amqp.rabbit.config.StatelessRetryOperationsInterceptor.invoke(StatelessRetryOperationsInterceptor.java:57)
	at org.springframework.aop.framework.ReflectiveMethodInvocation.proceed(ReflectiveMethodInvocation.java:179)
	at org.springframework.aop.framework.JdkDynamicAopProxy.invoke(JdkDynamicAopProxy.java:222)
	at org.springframework.amqp.rabbit.listener.$Proxy112.invokeListener(Unknown Source)
	at org.springframework.amqp.rabbit.listener.AbstractMessageListenerContainer.invokeListener(AbstractMessageListenerContainer.java:1599)
	at org.springframework.amqp.rabbit.listener.AbstractMessageListenerContainer.doExecuteListener(AbstractMessageListenerContainer.java:1590)
	at org.springframework.amqp.rabbit.listener.AbstractMessageListenerContainer.executeListenerAndHandleException(AbstractMessageListenerContainer.java:1539)
	at org.springframework.amqp.rabbit.listener.AbstractMessageListenerContainer.executeListener(AbstractMessageListenerContainer.java:1520)
	at org.springframework.amqp.rabbit.listener.SimpleMessageListenerContainer.doReceiveAndExecute(SimpleMessageListenerContainer.java:1116)
	at org.springframework.amqp.rabbit.listener.SimpleMessageListenerContainer.receiveAndExecute(SimpleMessageListenerContainer.java:1061)
	at org.springframework.amqp.rabbit.listener.SimpleMessageListenerContainer$AsyncMessageProcessingConsumer.mainLoop(SimpleMessageListenerContainer.java:1465)
	at org.springframework.amqp.rabbit.listener.SimpleMessageListenerContainer$AsyncMessageProcessingConsumer.run(SimpleMessageListenerContainer.java:1359)
	at java.base/java.lang.Thread.run(Thread.java:1583)
2026-03-03 20:28:17.079 [org.springframework.amqp.rabbit.RabbitListenerEndpointContainer#0-1] ERROR c.e.m.i.async.RabbitImportListener [] - Erro ao processar mensagem JSON: {"jobId":"0ba545fb-fb2b-48ef-89e0-ae70befbaa36", "fileKey":"estatisticas_di_2025_10-12_trusted.csv"}
java.lang.RuntimeException: Falha ao processar arquivo: estatisticas_di_2025_10-12_trusted.csv
	at com.example.ms_report_async.application.usecase.ProcessImportFileUseCaseImpl.execute(ProcessImportFileUseCaseImpl.java:61)
	at com.example.ms_report_async.infraestructure.async.RabbitImportListener.receive(RabbitImportListener.java:34)
	at java.base/jdk.internal.reflect.DirectMethodHandleAccessor.invoke(DirectMethodHandleAccessor.java:103)
	at java.base/java.lang.reflect.Method.invoke(Method.java:580)
	at org.springframework.messaging.handler.invocation.InvocableHandlerMethod.doInvoke(InvocableHandlerMethod.java:168)
	at org.springframework.amqp.rabbit.listener.adapter.KotlinAwareInvocableHandlerMethod.doInvoke(KotlinAwareInvocableHandlerMethod.java:47)
	at org.springframework.messaging.handler.invocation.InvocableHandlerMethod.invoke(InvocableHandlerMethod.java:119)
	at org.springframework.amqp.rabbit.listener.adapter.HandlerAdapter.invoke(HandlerAdapter.java:83)
	at org.springframework.amqp.rabbit.listener.adapter.MessagingMessageListenerAdapter.invokeHandler(MessagingMessageListenerAdapter.java:287)
	at org.springframework.amqp.rabbit.listener.adapter.MessagingMessageListenerAdapter.invokeHandlerAndProcessResult(MessagingMessageListenerAdapter.java:233)
	at org.springframework.amqp.rabbit.listener.adapter.MessagingMessageListenerAdapter.onMessage(MessagingMessageListenerAdapter.java:157)
	at org.springframework.amqp.rabbit.listener.AbstractMessageListenerContainer.doInvokeListener(AbstractMessageListenerContainer.java:1683)
	at org.springframework.amqp.rabbit.listener.AbstractMessageListenerContainer.actualInvokeListener(AbstractMessageListenerContainer.java:1612)
	at java.base/jdk.internal.reflect.DirectMethodHandleAccessor.invoke(DirectMethodHandleAccessor.java:103)
	at java.base/java.lang.reflect.Method.invoke(Method.java:580)
	at org.springframework.aop.support.AopUtils.invokeJoinpointUsingReflection(AopUtils.java:359)
	at org.springframework.aop.framework.ReflectiveMethodInvocation.invokeJoinpoint(ReflectiveMethodInvocation.java:190)
	at org.springframework.aop.framework.ReflectiveMethodInvocation.proceed(ReflectiveMethodInvocation.java:158)
	at org.springframework.core.retry.RetryTemplate.execute(RetryTemplate.java:174)
	at org.springframework.amqp.rabbit.config.StatelessRetryOperationsInterceptor.invoke(StatelessRetryOperationsInterceptor.java:57)
	at org.springframework.aop.framework.ReflectiveMethodInvocation.proceed(ReflectiveMethodInvocation.java:179)
	at org.springframework.aop.framework.JdkDynamicAopProxy.invoke(JdkDynamicAopProxy.java:222)
	at org.springframework.amqp.rabbit.listener.$Proxy112.invokeListener(Unknown Source)
	at org.springframework.amqp.rabbit.listener.AbstractMessageListenerContainer.invokeListener(AbstractMessageListenerContainer.java:1599)
	at org.springframework.amqp.rabbit.listener.AbstractMessageListenerContainer.doExecuteListener(AbstractMessageListenerContainer.java:1590)
	at org.springframework.amqp.rabbit.listener.AbstractMessageListenerContainer.executeListenerAndHandleException(AbstractMessageListenerContainer.java:1539)
	at org.springframework.amqp.rabbit.listener.AbstractMessageListenerContainer.executeListener(AbstractMessageListenerContainer.java:1520)
	at org.springframework.amqp.rabbit.listener.SimpleMessageListenerContainer.doReceiveAndExecute(SimpleMessageListenerContainer.java:1116)
	at org.springframework.amqp.rabbit.listener.SimpleMessageListenerContainer.receiveAndExecute(SimpleMessageListenerContainer.java:1061)
	at org.springframework.amqp.rabbit.listener.SimpleMessageListenerContainer$AsyncMessageProcessingConsumer.mainLoop(SimpleMessageListenerContainer.java:1465)
	at org.springframework.amqp.rabbit.listener.SimpleMessageListenerContainer$AsyncMessageProcessingConsumer.run(SimpleMessageListenerContainer.java:1359)
	at java.base/java.lang.Thread.run(Thread.java:1583)
Caused by: software.amazon.awssdk.services.s3.model.NoSuchKeyException: The specified key does not exist. (Service: S3, Status Code: 404, Request ID: CKJKSSRMM36NZ3DX, Extended Request ID: 6an1w/CTAB4CJFMWGnEKKkhHprNA4DMZ2NXJecOHJ/JJDnp6wxKyMQrK3nXbchMorNAKajs8zFM=)
	at software.amazon.awssdk.core.internal.http.CombinedResponseHandler.handleErrorResponse(CombinedResponseHandler.java:125)
	at software.amazon.awssdk.core.internal.http.CombinedResponseHandler.handleResponse(CombinedResponseHandler.java:82)
	at software.amazon.awssdk.core.internal.http.CombinedResponseHandler.handle(CombinedResponseHandler.java:60)
	at software.amazon.awssdk.core.internal.http.CombinedResponseHandler.handle(CombinedResponseHandler.java:41)
	at software.amazon.awssdk.core.internal.http.pipeline.stages.HandleResponseStage.execute(HandleResponseStage.java:50)
	at software.amazon.awssdk.core.internal.http.pipeline.stages.HandleResponseStage.execute(HandleResponseStage.java:38)
	at software.amazon.awssdk.core.internal.http.pipeline.RequestPipelineBuilder$ComposingRequestPipelineStage.execute(RequestPipelineBuilder.java:206)
	at software.amazon.awssdk.core.internal.http.pipeline.stages.ApiCallAttemptTimeoutTrackingStage.execute(ApiCallAttemptTimeoutTrackingStage.java:74)
	at software.amazon.awssdk.core.internal.http.pipeline.stages.ApiCallAttemptTimeoutTrackingStage.execute(ApiCallAttemptTimeoutTrackingStage.java:43)
	at software.amazon.awssdk.core.internal.http.pipeline.stages.TimeoutExceptionHandlingStage.execute(TimeoutExceptionHandlingStage.java:79)
	at software.amazon.awssdk.core.internal.http.pipeline.stages.TimeoutExceptionHandlingStage.execute(TimeoutExceptionHandlingStage.java:41)
	at software.amazon.awssdk.core.internal.http.pipeline.stages.ApiCallAttemptMetricCollectionStage.execute(ApiCallAttemptMetricCollectionStage.java:55)
	at software.amazon.awssdk.core.internal.http.pipeline.stages.ApiCallAttemptMetricCollectionStage.execute(ApiCallAttemptMetricCollectionStage.java:39)
	at software.amazon.awssdk.core.internal.http.pipeline.stages.RetryableStage2.executeRequest(RetryableStage2.java:93)
	at software.amazon.awssdk.core.internal.http.pipeline.stages.RetryableStage2.execute(RetryableStage2.java:56)
	at software.amazon.awssdk.core.internal.http.pipeline.stages.RetryableStage2.execute(RetryableStage2.java:36)
	at software.amazon.awssdk.core.internal.http.pipeline.RequestPipelineBuilder$ComposingRequestPipelineStage.execute(RequestPipelineBuilder.java:206)
	at software.amazon.awssdk.core.internal.http.StreamManagingStage.execute(StreamManagingStage.java:53)
	at software.amazon.awssdk.core.internal.http.StreamManagingStage.execute(StreamManagingStage.java:35)
	at software.amazon.awssdk.core.internal.http.pipeline.stages.ApiCallTimeoutTrackingStage.executeWithTimer(ApiCallTimeoutTrackingStage.java:82)
	at software.amazon.awssdk.core.internal.http.pipeline.stages.ApiCallTimeoutTrackingStage.execute(ApiCallTimeoutTrackingStage.java:62)
	at software.amazon.awssdk.core.internal.http.pipeline.stages.ApiCallTimeoutTrackingStage.execute(ApiCallTimeoutTrackingStage.java:43)
	at software.amazon.awssdk.core.internal.http.pipeline.stages.ApiCallMetricCollectionStage.execute(ApiCallMetricCollectionStage.java:50)
	at software.amazon.awssdk.core.internal.http.pipeline.stages.ApiCallMetricCollectionStage.execute(ApiCallMetricCollectionStage.java:32)
	at software.amazon.awssdk.core.internal.http.pipeline.RequestPipelineBuilder$ComposingRequestPipelineStage.execute(RequestPipelineBuilder.java:206)
	at software.amazon.awssdk.core.internal.http.pipeline.RequestPipelineBuilder$ComposingRequestPipelineStage.execute(RequestPipelineBuilder.java:206)
	at software.amazon.awssdk.core.internal.http.pipeline.stages.ExecutionFailureExceptionReportingStage.execute(ExecutionFailureExceptionReportingStage.java:37)
	at software.amazon.awssdk.core.internal.http.pipeline.stages.ExecutionFailureExceptionReportingStage.execute(ExecutionFailureExceptionReportingStage.java:26)
	at software.amazon.awssdk.core.internal.http.AmazonSyncHttpClient$RequestExecutionBuilderImpl.execute(AmazonSyncHttpClient.java:210)
	at software.amazon.awssdk.core.internal.handler.BaseSyncClientHandler.invoke(BaseSyncClientHandler.java:103)
	at software.amazon.awssdk.core.internal.handler.BaseSyncClientHandler.doExecute(BaseSyncClientHandler.java:173)
	at software.amazon.awssdk.core.internal.handler.BaseSyncClientHandler.lambda$execute$0(BaseSyncClientHandler.java:66)
	at software.amazon.awssdk.core.internal.handler.BaseSyncClientHandler.measureApiCallSuccess(BaseSyncClientHandler.java:182)
	at software.amazon.awssdk.core.internal.handler.BaseSyncClientHandler.execute(BaseSyncClientHandler.java:60)
	at software.amazon.awssdk.core.client.handler.SdkSyncClientHandler.execute(SdkSyncClientHandler.java:52)
	at software.amazon.awssdk.awscore.client.handler.AwsSyncClientHandler.execute(AwsSyncClientHandler.java:60)
	at software.amazon.awssdk.services.s3.DefaultS3Client.getObject(DefaultS3Client.java:5404)
	at software.amazon.awssdk.services.s3.S3Client.getObject(S3Client.java:9482)
	at com.example.ms_report_async.infraestructure.s3.S3Adapter.download(S3Adapter.java:36)
	at com.example.ms_report_async.application.usecase.ProcessImportFileUseCaseImpl.execute(ProcessImportFileUseCaseImpl.java:41)
	... 31 common frames omitted
2026-03-03 20:28:21.092 [org.springframework.amqp.rabbit.RabbitListenerEndpointContainer#0-1] DEBUG o.s.a.r.l.a.MessagingMessageListenerAdapter [] - Processing [GenericMessage [payload={"jobId":"0ba545fb-fb2b-48ef-89e0-ae70befbaa36", "fileKey":"estatisticas_di_2025_10-12_trusted.csv"}, headers={amqp_receivedDeliveryMode=PERSISTENT, amqp_receivedExchange=import_exchange3, amqp_deliveryTag=1, amqp_consumerQueue=import_csv_queue3, amqp_redelivered=false, amqp_receivedRoutingKey=import.csv3, amqp_contentEncoding=UTF-8, amqp_retryCount=0, id=ef967e67-ea6c-debf-6e0d-5f7efa775bc8, amqp_consumerTag=amq.ctag-uV_ZatywkaRjASqBiOgKMA, amqp_lastInBatch=false, contentType=text/plain, timestamp=1772580501092}]]
2026-03-03 20:28:21.092 [org.springframework.amqp.rabbit.RabbitListenerEndpointContainer#0-1] INFO  c.e.m.i.async.RabbitImportListener [] - Mensagem recebida do RabbitMQ: {"jobId":"0ba545fb-fb2b-48ef-89e0-ae70befbaa36", "fileKey":"estatisticas_di_2025_10-12_trusted.csv"}
2026-03-03 20:28:21.092 [org.springframework.amqp.rabbit.RabbitListenerEndpointContainer#0-1] DEBUG c.e.m.i.async.RabbitImportListener [] - Iniciando processamento. JobId: "0ba545fb-fb2b-48ef-89e0-ae70befbaa36", FileKey: estatisticas_di_2025_10-12_trusted.csv
2026-03-03 20:28:21.092 [org.springframework.amqp.rabbit.RabbitListenerEndpointContainer#0-1] INFO  c.e.m.a.u.ProcessImportFileUseCaseImpl [] - Iniciando processamento do arquivo. JobId: "0ba545fb-fb2b-48ef-89e0-ae70befbaa36", FileKey: estatisticas_di_2025_10-12_trusted.csv, Bucket: brinks-bucket-1
2026-03-03 20:28:21.092 [org.springframework.amqp.rabbit.RabbitListenerEndpointContainer#0-1] INFO  c.e.m.infraestructure.s3.S3Adapter [] - Iniciando download do S3. Bucket: brinks-bucket-1, Key: estatisticas_di_2025_10-12_trusted.csv
2026-03-03 20:28:21.319 [org.springframework.amqp.rabbit.RabbitListenerEndpointContainer#0-1] ERROR c.e.m.infraestructure.s3.S3Adapter [] - Erro ao fazer download do S3. Bucket: brinks-bucket-1, Key: estatisticas_di_2025_10-12_trusted.csv
software.amazon.awssdk.services.s3.model.NoSuchKeyException: The specified key does not exist. (Service: S3, Status Code: 404, Request ID: HN42C37QDY38SHZ5, Extended Request ID: 8peiv3SbM9QfXn4cirx6UBx/CgHWMh6yY11h3rHvLtktj63sbVbE4duyqMO/11uap1uBsRpan3Y=)
	at software.amazon.awssdk.core.internal.http.CombinedResponseHandler.handleErrorResponse(CombinedResponseHandler.java:125)
	at software.amazon.awssdk.core.internal.http.CombinedResponseHandler.handleResponse(CombinedResponseHandler.java:82)
	at software.amazon.awssdk.core.internal.http.CombinedResponseHandler.handle(CombinedResponseHandler.java:60)
	at software.amazon.awssdk.core.internal.http.CombinedResponseHandler.handle(CombinedResponseHandler.java:41)
	at software.amazon.awssdk.core.internal.http.pipeline.stages.HandleResponseStage.execute(HandleResponseStage.java:50)
	at software.amazon.awssdk.core.internal.http.pipeline.stages.HandleResponseStage.execute(HandleResponseStage.java:38)
	at software.amazon.awssdk.core.internal.http.pipeline.RequestPipelineBuilder$ComposingRequestPipelineStage.execute(RequestPipelineBuilder.java:206)
	at software.amazon.awssdk.core.internal.http.pipeline.stages.ApiCallAttemptTimeoutTrackingStage.execute(ApiCallAttemptTimeoutTrackingStage.java:74)
	at software.amazon.awssdk.core.internal.http.pipeline.stages.ApiCallAttemptTimeoutTrackingStage.execute(ApiCallAttemptTimeoutTrackingStage.java:43)
	at software.amazon.awssdk.core.internal.http.pipeline.stages.TimeoutExceptionHandlingStage.execute(TimeoutExceptionHandlingStage.java:79)
	at software.amazon.awssdk.core.internal.http.pipeline.stages.TimeoutExceptionHandlingStage.execute(TimeoutExceptionHandlingStage.java:41)
	at software.amazon.awssdk.core.internal.http.pipeline.stages.ApiCallAttemptMetricCollectionStage.execute(ApiCallAttemptMetricCollectionStage.java:55)
	at software.amazon.awssdk.core.internal.http.pipeline.stages.ApiCallAttemptMetricCollectionStage.execute(ApiCallAttemptMetricCollectionStage.java:39)
	at software.amazon.awssdk.core.internal.http.pipeline.stages.RetryableStage2.executeRequest(RetryableStage2.java:93)
	at software.amazon.awssdk.core.internal.http.pipeline.stages.RetryableStage2.execute(RetryableStage2.java:56)
	at software.amazon.awssdk.core.internal.http.pipeline.stages.RetryableStage2.execute(RetryableStage2.java:36)
	at software.amazon.awssdk.core.internal.http.pipeline.RequestPipelineBuilder$ComposingRequestPipelineStage.execute(RequestPipelineBuilder.java:206)
	at software.amazon.awssdk.core.internal.http.StreamManagingStage.execute(StreamManagingStage.java:53)
	at software.amazon.awssdk.core.internal.http.StreamManagingStage.execute(StreamManagingStage.java:35)
	at software.amazon.awssdk.core.internal.http.pipeline.stages.ApiCallTimeoutTrackingStage.executeWithTimer(ApiCallTimeoutTrackingStage.java:82)
	at software.amazon.awssdk.core.internal.http.pipeline.stages.ApiCallTimeoutTrackingStage.execute(ApiCallTimeoutTrackingStage.java:62)
	at software.amazon.awssdk.core.internal.http.pipeline.stages.ApiCallTimeoutTrackingStage.execute(ApiCallTimeoutTrackingStage.java:43)
	at software.amazon.awssdk.core.internal.http.pipeline.stages.ApiCallMetricCollectionStage.execute(ApiCallMetricCollectionStage.java:50)
	at software.amazon.awssdk.core.internal.http.pipeline.stages.ApiCallMetricCollectionStage.execute(ApiCallMetricCollectionStage.java:32)
	at software.amazon.awssdk.core.internal.http.pipeline.RequestPipelineBuilder$ComposingRequestPipelineStage.execute(RequestPipelineBuilder.java:206)
	at software.amazon.awssdk.core.internal.http.pipeline.RequestPipelineBuilder$ComposingRequestPipelineStage.execute(RequestPipelineBuilder.java:206)
	at software.amazon.awssdk.core.internal.http.pipeline.stages.ExecutionFailureExceptionReportingStage.execute(ExecutionFailureExceptionReportingStage.java:37)
	at software.amazon.awssdk.core.internal.http.pipeline.stages.ExecutionFailureExceptionReportingStage.execute(ExecutionFailureExceptionReportingStage.java:26)
	at software.amazon.awssdk.core.internal.http.AmazonSyncHttpClient$RequestExecutionBuilderImpl.execute(AmazonSyncHttpClient.java:210)
	at software.amazon.awssdk.core.internal.handler.BaseSyncClientHandler.invoke(BaseSyncClientHandler.java:103)
	at software.amazon.awssdk.core.internal.handler.BaseSyncClientHandler.doExecute(BaseSyncClientHandler.java:173)
	at software.amazon.awssdk.core.internal.handler.BaseSyncClientHandler.lambda$execute$0(BaseSyncClientHandler.java:66)
	at software.amazon.awssdk.core.internal.handler.BaseSyncClientHandler.measureApiCallSuccess(BaseSyncClientHandler.java:182)
	at software.amazon.awssdk.core.internal.handler.BaseSyncClientHandler.execute(BaseSyncClientHandler.java:60)
	at software.amazon.awssdk.core.client.handler.SdkSyncClientHandler.execute(SdkSyncClientHandler.java:52)
	at software.amazon.awssdk.awscore.client.handler.AwsSyncClientHandler.execute(AwsSyncClientHandler.java:60)
	at software.amazon.awssdk.services.s3.DefaultS3Client.getObject(DefaultS3Client.java:5404)
	at software.amazon.awssdk.services.s3.S3Client.getObject(S3Client.java:9482)
	at com.example.ms_report_async.infraestructure.s3.S3Adapter.download(S3Adapter.java:36)
	at com.example.ms_report_async.application.usecase.ProcessImportFileUseCaseImpl.execute(ProcessImportFileUseCaseImpl.java:41)
	at com.example.ms_report_async.infraestructure.async.RabbitImportListener.receive(RabbitImportListener.java:34)
	at java.base/jdk.internal.reflect.DirectMethodHandleAccessor.invoke(DirectMethodHandleAccessor.java:103)
	at java.base/java.lang.reflect.Method.invoke(Method.java:580)
	at org.springframework.messaging.handler.invocation.InvocableHandlerMethod.doInvoke(InvocableHandlerMethod.java:168)
	at org.springframework.amqp.rabbit.listener.adapter.KotlinAwareInvocableHandlerMethod.doInvoke(KotlinAwareInvocableHandlerMethod.java:47)
	at org.springframework.messaging.handler.invocation.InvocableHandlerMethod.invoke(InvocableHandlerMethod.java:119)
	at org.springframework.amqp.rabbit.listener.adapter.HandlerAdapter.invoke(HandlerAdapter.java:83)
	at org.springframework.amqp.rabbit.listener.adapter.MessagingMessageListenerAdapter.invokeHandler(MessagingMessageListenerAdapter.java:287)
	at org.springframework.amqp.rabbit.listener.adapter.MessagingMessageListenerAdapter.invokeHandlerAndProcessResult(MessagingMessageListenerAdapter.java:233)
	at org.springframework.amqp.rabbit.listener.adapter.MessagingMessageListenerAdapter.onMessage(MessagingMessageListenerAdapter.java:157)
	at org.springframework.amqp.rabbit.listener.AbstractMessageListenerContainer.doInvokeListener(AbstractMessageListenerContainer.java:1683)
	at org.springframework.amqp.rabbit.listener.AbstractMessageListenerContainer.actualInvokeListener(AbstractMessageListenerContainer.java:1612)
	at java.base/jdk.internal.reflect.DirectMethodHandleAccessor.invoke(DirectMethodHandleAccessor.java:103)
	at java.base/java.lang.reflect.Method.invoke(Method.java:580)
	at org.springframework.aop.support.AopUtils.invokeJoinpointUsingReflection(AopUtils.java:359)
	at org.springframework.aop.framework.ReflectiveMethodInvocation.invokeJoinpoint(ReflectiveMethodInvocation.java:190)
	at org.springframework.aop.framework.ReflectiveMethodInvocation.proceed(ReflectiveMethodInvocation.java:158)
	at org.springframework.core.retry.RetryTemplate.execute(RetryTemplate.java:174)
	at org.springframework.amqp.rabbit.config.StatelessRetryOperationsInterceptor.invoke(StatelessRetryOperationsInterceptor.java:57)
	at org.springframework.aop.framework.ReflectiveMethodInvocation.proceed(ReflectiveMethodInvocation.java:179)
	at org.springframework.aop.framework.JdkDynamicAopProxy.invoke(JdkDynamicAopProxy.java:222)
	at org.springframework.amqp.rabbit.listener.$Proxy112.invokeListener(Unknown Source)
	at org.springframework.amqp.rabbit.listener.AbstractMessageListenerContainer.invokeListener(AbstractMessageListenerContainer.java:1599)
	at org.springframework.amqp.rabbit.listener.AbstractMessageListenerContainer.doExecuteListener(AbstractMessageListenerContainer.java:1590)
	at org.springframework.amqp.rabbit.listener.AbstractMessageListenerContainer.executeListenerAndHandleException(AbstractMessageListenerContainer.java:1539)
	at org.springframework.amqp.rabbit.listener.AbstractMessageListenerContainer.executeListener(AbstractMessageListenerContainer.java:1520)
	at org.springframework.amqp.rabbit.listener.SimpleMessageListenerContainer.doReceiveAndExecute(SimpleMessageListenerContainer.java:1116)
	at org.springframework.amqp.rabbit.listener.SimpleMessageListenerContainer.receiveAndExecute(SimpleMessageListenerContainer.java:1061)
	at org.springframework.amqp.rabbit.listener.SimpleMessageListenerContainer$AsyncMessageProcessingConsumer.mainLoop(SimpleMessageListenerContainer.java:1465)
	at org.springframework.amqp.rabbit.listener.SimpleMessageListenerContainer$AsyncMessageProcessingConsumer.run(SimpleMessageListenerContainer.java:1359)
	at java.base/java.lang.Thread.run(Thread.java:1583)
2026-03-03 20:28:21.319 [org.springframework.amqp.rabbit.RabbitListenerEndpointContainer#0-1] ERROR c.e.m.a.u.ProcessImportFileUseCaseImpl [] - Erro ao processar arquivo. JobId: "0ba545fb-fb2b-48ef-89e0-ae70befbaa36", FileKey: estatisticas_di_2025_10-12_trusted.csv, DuracaoMs: 227
software.amazon.awssdk.services.s3.model.NoSuchKeyException: The specified key does not exist. (Service: S3, Status Code: 404, Request ID: HN42C37QDY38SHZ5, Extended Request ID: 8peiv3SbM9QfXn4cirx6UBx/CgHWMh6yY11h3rHvLtktj63sbVbE4duyqMO/11uap1uBsRpan3Y=)
	at software.amazon.awssdk.core.internal.http.CombinedResponseHandler.handleErrorResponse(CombinedResponseHandler.java:125)
	at software.amazon.awssdk.core.internal.http.CombinedResponseHandler.handleResponse(CombinedResponseHandler.java:82)
	at software.amazon.awssdk.core.internal.http.CombinedResponseHandler.handle(CombinedResponseHandler.java:60)
	at software.amazon.awssdk.core.internal.http.CombinedResponseHandler.handle(CombinedResponseHandler.java:41)
	at software.amazon.awssdk.core.internal.http.pipeline.stages.HandleResponseStage.execute(HandleResponseStage.java:50)
	at software.amazon.awssdk.core.internal.http.pipeline.stages.HandleResponseStage.execute(HandleResponseStage.java:38)
	at software.amazon.awssdk.core.internal.http.pipeline.RequestPipelineBuilder$ComposingRequestPipelineStage.execute(RequestPipelineBuilder.java:206)
	at software.amazon.awssdk.core.internal.http.pipeline.stages.ApiCallAttemptTimeoutTrackingStage.execute(ApiCallAttemptTimeoutTrackingStage.java:74)
	at software.amazon.awssdk.core.internal.http.pipeline.stages.ApiCallAttemptTimeoutTrackingStage.execute(ApiCallAttemptTimeoutTrackingStage.java:43)
	at software.amazon.awssdk.core.internal.http.pipeline.stages.TimeoutExceptionHandlingStage.execute(TimeoutExceptionHandlingStage.java:79)
	at software.amazon.awssdk.core.internal.http.pipeline.stages.TimeoutExceptionHandlingStage.execute(TimeoutExceptionHandlingStage.java:41)
	at software.amazon.awssdk.core.internal.http.pipeline.stages.ApiCallAttemptMetricCollectionStage.execute(ApiCallAttemptMetricCollectionStage.java:55)
	at software.amazon.awssdk.core.internal.http.pipeline.stages.ApiCallAttemptMetricCollectionStage.execute(ApiCallAttemptMetricCollectionStage.java:39)
	at software.amazon.awssdk.core.internal.http.pipeline.stages.RetryableStage2.executeRequest(RetryableStage2.java:93)
	at software.amazon.awssdk.core.internal.http.pipeline.stages.RetryableStage2.execute(RetryableStage2.java:56)
	at software.amazon.awssdk.core.internal.http.pipeline.stages.RetryableStage2.execute(RetryableStage2.java:36)
	at software.amazon.awssdk.core.internal.http.pipeline.RequestPipelineBuilder$ComposingRequestPipelineStage.execute(RequestPipelineBuilder.java:206)
	at software.amazon.awssdk.core.internal.http.StreamManagingStage.execute(StreamManagingStage.java:53)
	at software.amazon.awssdk.core.internal.http.StreamManagingStage.execute(StreamManagingStage.java:35)
	at software.amazon.awssdk.core.internal.http.pipeline.stages.ApiCallTimeoutTrackingStage.executeWithTimer(ApiCallTimeoutTrackingStage.java:82)
	at software.amazon.awssdk.core.internal.http.pipeline.stages.ApiCallTimeoutTrackingStage.execute(ApiCallTimeoutTrackingStage.java:62)
	at software.amazon.awssdk.core.internal.http.pipeline.stages.ApiCallTimeoutTrackingStage.execute(ApiCallTimeoutTrackingStage.java:43)
	at software.amazon.awssdk.core.internal.http.pipeline.stages.ApiCallMetricCollectionStage.execute(ApiCallMetricCollectionStage.java:50)
	at software.amazon.awssdk.core.internal.http.pipeline.stages.ApiCallMetricCollectionStage.execute(ApiCallMetricCollectionStage.java:32)
	at software.amazon.awssdk.core.internal.http.pipeline.RequestPipelineBuilder$ComposingRequestPipelineStage.execute(RequestPipelineBuilder.java:206)
	at software.amazon.awssdk.core.internal.http.pipeline.RequestPipelineBuilder$ComposingRequestPipelineStage.execute(RequestPipelineBuilder.java:206)
	at software.amazon.awssdk.core.internal.http.pipeline.stages.ExecutionFailureExceptionReportingStage.execute(ExecutionFailureExceptionReportingStage.java:37)
	at software.amazon.awssdk.core.internal.http.pipeline.stages.ExecutionFailureExceptionReportingStage.execute(ExecutionFailureExceptionReportingStage.java:26)
	at software.amazon.awssdk.core.internal.http.AmazonSyncHttpClient$RequestExecutionBuilderImpl.execute(AmazonSyncHttpClient.java:210)
	at software.amazon.awssdk.core.internal.handler.BaseSyncClientHandler.invoke(BaseSyncClientHandler.java:103)
	at software.amazon.awssdk.core.internal.handler.BaseSyncClientHandler.doExecute(BaseSyncClientHandler.java:173)
	at software.amazon.awssdk.core.internal.handler.BaseSyncClientHandler.lambda$execute$0(BaseSyncClientHandler.java:66)
	at software.amazon.awssdk.core.internal.handler.BaseSyncClientHandler.measureApiCallSuccess(BaseSyncClientHandler.java:182)
	at software.amazon.awssdk.core.internal.handler.BaseSyncClientHandler.execute(BaseSyncClientHandler.java:60)
	at software.amazon.awssdk.core.client.handler.SdkSyncClientHandler.execute(SdkSyncClientHandler.java:52)
	at software.amazon.awssdk.awscore.client.handler.AwsSyncClientHandler.execute(AwsSyncClientHandler.java:60)
	at software.amazon.awssdk.services.s3.DefaultS3Client.getObject(DefaultS3Client.java:5404)
	at software.amazon.awssdk.services.s3.S3Client.getObject(S3Client.java:9482)
	at com.example.ms_report_async.infraestructure.s3.S3Adapter.download(S3Adapter.java:36)
	at com.example.ms_report_async.application.usecase.ProcessImportFileUseCaseImpl.execute(ProcessImportFileUseCaseImpl.java:41)
	at com.example.ms_report_async.infraestructure.async.RabbitImportListener.receive(RabbitImportListener.java:34)
	at java.base/jdk.internal.reflect.DirectMethodHandleAccessor.invoke(DirectMethodHandleAccessor.java:103)
	at java.base/java.lang.reflect.Method.invoke(Method.java:580)
	at org.springframework.messaging.handler.invocation.InvocableHandlerMethod.doInvoke(InvocableHandlerMethod.java:168)
	at org.springframework.amqp.rabbit.listener.adapter.KotlinAwareInvocableHandlerMethod.doInvoke(KotlinAwareInvocableHandlerMethod.java:47)
	at org.springframework.messaging.handler.invocation.InvocableHandlerMethod.invoke(InvocableHandlerMethod.java:119)
	at org.springframework.amqp.rabbit.listener.adapter.HandlerAdapter.invoke(HandlerAdapter.java:83)
	at org.springframework.amqp.rabbit.listener.adapter.MessagingMessageListenerAdapter.invokeHandler(MessagingMessageListenerAdapter.java:287)
	at org.springframework.amqp.rabbit.listener.adapter.MessagingMessageListenerAdapter.invokeHandlerAndProcessResult(MessagingMessageListenerAdapter.java:233)
	at org.springframework.amqp.rabbit.listener.adapter.MessagingMessageListenerAdapter.onMessage(MessagingMessageListenerAdapter.java:157)
	at org.springframework.amqp.rabbit.listener.AbstractMessageListenerContainer.doInvokeListener(AbstractMessageListenerContainer.java:1683)
	at org.springframework.amqp.rabbit.listener.AbstractMessageListenerContainer.actualInvokeListener(AbstractMessageListenerContainer.java:1612)
	at java.base/jdk.internal.reflect.DirectMethodHandleAccessor.invoke(DirectMethodHandleAccessor.java:103)
	at java.base/java.lang.reflect.Method.invoke(Method.java:580)
	at org.springframework.aop.support.AopUtils.invokeJoinpointUsingReflection(AopUtils.java:359)
	at org.springframework.aop.framework.ReflectiveMethodInvocation.invokeJoinpoint(ReflectiveMethodInvocation.java:190)
	at org.springframework.aop.framework.ReflectiveMethodInvocation.proceed(ReflectiveMethodInvocation.java:158)
	at org.springframework.core.retry.RetryTemplate.execute(RetryTemplate.java:174)
	at org.springframework.amqp.rabbit.config.StatelessRetryOperationsInterceptor.invoke(StatelessRetryOperationsInterceptor.java:57)
	at org.springframework.aop.framework.ReflectiveMethodInvocation.proceed(ReflectiveMethodInvocation.java:179)
	at org.springframework.aop.framework.JdkDynamicAopProxy.invoke(JdkDynamicAopProxy.java:222)
	at org.springframework.amqp.rabbit.listener.$Proxy112.invokeListener(Unknown Source)
	at org.springframework.amqp.rabbit.listener.AbstractMessageListenerContainer.invokeListener(AbstractMessageListenerContainer.java:1599)
	at org.springframework.amqp.rabbit.listener.AbstractMessageListenerContainer.doExecuteListener(AbstractMessageListenerContainer.java:1590)
	at org.springframework.amqp.rabbit.listener.AbstractMessageListenerContainer.executeListenerAndHandleException(AbstractMessageListenerContainer.java:1539)
	at org.springframework.amqp.rabbit.listener.AbstractMessageListenerContainer.executeListener(AbstractMessageListenerContainer.java:1520)
	at org.springframework.amqp.rabbit.listener.SimpleMessageListenerContainer.doReceiveAndExecute(SimpleMessageListenerContainer.java:1116)
	at org.springframework.amqp.rabbit.listener.SimpleMessageListenerContainer.receiveAndExecute(SimpleMessageListenerContainer.java:1061)
	at org.springframework.amqp.rabbit.listener.SimpleMessageListenerContainer$AsyncMessageProcessingConsumer.mainLoop(SimpleMessageListenerContainer.java:1465)
	at org.springframework.amqp.rabbit.listener.SimpleMessageListenerContainer$AsyncMessageProcessingConsumer.run(SimpleMessageListenerContainer.java:1359)
	at java.base/java.lang.Thread.run(Thread.java:1583)
2026-03-03 20:28:21.319 [org.springframework.amqp.rabbit.RabbitListenerEndpointContainer#0-1] ERROR c.e.m.i.async.RabbitImportListener [] - Erro ao processar mensagem JSON: {"jobId":"0ba545fb-fb2b-48ef-89e0-ae70befbaa36", "fileKey":"estatisticas_di_2025_10-12_trusted.csv"}
java.lang.RuntimeException: Falha ao processar arquivo: estatisticas_di_2025_10-12_trusted.csv
	at com.example.ms_report_async.application.usecase.ProcessImportFileUseCaseImpl.execute(ProcessImportFileUseCaseImpl.java:61)
	at com.example.ms_report_async.infraestructure.async.RabbitImportListener.receive(RabbitImportListener.java:34)
	at java.base/jdk.internal.reflect.DirectMethodHandleAccessor.invoke(DirectMethodHandleAccessor.java:103)
	at java.base/java.lang.reflect.Method.invoke(Method.java:580)
	at org.springframework.messaging.handler.invocation.InvocableHandlerMethod.doInvoke(InvocableHandlerMethod.java:168)
	at org.springframework.amqp.rabbit.listener.adapter.KotlinAwareInvocableHandlerMethod.doInvoke(KotlinAwareInvocableHandlerMethod.java:47)
	at org.springframework.messaging.handler.invocation.InvocableHandlerMethod.invoke(InvocableHandlerMethod.java:119)
	at org.springframework.amqp.rabbit.listener.adapter.HandlerAdapter.invoke(HandlerAdapter.java:83)
	at org.springframework.amqp.rabbit.listener.adapter.MessagingMessageListenerAdapter.invokeHandler(MessagingMessageListenerAdapter.java:287)
	at org.springframework.amqp.rabbit.listener.adapter.MessagingMessageListenerAdapter.invokeHandlerAndProcessResult(MessagingMessageListenerAdapter.java:233)
	at org.springframework.amqp.rabbit.listener.adapter.MessagingMessageListenerAdapter.onMessage(MessagingMessageListenerAdapter.java:157)
	at org.springframework.amqp.rabbit.listener.AbstractMessageListenerContainer.doInvokeListener(AbstractMessageListenerContainer.java:1683)
	at org.springframework.amqp.rabbit.listener.AbstractMessageListenerContainer.actualInvokeListener(AbstractMessageListenerContainer.java:1612)
	at java.base/jdk.internal.reflect.DirectMethodHandleAccessor.invoke(DirectMethodHandleAccessor.java:103)
	at java.base/java.lang.reflect.Method.invoke(Method.java:580)
	at org.springframework.aop.support.AopUtils.invokeJoinpointUsingReflection(AopUtils.java:359)
	at org.springframework.aop.framework.ReflectiveMethodInvocation.invokeJoinpoint(ReflectiveMethodInvocation.java:190)
	at org.springframework.aop.framework.ReflectiveMethodInvocation.proceed(ReflectiveMethodInvocation.java:158)
	at org.springframework.core.retry.RetryTemplate.execute(RetryTemplate.java:174)
	at org.springframework.amqp.rabbit.config.StatelessRetryOperationsInterceptor.invoke(StatelessRetryOperationsInterceptor.java:57)
	at org.springframework.aop.framework.ReflectiveMethodInvocation.proceed(ReflectiveMethodInvocation.java:179)
	at org.springframework.aop.framework.JdkDynamicAopProxy.invoke(JdkDynamicAopProxy.java:222)
	at org.springframework.amqp.rabbit.listener.$Proxy112.invokeListener(Unknown Source)
	at org.springframework.amqp.rabbit.listener.AbstractMessageListenerContainer.invokeListener(AbstractMessageListenerContainer.java:1599)
	at org.springframework.amqp.rabbit.listener.AbstractMessageListenerContainer.doExecuteListener(AbstractMessageListenerContainer.java:1590)
	at org.springframework.amqp.rabbit.listener.AbstractMessageListenerContainer.executeListenerAndHandleException(AbstractMessageListenerContainer.java:1539)
	at org.springframework.amqp.rabbit.listener.AbstractMessageListenerContainer.executeListener(AbstractMessageListenerContainer.java:1520)
	at org.springframework.amqp.rabbit.listener.SimpleMessageListenerContainer.doReceiveAndExecute(SimpleMessageListenerContainer.java:1116)
	at org.springframework.amqp.rabbit.listener.SimpleMessageListenerContainer.receiveAndExecute(SimpleMessageListenerContainer.java:1061)
	at org.springframework.amqp.rabbit.listener.SimpleMessageListenerContainer$AsyncMessageProcessingConsumer.mainLoop(SimpleMessageListenerContainer.java:1465)
	at org.springframework.amqp.rabbit.listener.SimpleMessageListenerContainer$AsyncMessageProcessingConsumer.run(SimpleMessageListenerContainer.java:1359)
	at java.base/java.lang.Thread.run(Thread.java:1583)
Caused by: software.amazon.awssdk.services.s3.model.NoSuchKeyException: The specified key does not exist. (Service: S3, Status Code: 404, Request ID: HN42C37QDY38SHZ5, Extended Request ID: 8peiv3SbM9QfXn4cirx6UBx/CgHWMh6yY11h3rHvLtktj63sbVbE4duyqMO/11uap1uBsRpan3Y=)
	at software.amazon.awssdk.core.internal.http.CombinedResponseHandler.handleErrorResponse(CombinedResponseHandler.java:125)
	at software.amazon.awssdk.core.internal.http.CombinedResponseHandler.handleResponse(CombinedResponseHandler.java:82)
	at software.amazon.awssdk.core.internal.http.CombinedResponseHandler.handle(CombinedResponseHandler.java:60)
	at software.amazon.awssdk.core.internal.http.CombinedResponseHandler.handle(CombinedResponseHandler.java:41)
	at software.amazon.awssdk.core.internal.http.pipeline.stages.HandleResponseStage.execute(HandleResponseStage.java:50)
	at software.amazon.awssdk.core.internal.http.pipeline.stages.HandleResponseStage.execute(HandleResponseStage.java:38)
	at software.amazon.awssdk.core.internal.http.pipeline.RequestPipelineBuilder$ComposingRequestPipelineStage.execute(RequestPipelineBuilder.java:206)
	at software.amazon.awssdk.core.internal.http.pipeline.stages.ApiCallAttemptTimeoutTrackingStage.execute(ApiCallAttemptTimeoutTrackingStage.java:74)
	at software.amazon.awssdk.core.internal.http.pipeline.stages.ApiCallAttemptTimeoutTrackingStage.execute(ApiCallAttemptTimeoutTrackingStage.java:43)
	at software.amazon.awssdk.core.internal.http.pipeline.stages.TimeoutExceptionHandlingStage.execute(TimeoutExceptionHandlingStage.java:79)
	at software.amazon.awssdk.core.internal.http.pipeline.stages.TimeoutExceptionHandlingStage.execute(TimeoutExceptionHandlingStage.java:41)
	at software.amazon.awssdk.core.internal.http.pipeline.stages.ApiCallAttemptMetricCollectionStage.execute(ApiCallAttemptMetricCollectionStage.java:55)
	at software.amazon.awssdk.core.internal.http.pipeline.stages.ApiCallAttemptMetricCollectionStage.execute(ApiCallAttemptMetricCollectionStage.java:39)
	at software.amazon.awssdk.core.internal.http.pipeline.stages.RetryableStage2.executeRequest(RetryableStage2.java:93)
	at software.amazon.awssdk.core.internal.http.pipeline.stages.RetryableStage2.execute(RetryableStage2.java:56)
	at software.amazon.awssdk.core.internal.http.pipeline.stages.RetryableStage2.execute(RetryableStage2.java:36)
	at software.amazon.awssdk.core.internal.http.pipeline.RequestPipelineBuilder$ComposingRequestPipelineStage.execute(RequestPipelineBuilder.java:206)
	at software.amazon.awssdk.core.internal.http.StreamManagingStage.execute(StreamManagingStage.java:53)
	at software.amazon.awssdk.core.internal.http.StreamManagingStage.execute(StreamManagingStage.java:35)
	at software.amazon.awssdk.core.internal.http.pipeline.stages.ApiCallTimeoutTrackingStage.executeWithTimer(ApiCallTimeoutTrackingStage.java:82)
	at software.amazon.awssdk.core.internal.http.pipeline.stages.ApiCallTimeoutTrackingStage.execute(ApiCallTimeoutTrackingStage.java:62)
	at software.amazon.awssdk.core.internal.http.pipeline.stages.ApiCallTimeoutTrackingStage.execute(ApiCallTimeoutTrackingStage.java:43)
	at software.amazon.awssdk.core.internal.http.pipeline.stages.ApiCallMetricCollectionStage.execute(ApiCallMetricCollectionStage.java:50)
	at software.amazon.awssdk.core.internal.http.pipeline.stages.ApiCallMetricCollectionStage.execute(ApiCallMetricCollectionStage.java:32)
	at software.amazon.awssdk.core.internal.http.pipeline.RequestPipelineBuilder$ComposingRequestPipelineStage.execute(RequestPipelineBuilder.java:206)
	at software.amazon.awssdk.core.internal.http.pipeline.RequestPipelineBuilder$ComposingRequestPipelineStage.execute(RequestPipelineBuilder.java:206)
	at software.amazon.awssdk.core.internal.http.pipeline.stages.ExecutionFailureExceptionReportingStage.execute(ExecutionFailureExceptionReportingStage.java:37)
	at software.amazon.awssdk.core.internal.http.pipeline.stages.ExecutionFailureExceptionReportingStage.execute(ExecutionFailureExceptionReportingStage.java:26)
	at software.amazon.awssdk.core.internal.http.AmazonSyncHttpClient$RequestExecutionBuilderImpl.execute(AmazonSyncHttpClient.java:210)
	at software.amazon.awssdk.core.internal.handler.BaseSyncClientHandler.invoke(BaseSyncClientHandler.java:103)
	at software.amazon.awssdk.core.internal.handler.BaseSyncClientHandler.doExecute(BaseSyncClientHandler.java:173)
	at software.amazon.awssdk.core.internal.handler.BaseSyncClientHandler.lambda$execute$0(BaseSyncClientHandler.java:66)
	at software.amazon.awssdk.core.internal.handler.BaseSyncClientHandler.measureApiCallSuccess(BaseSyncClientHandler.java:182)
	at software.amazon.awssdk.core.internal.handler.BaseSyncClientHandler.execute(BaseSyncClientHandler.java:60)
	at software.amazon.awssdk.core.client.handler.SdkSyncClientHandler.execute(SdkSyncClientHandler.java:52)
	at software.amazon.awssdk.awscore.client.handler.AwsSyncClientHandler.execute(AwsSyncClientHandler.java:60)
	at software.amazon.awssdk.services.s3.DefaultS3Client.getObject(DefaultS3Client.java:5404)
	at software.amazon.awssdk.services.s3.S3Client.getObject(S3Client.java:9482)
	at com.example.ms_report_async.infraestructure.s3.S3Adapter.download(S3Adapter.java:36)
	at com.example.ms_report_async.application.usecase.ProcessImportFileUseCaseImpl.execute(ProcessImportFileUseCaseImpl.java:41)
	... 31 common frames omitted
2026-03-03 20:28:21.319 [org.springframework.amqp.rabbit.RabbitListenerEndpointContainer#0-1] WARN  o.s.a.r.r.RejectAndDontRequeueRecoverer [] - Retries exhausted for message (Body:'[B@7020174(byte[100])' MessageProperties [headers={}, contentType=text/plain, contentEncoding=UTF-8, contentLength=0, receivedDeliveryMode=PERSISTENT, priority=0, redelivered=false, receivedExchange=import_exchange3, receivedRoutingKey=import.csv3, deliveryTag=1, consumerTag=amq.ctag-uV_ZatywkaRjASqBiOgKMA, consumerQueue=import_csv_queue3])
org.springframework.amqp.rabbit.support.ListenerExecutionFailedException: Listener method 'public void com.example.ms_report_async.infraestructure.async.RabbitImportListener.receive(java.lang.String)' threw exception
	at org.springframework.amqp.rabbit.listener.adapter.MessagingMessageListenerAdapter.invokeHandler(MessagingMessageListenerAdapter.java:296)
	at org.springframework.amqp.rabbit.listener.adapter.MessagingMessageListenerAdapter.invokeHandlerAndProcessResult(MessagingMessageListenerAdapter.java:233)
	at org.springframework.amqp.rabbit.listener.adapter.MessagingMessageListenerAdapter.onMessage(MessagingMessageListenerAdapter.java:157)
	at org.springframework.amqp.rabbit.listener.AbstractMessageListenerContainer.doInvokeListener(AbstractMessageListenerContainer.java:1683)
	at org.springframework.amqp.rabbit.listener.AbstractMessageListenerContainer.actualInvokeListener(AbstractMessageListenerContainer.java:1612)
	at java.base/jdk.internal.reflect.DirectMethodHandleAccessor.invoke(DirectMethodHandleAccessor.java:103)
	at java.base/java.lang.reflect.Method.invoke(Method.java:580)
	at org.springframework.aop.support.AopUtils.invokeJoinpointUsingReflection(AopUtils.java:359)
	at org.springframework.aop.framework.ReflectiveMethodInvocation.invokeJoinpoint(ReflectiveMethodInvocation.java:190)
	at org.springframework.aop.framework.ReflectiveMethodInvocation.proceed(ReflectiveMethodInvocation.java:158)
	at org.springframework.core.retry.RetryTemplate.execute(RetryTemplate.java:174)
	at org.springframework.amqp.rabbit.config.StatelessRetryOperationsInterceptor.invoke(StatelessRetryOperationsInterceptor.java:57)
	at org.springframework.aop.framework.ReflectiveMethodInvocation.proceed(ReflectiveMethodInvocation.java:179)
	at org.springframework.aop.framework.JdkDynamicAopProxy.invoke(JdkDynamicAopProxy.java:222)
	at org.springframework.amqp.rabbit.listener.$Proxy112.invokeListener(Unknown Source)
	at org.springframework.amqp.rabbit.listener.AbstractMessageListenerContainer.invokeListener(AbstractMessageListenerContainer.java:1599)
	at org.springframework.amqp.rabbit.listener.AbstractMessageListenerContainer.doExecuteListener(AbstractMessageListenerContainer.java:1590)
	at org.springframework.amqp.rabbit.listener.AbstractMessageListenerContainer.executeListenerAndHandleException(AbstractMessageListenerContainer.java:1539)
	at org.springframework.amqp.rabbit.listener.AbstractMessageListenerContainer.executeListener(AbstractMessageListenerContainer.java:1520)
	at org.springframework.amqp.rabbit.listener.SimpleMessageListenerContainer.doReceiveAndExecute(SimpleMessageListenerContainer.java:1116)
	at org.springframework.amqp.rabbit.listener.SimpleMessageListenerContainer.receiveAndExecute(SimpleMessageListenerContainer.java:1061)
	at org.springframework.amqp.rabbit.listener.SimpleMessageListenerContainer$AsyncMessageProcessingConsumer.mainLoop(SimpleMessageListenerContainer.java:1465)
	at org.springframework.amqp.rabbit.listener.SimpleMessageListenerContainer$AsyncMessageProcessingConsumer.run(SimpleMessageListenerContainer.java:1359)
	at java.base/java.lang.Thread.run(Thread.java:1583)
Caused by: java.lang.RuntimeException: Falha ao ler JSON do RabbitMQ
	at com.example.ms_report_async.infraestructure.async.RabbitImportListener.receive(RabbitImportListener.java:39)
	at java.base/jdk.internal.reflect.DirectMethodHandleAccessor.invoke(DirectMethodHandleAccessor.java:103)
	at java.base/java.lang.reflect.Method.invoke(Method.java:580)
	at org.springframework.messaging.handler.invocation.InvocableHandlerMethod.doInvoke(InvocableHandlerMethod.java:168)
	at org.springframework.amqp.rabbit.listener.adapter.KotlinAwareInvocableHandlerMethod.doInvoke(KotlinAwareInvocableHandlerMethod.java:47)
	at org.springframework.messaging.handler.invocation.InvocableHandlerMethod.invoke(InvocableHandlerMethod.java:119)
	at org.springframework.amqp.rabbit.listener.adapter.HandlerAdapter.invoke(HandlerAdapter.java:83)
	at org.springframework.amqp.rabbit.listener.adapter.MessagingMessageListenerAdapter.invokeHandler(MessagingMessageListenerAdapter.java:287)
	... 23 common frames omitted
Caused by: java.lang.RuntimeException: Falha ao processar arquivo: estatisticas_di_2025_10-12_trusted.csv
	at com.example.ms_report_async.application.usecase.ProcessImportFileUseCaseImpl.execute(ProcessImportFileUseCaseImpl.java:61)
	at com.example.ms_report_async.infraestructure.async.RabbitImportListener.receive(RabbitImportListener.java:34)
	... 30 common frames omitted
Caused by: software.amazon.awssdk.services.s3.model.NoSuchKeyException: The specified key does not exist. (Service: S3, Status Code: 404, Request ID: HN42C37QDY38SHZ5, Extended Request ID: 8peiv3SbM9QfXn4cirx6UBx/CgHWMh6yY11h3rHvLtktj63sbVbE4duyqMO/11uap1uBsRpan3Y=)
	at software.amazon.awssdk.core.internal.http.CombinedResponseHandler.handleErrorResponse(CombinedResponseHandler.java:125)
	at software.amazon.awssdk.core.internal.http.CombinedResponseHandler.handleResponse(CombinedResponseHandler.java:82)
	at software.amazon.awssdk.core.internal.http.CombinedResponseHandler.handle(CombinedResponseHandler.java:60)
	at software.amazon.awssdk.core.internal.http.CombinedResponseHandler.handle(CombinedResponseHandler.java:41)
	at software.amazon.awssdk.core.internal.http.pipeline.stages.HandleResponseStage.execute(HandleResponseStage.java:50)
	at software.amazon.awssdk.core.internal.http.pipeline.stages.HandleResponseStage.execute(HandleResponseStage.java:38)
	at software.amazon.awssdk.core.internal.http.pipeline.RequestPipelineBuilder$ComposingRequestPipelineStage.execute(RequestPipelineBuilder.java:206)
	at software.amazon.awssdk.core.internal.http.pipeline.stages.ApiCallAttemptTimeoutTrackingStage.execute(ApiCallAttemptTimeoutTrackingStage.java:74)
	at software.amazon.awssdk.core.internal.http.pipeline.stages.ApiCallAttemptTimeoutTrackingStage.execute(ApiCallAttemptTimeoutTrackingStage.java:43)
	at software.amazon.awssdk.core.internal.http.pipeline.stages.TimeoutExceptionHandlingStage.execute(TimeoutExceptionHandlingStage.java:79)
	at software.amazon.awssdk.core.internal.http.pipeline.stages.TimeoutExceptionHandlingStage.execute(TimeoutExceptionHandlingStage.java:41)
	at software.amazon.awssdk.core.internal.http.pipeline.stages.ApiCallAttemptMetricCollectionStage.execute(ApiCallAttemptMetricCollectionStage.java:55)
	at software.amazon.awssdk.core.internal.http.pipeline.stages.ApiCallAttemptMetricCollectionStage.execute(ApiCallAttemptMetricCollectionStage.java:39)
	at software.amazon.awssdk.core.internal.http.pipeline.stages.RetryableStage2.executeRequest(RetryableStage2.java:93)
	at software.amazon.awssdk.core.internal.http.pipeline.stages.RetryableStage2.execute(RetryableStage2.java:56)
	at software.amazon.awssdk.core.internal.http.pipeline.stages.RetryableStage2.execute(RetryableStage2.java:36)
	at software.amazon.awssdk.core.internal.http.pipeline.RequestPipelineBuilder$ComposingRequestPipelineStage.execute(RequestPipelineBuilder.java:206)
	at software.amazon.awssdk.core.internal.http.StreamManagingStage.execute(StreamManagingStage.java:53)
	at software.amazon.awssdk.core.internal.http.StreamManagingStage.execute(StreamManagingStage.java:35)
	at software.amazon.awssdk.core.internal.http.pipeline.stages.ApiCallTimeoutTrackingStage.executeWithTimer(ApiCallTimeoutTrackingStage.java:82)
	at software.amazon.awssdk.core.internal.http.pipeline.stages.ApiCallTimeoutTrackingStage.execute(ApiCallTimeoutTrackingStage.java:62)
	at software.amazon.awssdk.core.internal.http.pipeline.stages.ApiCallTimeoutTrackingStage.execute(ApiCallTimeoutTrackingStage.java:43)
	at software.amazon.awssdk.core.internal.http.pipeline.stages.ApiCallMetricCollectionStage.execute(ApiCallMetricCollectionStage.java:50)
	at software.amazon.awssdk.core.internal.http.pipeline.stages.ApiCallMetricCollectionStage.execute(ApiCallMetricCollectionStage.java:32)
	at software.amazon.awssdk.core.internal.http.pipeline.RequestPipelineBuilder$ComposingRequestPipelineStage.execute(RequestPipelineBuilder.java:206)
	at software.amazon.awssdk.core.internal.http.pipeline.RequestPipelineBuilder$ComposingRequestPipelineStage.execute(RequestPipelineBuilder.java:206)
	at software.amazon.awssdk.core.internal.http.pipeline.stages.ExecutionFailureExceptionReportingStage.execute(ExecutionFailureExceptionReportingStage.java:37)
	at software.amazon.awssdk.core.internal.http.pipeline.stages.ExecutionFailureExceptionReportingStage.execute(ExecutionFailureExceptionReportingStage.java:26)
	at software.amazon.awssdk.core.internal.http.AmazonSyncHttpClient$RequestExecutionBuilderImpl.execute(AmazonSyncHttpClient.java:210)
	at software.amazon.awssdk.core.internal.handler.BaseSyncClientHandler.invoke(BaseSyncClientHandler.java:103)
	at software.amazon.awssdk.core.internal.handler.BaseSyncClientHandler.doExecute(BaseSyncClientHandler.java:173)
	at software.amazon.awssdk.core.internal.handler.BaseSyncClientHandler.lambda$execute$0(BaseSyncClientHandler.java:66)
	at software.amazon.awssdk.core.internal.handler.BaseSyncClientHandler.measureApiCallSuccess(BaseSyncClientHandler.java:182)
	at software.amazon.awssdk.core.internal.handler.BaseSyncClientHandler.execute(BaseSyncClientHandler.java:60)
	at software.amazon.awssdk.core.client.handler.SdkSyncClientHandler.execute(SdkSyncClientHandler.java:52)
	at software.amazon.awssdk.awscore.client.handler.AwsSyncClientHandler.execute(AwsSyncClientHandler.java:60)
	at software.amazon.awssdk.services.s3.DefaultS3Client.getObject(DefaultS3Client.java:5404)
	at software.amazon.awssdk.services.s3.S3Client.getObject(S3Client.java:9482)
	at com.example.ms_report_async.infraestructure.s3.S3Adapter.download(S3Adapter.java:36)
	at com.example.ms_report_async.application.usecase.ProcessImportFileUseCaseImpl.execute(ProcessImportFileUseCaseImpl.java:41)
	... 31 common frames omitted
2026-03-03 20:28:21.319 [org.springframework.amqp.rabbit.RabbitListenerEndpointContainer#0-1] WARN  o.s.a.r.l.ConditionalRejectingErrorHandler [] - Execution of Rabbit message listener failed.
org.springframework.amqp.rabbit.support.ListenerExecutionFailedException: Retry Policy Exhausted
	at org.springframework.amqp.rabbit.retry.RejectAndDontRequeueRecoverer.recover(RejectAndDontRequeueRecoverer.java:77)
	at org.springframework.amqp.rabbit.config.StatelessRetryOperationsInterceptorFactoryBean.recover(StatelessRetryOperationsInterceptorFactoryBean.java:65)
	at org.springframework.amqp.rabbit.config.StatelessRetryOperationsInterceptor.invoke(StatelessRetryOperationsInterceptor.java:61)
	at org.springframework.aop.framework.ReflectiveMethodInvocation.proceed(ReflectiveMethodInvocation.java:179)
	at org.springframework.aop.framework.JdkDynamicAopProxy.invoke(JdkDynamicAopProxy.java:222)
	at org.springframework.amqp.rabbit.listener.$Proxy112.invokeListener(Unknown Source)
	at org.springframework.amqp.rabbit.listener.AbstractMessageListenerContainer.invokeListener(AbstractMessageListenerContainer.java:1599)
	at org.springframework.amqp.rabbit.listener.AbstractMessageListenerContainer.doExecuteListener(AbstractMessageListenerContainer.java:1590)
	at org.springframework.amqp.rabbit.listener.AbstractMessageListenerContainer.executeListenerAndHandleException(AbstractMessageListenerContainer.java:1539)
	at org.springframework.amqp.rabbit.listener.AbstractMessageListenerContainer.executeListener(AbstractMessageListenerContainer.java:1520)
	at org.springframework.amqp.rabbit.listener.SimpleMessageListenerContainer.doReceiveAndExecute(SimpleMessageListenerContainer.java:1116)
	at org.springframework.amqp.rabbit.listener.SimpleMessageListenerContainer.receiveAndExecute(SimpleMessageListenerContainer.java:1061)
	at org.springframework.amqp.rabbit.listener.SimpleMessageListenerContainer$AsyncMessageProcessingConsumer.mainLoop(SimpleMessageListenerContainer.java:1465)
	at org.springframework.amqp.rabbit.listener.SimpleMessageListenerContainer$AsyncMessageProcessingConsumer.run(SimpleMessageListenerContainer.java:1359)
	at java.base/java.lang.Thread.run(Thread.java:1583)
Caused by: org.springframework.amqp.AmqpRejectAndDontRequeueException
	... 15 common frames omitted
Caused by: org.springframework.amqp.rabbit.support.ListenerExecutionFailedException: Listener method 'public void com.example.ms_report_async.infraestructure.async.RabbitImportListener.receive(java.lang.String)' threw exception
	at org.springframework.amqp.rabbit.listener.adapter.MessagingMessageListenerAdapter.invokeHandler(MessagingMessageListenerAdapter.java:296)
	at org.springframework.amqp.rabbit.listener.adapter.MessagingMessageListenerAdapter.invokeHandlerAndProcessResult(MessagingMessageListenerAdapter.java:233)
	at org.springframework.amqp.rabbit.listener.adapter.MessagingMessageListenerAdapter.onMessage(MessagingMessageListenerAdapter.java:157)
	at org.springframework.amqp.rabbit.listener.AbstractMessageListenerContainer.doInvokeListener(AbstractMessageListenerContainer.java:1683)
	at org.springframework.amqp.rabbit.listener.AbstractMessageListenerContainer.actualInvokeListener(AbstractMessageListenerContainer.java:1612)
	at java.base/jdk.internal.reflect.DirectMethodHandleAccessor.invoke(DirectMethodHandleAccessor.java:103)
	at java.base/java.lang.reflect.Method.invoke(Method.java:580)
	at org.springframework.aop.support.AopUtils.invokeJoinpointUsingReflection(AopUtils.java:359)
	at org.springframework.aop.framework.ReflectiveMethodInvocation.invokeJoinpoint(ReflectiveMethodInvocation.java:190)
	at org.springframework.aop.framework.ReflectiveMethodInvocation.proceed(ReflectiveMethodInvocation.java:158)
	at org.springframework.core.retry.RetryTemplate.execute(RetryTemplate.java:174)
	at org.springframework.amqp.rabbit.config.StatelessRetryOperationsInterceptor.invoke(StatelessRetryOperationsInterceptor.java:57)
	... 12 common frames omitted
Caused by: java.lang.RuntimeException: Falha ao ler JSON do RabbitMQ
	at com.example.ms_report_async.infraestructure.async.RabbitImportListener.receive(RabbitImportListener.java:39)
	at java.base/jdk.internal.reflect.DirectMethodHandleAccessor.invoke(DirectMethodHandleAccessor.java:103)
	at java.base/java.lang.reflect.Method.invoke(Method.java:580)
	at org.springframework.messaging.handler.invocation.InvocableHandlerMethod.doInvoke(InvocableHandlerMethod.java:168)
	at org.springframework.amqp.rabbit.listener.adapter.KotlinAwareInvocableHandlerMethod.doInvoke(KotlinAwareInvocableHandlerMethod.java:47)
	at org.springframework.messaging.handler.invocation.InvocableHandlerMethod.invoke(InvocableHandlerMethod.java:119)
	at org.springframework.amqp.rabbit.listener.adapter.HandlerAdapter.invoke(HandlerAdapter.java:83)
	at org.springframework.amqp.rabbit.listener.adapter.MessagingMessageListenerAdapter.invokeHandler(MessagingMessageListenerAdapter.java:287)
	... 23 common frames omitted
Caused by: java.lang.RuntimeException: Falha ao processar arquivo: estatisticas_di_2025_10-12_trusted.csv
	at com.example.ms_report_async.application.usecase.ProcessImportFileUseCaseImpl.execute(ProcessImportFileUseCaseImpl.java:61)
	at com.example.ms_report_async.infraestructure.async.RabbitImportListener.receive(RabbitImportListener.java:34)
	... 30 common frames omitted
Caused by: software.amazon.awssdk.services.s3.model.NoSuchKeyException: The specified key does not exist. (Service: S3, Status Code: 404, Request ID: HN42C37QDY38SHZ5, Extended Request ID: 8peiv3SbM9QfXn4cirx6UBx/CgHWMh6yY11h3rHvLtktj63sbVbE4duyqMO/11uap1uBsRpan3Y=)
	at software.amazon.awssdk.core.internal.http.CombinedResponseHandler.handleErrorResponse(CombinedResponseHandler.java:125)
	at software.amazon.awssdk.core.internal.http.CombinedResponseHandler.handleResponse(CombinedResponseHandler.java:82)
	at software.amazon.awssdk.core.internal.http.CombinedResponseHandler.handle(CombinedResponseHandler.java:60)
	at software.amazon.awssdk.core.internal.http.CombinedResponseHandler.handle(CombinedResponseHandler.java:41)
	at software.amazon.awssdk.core.internal.http.pipeline.stages.HandleResponseStage.execute(HandleResponseStage.java:50)
	at software.amazon.awssdk.core.internal.http.pipeline.stages.HandleResponseStage.execute(HandleResponseStage.java:38)
	at software.amazon.awssdk.core.internal.http.pipeline.RequestPipelineBuilder$ComposingRequestPipelineStage.execute(RequestPipelineBuilder.java:206)
	at software.amazon.awssdk.core.internal.http.pipeline.stages.ApiCallAttemptTimeoutTrackingStage.execute(ApiCallAttemptTimeoutTrackingStage.java:74)
	at software.amazon.awssdk.core.internal.http.pipeline.stages.ApiCallAttemptTimeoutTrackingStage.execute(ApiCallAttemptTimeoutTrackingStage.java:43)
	at software.amazon.awssdk.core.internal.http.pipeline.stages.TimeoutExceptionHandlingStage.execute(TimeoutExceptionHandlingStage.java:79)
	at software.amazon.awssdk.core.internal.http.pipeline.stages.TimeoutExceptionHandlingStage.execute(TimeoutExceptionHandlingStage.java:41)
	at software.amazon.awssdk.core.internal.http.pipeline.stages.ApiCallAttemptMetricCollectionStage.execute(ApiCallAttemptMetricCollectionStage.java:55)
	at software.amazon.awssdk.core.internal.http.pipeline.stages.ApiCallAttemptMetricCollectionStage.execute(ApiCallAttemptMetricCollectionStage.java:39)
	at software.amazon.awssdk.core.internal.http.pipeline.stages.RetryableStage2.executeRequest(RetryableStage2.java:93)
	at software.amazon.awssdk.core.internal.http.pipeline.stages.RetryableStage2.execute(RetryableStage2.java:56)
	at software.amazon.awssdk.core.internal.http.pipeline.stages.RetryableStage2.execute(RetryableStage2.java:36)
	at software.amazon.awssdk.core.internal.http.pipeline.RequestPipelineBuilder$ComposingRequestPipelineStage.execute(RequestPipelineBuilder.java:206)
	at software.amazon.awssdk.core.internal.http.StreamManagingStage.execute(StreamManagingStage.java:53)
	at software.amazon.awssdk.core.internal.http.StreamManagingStage.execute(StreamManagingStage.java:35)
	at software.amazon.awssdk.core.internal.http.pipeline.stages.ApiCallTimeoutTrackingStage.executeWithTimer(ApiCallTimeoutTrackingStage.java:82)
	at software.amazon.awssdk.core.internal.http.pipeline.stages.ApiCallTimeoutTrackingStage.execute(ApiCallTimeoutTrackingStage.java:62)
	at software.amazon.awssdk.core.internal.http.pipeline.stages.ApiCallTimeoutTrackingStage.execute(ApiCallTimeoutTrackingStage.java:43)
	at software.amazon.awssdk.core.internal.http.pipeline.stages.ApiCallMetricCollectionStage.execute(ApiCallMetricCollectionStage.java:50)
	at software.amazon.awssdk.core.internal.http.pipeline.stages.ApiCallMetricCollectionStage.execute(ApiCallMetricCollectionStage.java:32)
	at software.amazon.awssdk.core.internal.http.pipeline.RequestPipelineBuilder$ComposingRequestPipelineStage.execute(RequestPipelineBuilder.java:206)
	at software.amazon.awssdk.core.internal.http.pipeline.RequestPipelineBuilder$ComposingRequestPipelineStage.execute(RequestPipelineBuilder.java:206)
	at software.amazon.awssdk.core.internal.http.pipeline.stages.ExecutionFailureExceptionReportingStage.execute(ExecutionFailureExceptionReportingStage.java:37)
	at software.amazon.awssdk.core.internal.http.pipeline.stages.ExecutionFailureExceptionReportingStage.execute(ExecutionFailureExceptionReportingStage.java:26)
	at software.amazon.awssdk.core.internal.http.AmazonSyncHttpClient$RequestExecutionBuilderImpl.execute(AmazonSyncHttpClient.java:210)
	at software.amazon.awssdk.core.internal.handler.BaseSyncClientHandler.invoke(BaseSyncClientHandler.java:103)
	at software.amazon.awssdk.core.internal.handler.BaseSyncClientHandler.doExecute(BaseSyncClientHandler.java:173)
	at software.amazon.awssdk.core.internal.handler.BaseSyncClientHandler.lambda$execute$0(BaseSyncClientHandler.java:66)
	at software.amazon.awssdk.core.internal.handler.BaseSyncClientHandler.measureApiCallSuccess(BaseSyncClientHandler.java:182)
	at software.amazon.awssdk.core.internal.handler.BaseSyncClientHandler.execute(BaseSyncClientHandler.java:60)
	at software.amazon.awssdk.core.client.handler.SdkSyncClientHandler.execute(SdkSyncClientHandler.java:52)
	at software.amazon.awssdk.awscore.client.handler.AwsSyncClientHandler.execute(AwsSyncClientHandler.java:60)
	at software.amazon.awssdk.services.s3.DefaultS3Client.getObject(DefaultS3Client.java:5404)
	at software.amazon.awssdk.services.s3.S3Client.getObject(S3Client.java:9482)
	at com.example.ms_report_async.infraestructure.s3.S3Adapter.download(S3Adapter.java:36)
	at com.example.ms_report_async.application.usecase.ProcessImportFileUseCaseImpl.execute(ProcessImportFileUseCaseImpl.java:41)
	... 31 common frames omitted
2026-03-03 20:28:21.331 [org.springframework.amqp.rabbit.RabbitListenerEndpointContainer#0-1] DEBUG o.s.a.r.l.BlockingQueueConsumer [] - Rejecting messages (requeue=false)
2026-03-03 20:28:59.396 [SpringApplicationShutdownHook] DEBUG o.s.a.r.l.SimpleMessageListenerContainer [] - Shutting down Rabbit listener container
2026-03-03 20:28:59.396 [pool-3-thread-5] DEBUG o.s.a.r.l.BlockingQueueConsumer [] - Received cancelOk for tag amq.ctag-uV_ZatywkaRjASqBiOgKMA (import_csv_queue3); Consumer@1fd43c34: tags=[[amq.ctag-uV_ZatywkaRjASqBiOgKMA]], channel=Cached Rabbit Channel: AMQChannel(amqp://guest@127.0.0.1:5672/,1), conn: Proxy@308e38a1 Shared Rabbit Connection: SimpleConnection@1f566515 [delegate=amqp://guest@127.0.0.1:5672/, localPort=64440], acknowledgeMode=AUTO local queue size=0
2026-03-03 20:28:59.396 [org.springframework.amqp.rabbit.RabbitListenerEndpointContainer#0-2] INFO  o.s.a.r.l.SimpleMessageListenerContainer [] - Waiting for workers to finish.
2026-03-03 20:28:59.651 [org.springframework.amqp.rabbit.RabbitListenerEndpointContainer#0-2] INFO  o.s.a.r.l.SimpleMessageListenerContainer [] - Successfully waited for workers to finish.
2026-03-03 20:28:59.651 [org.springframework.amqp.rabbit.RabbitListenerEndpointContainer#0-1] DEBUG o.s.a.r.l.SimpleMessageListenerContainer [] - Cancelling Consumer@1fd43c34: tags=[[amq.ctag-uV_ZatywkaRjASqBiOgKMA]], channel=Cached Rabbit Channel: AMQChannel(amqp://guest@127.0.0.1:5672/,1), conn: Proxy@308e38a1 Shared Rabbit Connection: SimpleConnection@1f566515 [delegate=amqp://guest@127.0.0.1:5672/, localPort=64440], acknowledgeMode=AUTO local queue size=0
2026-03-03 20:28:59.651 [org.springframework.amqp.rabbit.RabbitListenerEndpointContainer#0-1] DEBUG o.s.a.r.l.BlockingQueueConsumer [] - Closing Rabbit Channel: Cached Rabbit Channel: AMQChannel(amqp://guest@127.0.0.1:5672/,1), conn: Proxy@308e38a1 Shared Rabbit Connection: SimpleConnection@1f566515 [delegate=amqp://guest@127.0.0.1:5672/, localPort=64440]
2026-03-03 20:28:59.651 [org.springframework.amqp.rabbit.RabbitListenerEndpointContainer#0-1] DEBUG o.s.a.r.c.CachingConnectionFactory [] - Closing cached Channel: AMQChannel(amqp://guest@127.0.0.1:5672/,1)
2026-03-03 20:28:59.653 [SpringApplicationShutdownHook] INFO  o.s.boot.tomcat.GracefulShutdown [] - Commencing graceful shutdown. Waiting for active requests to complete
2026-03-03 20:28:59.663 [tomcat-shutdown] INFO  o.s.boot.tomcat.GracefulShutdown [] - Graceful shutdown complete
2026-03-03 20:28:59.682 [SpringApplicationShutdownHook] DEBUG o.s.a.r.c.CachingConnectionFactory [] - Closing cached Channel: AMQChannel(amqp://guest@127.0.0.1:5672/,2)
2026-03-03 20:28:59.690 [SpringApplicationShutdownHook] DEBUG o.s.a.r.l.SimpleMessageListenerContainer [] - Shutdown ignored - container is not active already
2026-03-03 20:30:05.434 [background-preinit] INFO  o.h.validator.internal.util.Version [] - HV000001: Hibernate Validator 9.0.1.Final
2026-03-03 20:30:05.515 [restartedMain] INFO  c.e.m.MsReportAsyncApplication [] - Starting MsReportAsyncApplication using Java 21.0.8 with PID 16988 (C:\Users\guilh\OneDrive\Desktop\sptech\PI\ms async\ms-report-async\target\classes started by guilh in C:\Users\guilh\OneDrive\Desktop\sptech\PI\ms async\ms-report-async)
2026-03-03 20:30:05.515 [restartedMain] DEBUG c.e.m.MsReportAsyncApplication [] - Running with Spring Boot v4.0.3, Spring v7.0.5
2026-03-03 20:30:05.515 [restartedMain] INFO  c.e.m.MsReportAsyncApplication [] - No active profile set, falling back to 1 default profile: "default"
2026-03-03 20:30:05.605 [restartedMain] INFO  o.s.b.d.e.DevToolsPropertyDefaultsPostProcessor [] - Devtools property defaults active! Set 'spring.devtools.add-properties' to 'false' to disable
2026-03-03 20:30:05.605 [restartedMain] INFO  o.s.b.d.e.DevToolsPropertyDefaultsPostProcessor [] - For additional web related logging consider setting the 'logging.level.web' property to 'DEBUG'
2026-03-03 20:30:08.275 [restartedMain] INFO  o.s.boot.tomcat.TomcatWebServer [] - Tomcat initialized with port 8080 (http)
2026-03-03 20:30:08.316 [restartedMain] INFO  o.a.coyote.http11.Http11NioProtocol [] - Initializing ProtocolHandler ["http-nio-8080"]
2026-03-03 20:30:08.325 [restartedMain] INFO  o.a.catalina.core.StandardService [] - Starting service [Tomcat]
2026-03-03 20:30:08.325 [restartedMain] INFO  o.a.catalina.core.StandardEngine [] - Starting Servlet engine: [Apache Tomcat/11.0.18]
2026-03-03 20:30:08.434 [restartedMain] INFO  o.s.b.w.c.s.WebApplicationContextInitializer [] - Root WebApplicationContext: initialization completed in 2829 ms
2026-03-03 20:30:08.895 [restartedMain] WARN  s.a.a.p.internal.ProfileFileReader [] - Ignoring profile '[default]' on line 3, because '[profile default]' was already seen in the same file.
2026-03-03 20:30:11.102 [restartedMain] INFO  o.s.b.a.e.web.EndpointLinksResolver [] - Exposing 1 endpoint beneath base path '/actuator'
2026-03-03 20:30:11.166 [restartedMain] DEBUG o.s.a.r.l.a.MessagingMessageListenerAdapter [] - Inferred argument type for public void com.example.ms_report_async.infraestructure.async.RabbitImportListener.receive(java.lang.String) is class java.lang.String
2026-03-03 20:30:11.182 [restartedMain] DEBUG o.s.a.r.l.SimpleMessageListenerContainer [] - No global properties bean
2026-03-03 20:30:11.230 [restartedMain] INFO  o.a.coyote.http11.Http11NioProtocol [] - Starting ProtocolHandler ["http-nio-8080"]
2026-03-03 20:30:11.261 [restartedMain] INFO  o.s.boot.tomcat.TomcatWebServer [] - Tomcat started on port 8080 (http) with context path '/'
2026-03-03 20:30:11.277 [restartedMain] DEBUG o.s.a.r.l.SimpleMessageListenerContainer [] - Starting Rabbit listener container.
2026-03-03 20:30:11.277 [restartedMain] INFO  o.s.a.r.c.CachingConnectionFactory [] - Attempting to connect to: [localhost:5672]
2026-03-03 20:30:11.357 [restartedMain] INFO  o.s.a.r.c.CachingConnectionFactory [] - Created new connection: rabbitConnectionFactory#c0db5ec:0/SimpleConnection@a510cdc [delegate=amqp://guest@127.0.0.1:5672/, localPort=64890]
2026-03-03 20:30:11.373 [restartedMain] DEBUG o.s.amqp.rabbit.core.RabbitAdmin [] - Initializing declarations
2026-03-03 20:30:11.391 [restartedMain] DEBUG o.s.a.r.c.CachingConnectionFactory [] - Creating cached Rabbit Channel from AMQChannel(amqp://guest@127.0.0.1:5672/,1)
2026-03-03 20:30:11.404 [restartedMain] DEBUG o.s.amqp.rabbit.core.RabbitTemplate [] - Executing callback  on RabbitMQ Channel: Cached Rabbit Channel: AMQChannel(amqp://guest@127.0.0.1:5672/,1), conn: Proxy@326ba62c Shared Rabbit Connection: SimpleConnection@a510cdc [delegate=amqp://guest@127.0.0.1:5672/, localPort=64890]
2026-03-03 20:30:11.404 [restartedMain] DEBUG o.s.amqp.rabbit.core.RabbitAdmin [] - declaring Exchange 'import_exchange3'
2026-03-03 20:30:11.404 [restartedMain] DEBUG o.s.amqp.rabbit.core.RabbitAdmin [] - declaring Queue 'import_csv_queue3'
2026-03-03 20:30:11.404 [restartedMain] DEBUG o.s.amqp.rabbit.core.RabbitAdmin [] - Binding destination [import_csv_queue3 (QUEUE)] to exchange [import_exchange3] with routing key [import.csv3]
2026-03-03 20:30:11.420 [restartedMain] DEBUG o.s.amqp.rabbit.core.RabbitAdmin [] - Declarations finished
2026-03-03 20:30:11.420 [org.springframework.amqp.rabbit.RabbitListenerEndpointContainer#0-1] DEBUG o.s.amqp.rabbit.core.RabbitTemplate [] - Executing callback  on RabbitMQ Channel: Cached Rabbit Channel: AMQChannel(amqp://guest@127.0.0.1:5672/,1), conn: Proxy@326ba62c Shared Rabbit Connection: SimpleConnection@a510cdc [delegate=amqp://guest@127.0.0.1:5672/, localPort=64890]
2026-03-03 20:30:11.436 [org.springframework.amqp.rabbit.RabbitListenerEndpointContainer#0-1] DEBUG o.s.a.r.l.BlockingQueueConsumer [] - Starting consumer Consumer@225059d6: tags=[[]], channel=null, acknowledgeMode=AUTO local queue size=0
2026-03-03 20:30:11.452 [org.springframework.amqp.rabbit.RabbitListenerEndpointContainer#0-1] DEBUG o.s.a.r.l.BlockingQueueConsumer [] - Started on queue 'import_csv_queue3' with tag amq.ctag-Fz47sQk9SXOJwIcoLvHxkA: Consumer@225059d6: tags=[[]], channel=Cached Rabbit Channel: AMQChannel(amqp://guest@127.0.0.1:5672/,1), conn: Proxy@326ba62c Shared Rabbit Connection: SimpleConnection@a510cdc [delegate=amqp://guest@127.0.0.1:5672/, localPort=64890], acknowledgeMode=AUTO local queue size=0
2026-03-03 20:30:11.452 [pool-3-thread-3] DEBUG o.s.a.r.l.BlockingQueueConsumer [] - ConsumeOK: Consumer@225059d6: tags=[[amq.ctag-Fz47sQk9SXOJwIcoLvHxkA]], channel=Cached Rabbit Channel: AMQChannel(amqp://guest@127.0.0.1:5672/,1), conn: Proxy@326ba62c Shared Rabbit Connection: SimpleConnection@a510cdc [delegate=amqp://guest@127.0.0.1:5672/, localPort=64890], acknowledgeMode=AUTO local queue size=0
2026-03-03 20:30:11.468 [restartedMain] INFO  c.e.m.MsReportAsyncApplication [] - Started MsReportAsyncApplication in 7.159 seconds (process running for 8.162)
2026-03-03 20:30:20.718 [http-nio-8080-exec-2] INFO  o.a.c.c.C.[Tomcat].[localhost].[/] [] - Initializing Spring DispatcherServlet 'dispatcherServlet'
2026-03-03 20:30:20.718 [http-nio-8080-exec-2] INFO  o.s.web.servlet.DispatcherServlet [] - Initializing Servlet 'dispatcherServlet'
2026-03-03 20:30:20.721 [http-nio-8080-exec-2] INFO  o.s.web.servlet.DispatcherServlet [] - Completed initialization in 2 ms
2026-03-03 20:30:20.802 [http-nio-8080-exec-2] INFO  c.e.m.i.r.impl.ImportControllerImpl [] - Recebendo requisição de importação. FileKey: estatisticas_di_2025_10-12_trusted.csv
2026-03-03 20:30:20.803 [http-nio-8080-exec-2] DEBUG c.e.m.i.async.RabbitImportProducer [] - Gerando novo JobId: bb77f533-d26e-4816-a852-06265c971530 para FileKey: estatisticas_di_2025_10-12_trusted.csv
2026-03-03 20:30:20.807 [http-nio-8080-exec-2] DEBUG o.s.a.r.c.CachingConnectionFactory [] - Creating cached Rabbit Channel from AMQChannel(amqp://guest@127.0.0.1:5672/,2)
2026-03-03 20:30:20.808 [http-nio-8080-exec-2] DEBUG o.s.amqp.rabbit.core.RabbitTemplate [] - Executing callback  on RabbitMQ Channel: Cached Rabbit Channel: AMQChannel(amqp://guest@127.0.0.1:5672/,2), conn: Proxy@326ba62c Shared Rabbit Connection: SimpleConnection@a510cdc [delegate=amqp://guest@127.0.0.1:5672/, localPort=64890]
2026-03-03 20:30:20.828 [http-nio-8080-exec-2] DEBUG o.s.amqp.rabbit.core.RabbitTemplate [] - Publishing message [(Body:'[B@52d136eb(byte[100])' MessageProperties [headers={}, contentType=text/plain, contentEncoding=UTF-8, contentLength=100, deliveryMode=PERSISTENT, priority=0, deliveryTag=0])] on exchange [import_exchange3], routingKey = [import.csv3]
2026-03-03 20:30:20.837 [http-nio-8080-exec-2] INFO  c.e.m.i.async.RabbitImportProducer [] - Mensagem publicada no RabbitMQ com sucesso. Exchange: import_exchange3, RoutingKey: import.csv3, JobId: bb77f533-d26e-4816-a852-06265c971530
2026-03-03 20:30:20.837 [http-nio-8080-exec-2] INFO  c.e.m.i.r.impl.ImportControllerImpl [] - Importação enfileirada com sucesso. JobId: bb77f533-d26e-4816-a852-06265c971530, FileKey: estatisticas_di_2025_10-12_trusted.csv
2026-03-03 20:30:20.843 [pool-3-thread-4] DEBUG o.s.a.r.l.BlockingQueueConsumer [] - Storing delivery for consumerTag: 'amq.ctag-Fz47sQk9SXOJwIcoLvHxkA' with deliveryTag: '1' in Consumer@225059d6: tags=[[amq.ctag-Fz47sQk9SXOJwIcoLvHxkA]], channel=Cached Rabbit Channel: AMQChannel(amqp://guest@127.0.0.1:5672/,1), conn: Proxy@326ba62c Shared Rabbit Connection: SimpleConnection@a510cdc [delegate=amqp://guest@127.0.0.1:5672/, localPort=64890], acknowledgeMode=AUTO local queue size=0
2026-03-03 20:30:20.845 [org.springframework.amqp.rabbit.RabbitListenerEndpointContainer#0-1] DEBUG o.s.a.r.l.BlockingQueueConsumer [] - Received message: (Body:'[B@2d76e512(byte[100])' MessageProperties [headers={}, contentType=text/plain, contentEncoding=UTF-8, contentLength=0, receivedDeliveryMode=PERSISTENT, priority=0, redelivered=false, receivedExchange=import_exchange3, receivedRoutingKey=import.csv3, deliveryTag=1, consumerTag=amq.ctag-Fz47sQk9SXOJwIcoLvHxkA, consumerQueue=import_csv_queue3])
2026-03-03 20:30:20.865 [org.springframework.amqp.rabbit.RabbitListenerEndpointContainer#0-1] DEBUG o.s.a.r.l.a.MessagingMessageListenerAdapter [] - Processing [GenericMessage [payload={"jobId":"bb77f533-d26e-4816-a852-06265c971530", "fileKey":"estatisticas_di_2025_10-12_trusted.csv"}, headers={amqp_receivedDeliveryMode=PERSISTENT, amqp_receivedExchange=import_exchange3, amqp_deliveryTag=1, amqp_consumerQueue=import_csv_queue3, amqp_redelivered=false, amqp_receivedRoutingKey=import.csv3, amqp_contentEncoding=UTF-8, amqp_retryCount=0, id=e9696bc3-9fb6-d97b-d024-ef29fdb8f2dd, amqp_consumerTag=amq.ctag-Fz47sQk9SXOJwIcoLvHxkA, amqp_lastInBatch=false, contentType=text/plain, timestamp=1772580620863}]]
2026-03-03 20:30:20.867 [org.springframework.amqp.rabbit.RabbitListenerEndpointContainer#0-1] INFO  c.e.m.i.async.RabbitImportListener [] - Mensagem recebida do RabbitMQ: {"jobId":"bb77f533-d26e-4816-a852-06265c971530", "fileKey":"estatisticas_di_2025_10-12_trusted.csv"}
2026-03-03 20:30:20.939 [org.springframework.amqp.rabbit.RabbitListenerEndpointContainer#0-1] DEBUG c.e.m.i.async.RabbitImportListener [] - Iniciando processamento. JobId: "bb77f533-d26e-4816-a852-06265c971530", FileKey: estatisticas_di_2025_10-12_trusted.csv
2026-03-03 20:30:20.939 [org.springframework.amqp.rabbit.RabbitListenerEndpointContainer#0-1] INFO  c.e.m.a.u.ProcessImportFileUseCaseImpl [] - Iniciando processamento do arquivo. JobId: "bb77f533-d26e-4816-a852-06265c971530", FileKey: estatisticas_di_2025_10-12_trusted.csv, Bucket: brinks-bucket-1
2026-03-03 20:30:20.939 [org.springframework.amqp.rabbit.RabbitListenerEndpointContainer#0-1] INFO  c.e.m.infraestructure.s3.S3Adapter [] - Iniciando download do S3. Bucket: brinks-bucket-1, Key: estatisticas_di_2025_10-12_trusted.csv
2026-03-03 20:30:22.542 [org.springframework.amqp.rabbit.RabbitListenerEndpointContainer#0-1] ERROR c.e.m.infraestructure.s3.S3Adapter [] - Erro ao fazer download do S3. Bucket: brinks-bucket-1, Key: estatisticas_di_2025_10-12_trusted.csv
software.amazon.awssdk.services.s3.model.NoSuchKeyException: The specified key does not exist. (Service: S3, Status Code: 404, Request ID: VM9QVW3PW6QF017G, Extended Request ID: 6tWvaIgxdRkwzKE0sOT07xtx98B+cx+h54C3/obvNASt5NmaXsVHYZ1d5nh0Iypm8vuDQ2R9PXI=)
	at software.amazon.awssdk.core.internal.http.CombinedResponseHandler.handleErrorResponse(CombinedResponseHandler.java:125)
	at software.amazon.awssdk.core.internal.http.CombinedResponseHandler.handleResponse(CombinedResponseHandler.java:82)
	at software.amazon.awssdk.core.internal.http.CombinedResponseHandler.handle(CombinedResponseHandler.java:60)
	at software.amazon.awssdk.core.internal.http.CombinedResponseHandler.handle(CombinedResponseHandler.java:41)
	at software.amazon.awssdk.core.internal.http.pipeline.stages.HandleResponseStage.execute(HandleResponseStage.java:50)
	at software.amazon.awssdk.core.internal.http.pipeline.stages.HandleResponseStage.execute(HandleResponseStage.java:38)
	at software.amazon.awssdk.core.internal.http.pipeline.RequestPipelineBuilder$ComposingRequestPipelineStage.execute(RequestPipelineBuilder.java:206)
	at software.amazon.awssdk.core.internal.http.pipeline.stages.ApiCallAttemptTimeoutTrackingStage.execute(ApiCallAttemptTimeoutTrackingStage.java:74)
	at software.amazon.awssdk.core.internal.http.pipeline.stages.ApiCallAttemptTimeoutTrackingStage.execute(ApiCallAttemptTimeoutTrackingStage.java:43)
	at software.amazon.awssdk.core.internal.http.pipeline.stages.TimeoutExceptionHandlingStage.execute(TimeoutExceptionHandlingStage.java:79)
	at software.amazon.awssdk.core.internal.http.pipeline.stages.TimeoutExceptionHandlingStage.execute(TimeoutExceptionHandlingStage.java:41)
	at software.amazon.awssdk.core.internal.http.pipeline.stages.ApiCallAttemptMetricCollectionStage.execute(ApiCallAttemptMetricCollectionStage.java:55)
	at software.amazon.awssdk.core.internal.http.pipeline.stages.ApiCallAttemptMetricCollectionStage.execute(ApiCallAttemptMetricCollectionStage.java:39)
	at software.amazon.awssdk.core.internal.http.pipeline.stages.RetryableStage2.executeRequest(RetryableStage2.java:93)
	at software.amazon.awssdk.core.internal.http.pipeline.stages.RetryableStage2.execute(RetryableStage2.java:56)
	at software.amazon.awssdk.core.internal.http.pipeline.stages.RetryableStage2.execute(RetryableStage2.java:36)
	at software.amazon.awssdk.core.internal.http.pipeline.RequestPipelineBuilder$ComposingRequestPipelineStage.execute(RequestPipelineBuilder.java:206)
	at software.amazon.awssdk.core.internal.http.StreamManagingStage.execute(StreamManagingStage.java:53)
	at software.amazon.awssdk.core.internal.http.StreamManagingStage.execute(StreamManagingStage.java:35)
	at software.amazon.awssdk.core.internal.http.pipeline.stages.ApiCallTimeoutTrackingStage.executeWithTimer(ApiCallTimeoutTrackingStage.java:82)
	at software.amazon.awssdk.core.internal.http.pipeline.stages.ApiCallTimeoutTrackingStage.execute(ApiCallTimeoutTrackingStage.java:62)
	at software.amazon.awssdk.core.internal.http.pipeline.stages.ApiCallTimeoutTrackingStage.execute(ApiCallTimeoutTrackingStage.java:43)
	at software.amazon.awssdk.core.internal.http.pipeline.stages.ApiCallMetricCollectionStage.execute(ApiCallMetricCollectionStage.java:50)
	at software.amazon.awssdk.core.internal.http.pipeline.stages.ApiCallMetricCollectionStage.execute(ApiCallMetricCollectionStage.java:32)
	at software.amazon.awssdk.core.internal.http.pipeline.RequestPipelineBuilder$ComposingRequestPipelineStage.execute(RequestPipelineBuilder.java:206)
	at software.amazon.awssdk.core.internal.http.pipeline.RequestPipelineBuilder$ComposingRequestPipelineStage.execute(RequestPipelineBuilder.java:206)
	at software.amazon.awssdk.core.internal.http.pipeline.stages.ExecutionFailureExceptionReportingStage.execute(ExecutionFailureExceptionReportingStage.java:37)
	at software.amazon.awssdk.core.internal.http.pipeline.stages.ExecutionFailureExceptionReportingStage.execute(ExecutionFailureExceptionReportingStage.java:26)
	at software.amazon.awssdk.core.internal.http.AmazonSyncHttpClient$RequestExecutionBuilderImpl.execute(AmazonSyncHttpClient.java:210)
	at software.amazon.awssdk.core.internal.handler.BaseSyncClientHandler.invoke(BaseSyncClientHandler.java:103)
	at software.amazon.awssdk.core.internal.handler.BaseSyncClientHandler.doExecute(BaseSyncClientHandler.java:173)
	at software.amazon.awssdk.core.internal.handler.BaseSyncClientHandler.lambda$execute$0(BaseSyncClientHandler.java:66)
	at software.amazon.awssdk.core.internal.handler.BaseSyncClientHandler.measureApiCallSuccess(BaseSyncClientHandler.java:182)
	at software.amazon.awssdk.core.internal.handler.BaseSyncClientHandler.execute(BaseSyncClientHandler.java:60)
	at software.amazon.awssdk.core.client.handler.SdkSyncClientHandler.execute(SdkSyncClientHandler.java:52)
	at software.amazon.awssdk.awscore.client.handler.AwsSyncClientHandler.execute(AwsSyncClientHandler.java:60)
	at software.amazon.awssdk.services.s3.DefaultS3Client.getObject(DefaultS3Client.java:5404)
	at software.amazon.awssdk.services.s3.S3Client.getObject(S3Client.java:9482)
	at com.example.ms_report_async.infraestructure.s3.S3Adapter.download(S3Adapter.java:36)
	at com.example.ms_report_async.application.usecase.ProcessImportFileUseCaseImpl.execute(ProcessImportFileUseCaseImpl.java:41)
	at com.example.ms_report_async.infraestructure.async.RabbitImportListener.receive(RabbitImportListener.java:34)
	at java.base/jdk.internal.reflect.DirectMethodHandleAccessor.invoke(DirectMethodHandleAccessor.java:103)
	at java.base/java.lang.reflect.Method.invoke(Method.java:580)
	at org.springframework.messaging.handler.invocation.InvocableHandlerMethod.doInvoke(InvocableHandlerMethod.java:168)
	at org.springframework.amqp.rabbit.listener.adapter.KotlinAwareInvocableHandlerMethod.doInvoke(KotlinAwareInvocableHandlerMethod.java:47)
	at org.springframework.messaging.handler.invocation.InvocableHandlerMethod.invoke(InvocableHandlerMethod.java:119)
	at org.springframework.amqp.rabbit.listener.adapter.HandlerAdapter.invoke(HandlerAdapter.java:83)
	at org.springframework.amqp.rabbit.listener.adapter.MessagingMessageListenerAdapter.invokeHandler(MessagingMessageListenerAdapter.java:287)
	at org.springframework.amqp.rabbit.listener.adapter.MessagingMessageListenerAdapter.invokeHandlerAndProcessResult(MessagingMessageListenerAdapter.java:233)
	at org.springframework.amqp.rabbit.listener.adapter.MessagingMessageListenerAdapter.onMessage(MessagingMessageListenerAdapter.java:157)
	at org.springframework.amqp.rabbit.listener.AbstractMessageListenerContainer.doInvokeListener(AbstractMessageListenerContainer.java:1683)
	at org.springframework.amqp.rabbit.listener.AbstractMessageListenerContainer.actualInvokeListener(AbstractMessageListenerContainer.java:1612)
	at java.base/jdk.internal.reflect.DirectMethodHandleAccessor.invoke(DirectMethodHandleAccessor.java:103)
	at java.base/java.lang.reflect.Method.invoke(Method.java:580)
	at org.springframework.aop.support.AopUtils.invokeJoinpointUsingReflection(AopUtils.java:359)
	at org.springframework.aop.framework.ReflectiveMethodInvocation.invokeJoinpoint(ReflectiveMethodInvocation.java:190)
	at org.springframework.aop.framework.ReflectiveMethodInvocation.proceed(ReflectiveMethodInvocation.java:158)
	at org.springframework.core.retry.RetryTemplate.execute(RetryTemplate.java:135)
	at org.springframework.amqp.rabbit.config.StatelessRetryOperationsInterceptor.invoke(StatelessRetryOperationsInterceptor.java:57)
	at org.springframework.aop.framework.ReflectiveMethodInvocation.proceed(ReflectiveMethodInvocation.java:179)
	at org.springframework.aop.framework.JdkDynamicAopProxy.invoke(JdkDynamicAopProxy.java:222)
	at org.springframework.amqp.rabbit.listener.$Proxy111.invokeListener(Unknown Source)
	at org.springframework.amqp.rabbit.listener.AbstractMessageListenerContainer.invokeListener(AbstractMessageListenerContainer.java:1599)
	at org.springframework.amqp.rabbit.listener.AbstractMessageListenerContainer.doExecuteListener(AbstractMessageListenerContainer.java:1590)
	at org.springframework.amqp.rabbit.listener.AbstractMessageListenerContainer.executeListenerAndHandleException(AbstractMessageListenerContainer.java:1539)
	at org.springframework.amqp.rabbit.listener.AbstractMessageListenerContainer.executeListener(AbstractMessageListenerContainer.java:1520)
	at org.springframework.amqp.rabbit.listener.SimpleMessageListenerContainer.doReceiveAndExecute(SimpleMessageListenerContainer.java:1116)
	at org.springframework.amqp.rabbit.listener.SimpleMessageListenerContainer.receiveAndExecute(SimpleMessageListenerContainer.java:1061)
	at org.springframework.amqp.rabbit.listener.SimpleMessageListenerContainer$AsyncMessageProcessingConsumer.mainLoop(SimpleMessageListenerContainer.java:1465)
	at org.springframework.amqp.rabbit.listener.SimpleMessageListenerContainer$AsyncMessageProcessingConsumer.run(SimpleMessageListenerContainer.java:1359)
	at java.base/java.lang.Thread.run(Thread.java:1583)
2026-03-03 20:30:22.546 [org.springframework.amqp.rabbit.RabbitListenerEndpointContainer#0-1] ERROR c.e.m.a.u.ProcessImportFileUseCaseImpl [] - Erro ao processar arquivo. JobId: "bb77f533-d26e-4816-a852-06265c971530", FileKey: estatisticas_di_2025_10-12_trusted.csv, DuracaoMs: 1607
software.amazon.awssdk.services.s3.model.NoSuchKeyException: The specified key does not exist. (Service: S3, Status Code: 404, Request ID: VM9QVW3PW6QF017G, Extended Request ID: 6tWvaIgxdRkwzKE0sOT07xtx98B+cx+h54C3/obvNASt5NmaXsVHYZ1d5nh0Iypm8vuDQ2R9PXI=)
	at software.amazon.awssdk.core.internal.http.CombinedResponseHandler.handleErrorResponse(CombinedResponseHandler.java:125)
	at software.amazon.awssdk.core.internal.http.CombinedResponseHandler.handleResponse(CombinedResponseHandler.java:82)
	at software.amazon.awssdk.core.internal.http.CombinedResponseHandler.handle(CombinedResponseHandler.java:60)
	at software.amazon.awssdk.core.internal.http.CombinedResponseHandler.handle(CombinedResponseHandler.java:41)
	at software.amazon.awssdk.core.internal.http.pipeline.stages.HandleResponseStage.execute(HandleResponseStage.java:50)
	at software.amazon.awssdk.core.internal.http.pipeline.stages.HandleResponseStage.execute(HandleResponseStage.java:38)
	at software.amazon.awssdk.core.internal.http.pipeline.RequestPipelineBuilder$ComposingRequestPipelineStage.execute(RequestPipelineBuilder.java:206)
	at software.amazon.awssdk.core.internal.http.pipeline.stages.ApiCallAttemptTimeoutTrackingStage.execute(ApiCallAttemptTimeoutTrackingStage.java:74)
	at software.amazon.awssdk.core.internal.http.pipeline.stages.ApiCallAttemptTimeoutTrackingStage.execute(ApiCallAttemptTimeoutTrackingStage.java:43)
	at software.amazon.awssdk.core.internal.http.pipeline.stages.TimeoutExceptionHandlingStage.execute(TimeoutExceptionHandlingStage.java:79)
	at software.amazon.awssdk.core.internal.http.pipeline.stages.TimeoutExceptionHandlingStage.execute(TimeoutExceptionHandlingStage.java:41)
	at software.amazon.awssdk.core.internal.http.pipeline.stages.ApiCallAttemptMetricCollectionStage.execute(ApiCallAttemptMetricCollectionStage.java:55)
	at software.amazon.awssdk.core.internal.http.pipeline.stages.ApiCallAttemptMetricCollectionStage.execute(ApiCallAttemptMetricCollectionStage.java:39)
	at software.amazon.awssdk.core.internal.http.pipeline.stages.RetryableStage2.executeRequest(RetryableStage2.java:93)
	at software.amazon.awssdk.core.internal.http.pipeline.stages.RetryableStage2.execute(RetryableStage2.java:56)
	at software.amazon.awssdk.core.internal.http.pipeline.stages.RetryableStage2.execute(RetryableStage2.java:36)
	at software.amazon.awssdk.core.internal.http.pipeline.RequestPipelineBuilder$ComposingRequestPipelineStage.execute(RequestPipelineBuilder.java:206)
	at software.amazon.awssdk.core.internal.http.StreamManagingStage.execute(StreamManagingStage.java:53)
	at software.amazon.awssdk.core.internal.http.StreamManagingStage.execute(StreamManagingStage.java:35)
	at software.amazon.awssdk.core.internal.http.pipeline.stages.ApiCallTimeoutTrackingStage.executeWithTimer(ApiCallTimeoutTrackingStage.java:82)
	at software.amazon.awssdk.core.internal.http.pipeline.stages.ApiCallTimeoutTrackingStage.execute(ApiCallTimeoutTrackingStage.java:62)
	at software.amazon.awssdk.core.internal.http.pipeline.stages.ApiCallTimeoutTrackingStage.execute(ApiCallTimeoutTrackingStage.java:43)
	at software.amazon.awssdk.core.internal.http.pipeline.stages.ApiCallMetricCollectionStage.execute(ApiCallMetricCollectionStage.java:50)
	at software.amazon.awssdk.core.internal.http.pipeline.stages.ApiCallMetricCollectionStage.execute(ApiCallMetricCollectionStage.java:32)
	at software.amazon.awssdk.core.internal.http.pipeline.RequestPipelineBuilder$ComposingRequestPipelineStage.execute(RequestPipelineBuilder.java:206)
	at software.amazon.awssdk.core.internal.http.pipeline.RequestPipelineBuilder$ComposingRequestPipelineStage.execute(RequestPipelineBuilder.java:206)
	at software.amazon.awssdk.core.internal.http.pipeline.stages.ExecutionFailureExceptionReportingStage.execute(ExecutionFailureExceptionReportingStage.java:37)
	at software.amazon.awssdk.core.internal.http.pipeline.stages.ExecutionFailureExceptionReportingStage.execute(ExecutionFailureExceptionReportingStage.java:26)
	at software.amazon.awssdk.core.internal.http.AmazonSyncHttpClient$RequestExecutionBuilderImpl.execute(AmazonSyncHttpClient.java:210)
	at software.amazon.awssdk.core.internal.handler.BaseSyncClientHandler.invoke(BaseSyncClientHandler.java:103)
	at software.amazon.awssdk.core.internal.handler.BaseSyncClientHandler.doExecute(BaseSyncClientHandler.java:173)
	at software.amazon.awssdk.core.internal.handler.BaseSyncClientHandler.lambda$execute$0(BaseSyncClientHandler.java:66)
	at software.amazon.awssdk.core.internal.handler.BaseSyncClientHandler.measureApiCallSuccess(BaseSyncClientHandler.java:182)
	at software.amazon.awssdk.core.internal.handler.BaseSyncClientHandler.execute(BaseSyncClientHandler.java:60)
	at software.amazon.awssdk.core.client.handler.SdkSyncClientHandler.execute(SdkSyncClientHandler.java:52)
	at software.amazon.awssdk.awscore.client.handler.AwsSyncClientHandler.execute(AwsSyncClientHandler.java:60)
	at software.amazon.awssdk.services.s3.DefaultS3Client.getObject(DefaultS3Client.java:5404)
	at software.amazon.awssdk.services.s3.S3Client.getObject(S3Client.java:9482)
	at com.example.ms_report_async.infraestructure.s3.S3Adapter.download(S3Adapter.java:36)
	at com.example.ms_report_async.application.usecase.ProcessImportFileUseCaseImpl.execute(ProcessImportFileUseCaseImpl.java:41)
	at com.example.ms_report_async.infraestructure.async.RabbitImportListener.receive(RabbitImportListener.java:34)
	at java.base/jdk.internal.reflect.DirectMethodHandleAccessor.invoke(DirectMethodHandleAccessor.java:103)
	at java.base/java.lang.reflect.Method.invoke(Method.java:580)
	at org.springframework.messaging.handler.invocation.InvocableHandlerMethod.doInvoke(InvocableHandlerMethod.java:168)
	at org.springframework.amqp.rabbit.listener.adapter.KotlinAwareInvocableHandlerMethod.doInvoke(KotlinAwareInvocableHandlerMethod.java:47)
	at org.springframework.messaging.handler.invocation.InvocableHandlerMethod.invoke(InvocableHandlerMethod.java:119)
	at org.springframework.amqp.rabbit.listener.adapter.HandlerAdapter.invoke(HandlerAdapter.java:83)
	at org.springframework.amqp.rabbit.listener.adapter.MessagingMessageListenerAdapter.invokeHandler(MessagingMessageListenerAdapter.java:287)
	at org.springframework.amqp.rabbit.listener.adapter.MessagingMessageListenerAdapter.invokeHandlerAndProcessResult(MessagingMessageListenerAdapter.java:233)
	at org.springframework.amqp.rabbit.listener.adapter.MessagingMessageListenerAdapter.onMessage(MessagingMessageListenerAdapter.java:157)
	at org.springframework.amqp.rabbit.listener.AbstractMessageListenerContainer.doInvokeListener(AbstractMessageListenerContainer.java:1683)
	at org.springframework.amqp.rabbit.listener.AbstractMessageListenerContainer.actualInvokeListener(AbstractMessageListenerContainer.java:1612)
	at java.base/jdk.internal.reflect.DirectMethodHandleAccessor.invoke(DirectMethodHandleAccessor.java:103)
	at java.base/java.lang.reflect.Method.invoke(Method.java:580)
	at org.springframework.aop.support.AopUtils.invokeJoinpointUsingReflection(AopUtils.java:359)
	at org.springframework.aop.framework.ReflectiveMethodInvocation.invokeJoinpoint(ReflectiveMethodInvocation.java:190)
	at org.springframework.aop.framework.ReflectiveMethodInvocation.proceed(ReflectiveMethodInvocation.java:158)
	at org.springframework.core.retry.RetryTemplate.execute(RetryTemplate.java:135)
	at org.springframework.amqp.rabbit.config.StatelessRetryOperationsInterceptor.invoke(StatelessRetryOperationsInterceptor.java:57)
	at org.springframework.aop.framework.ReflectiveMethodInvocation.proceed(ReflectiveMethodInvocation.java:179)
	at org.springframework.aop.framework.JdkDynamicAopProxy.invoke(JdkDynamicAopProxy.java:222)
	at org.springframework.amqp.rabbit.listener.$Proxy111.invokeListener(Unknown Source)
	at org.springframework.amqp.rabbit.listener.AbstractMessageListenerContainer.invokeListener(AbstractMessageListenerContainer.java:1599)
	at org.springframework.amqp.rabbit.listener.AbstractMessageListenerContainer.doExecuteListener(AbstractMessageListenerContainer.java:1590)
	at org.springframework.amqp.rabbit.listener.AbstractMessageListenerContainer.executeListenerAndHandleException(AbstractMessageListenerContainer.java:1539)
	at org.springframework.amqp.rabbit.listener.AbstractMessageListenerContainer.executeListener(AbstractMessageListenerContainer.java:1520)
	at org.springframework.amqp.rabbit.listener.SimpleMessageListenerContainer.doReceiveAndExecute(SimpleMessageListenerContainer.java:1116)
	at org.springframework.amqp.rabbit.listener.SimpleMessageListenerContainer.receiveAndExecute(SimpleMessageListenerContainer.java:1061)
	at org.springframework.amqp.rabbit.listener.SimpleMessageListenerContainer$AsyncMessageProcessingConsumer.mainLoop(SimpleMessageListenerContainer.java:1465)
	at org.springframework.amqp.rabbit.listener.SimpleMessageListenerContainer$AsyncMessageProcessingConsumer.run(SimpleMessageListenerContainer.java:1359)
	at java.base/java.lang.Thread.run(Thread.java:1583)
2026-03-03 20:30:22.546 [org.springframework.amqp.rabbit.RabbitListenerEndpointContainer#0-1] ERROR c.e.m.i.async.RabbitImportListener [] - Erro ao processar mensagem JSON: {"jobId":"bb77f533-d26e-4816-a852-06265c971530", "fileKey":"estatisticas_di_2025_10-12_trusted.csv"}
java.lang.RuntimeException: Falha ao processar arquivo: estatisticas_di_2025_10-12_trusted.csv
	at com.example.ms_report_async.application.usecase.ProcessImportFileUseCaseImpl.execute(ProcessImportFileUseCaseImpl.java:61)
	at com.example.ms_report_async.infraestructure.async.RabbitImportListener.receive(RabbitImportListener.java:34)
	at java.base/jdk.internal.reflect.DirectMethodHandleAccessor.invoke(DirectMethodHandleAccessor.java:103)
	at java.base/java.lang.reflect.Method.invoke(Method.java:580)
	at org.springframework.messaging.handler.invocation.InvocableHandlerMethod.doInvoke(InvocableHandlerMethod.java:168)
	at org.springframework.amqp.rabbit.listener.adapter.KotlinAwareInvocableHandlerMethod.doInvoke(KotlinAwareInvocableHandlerMethod.java:47)
	at org.springframework.messaging.handler.invocation.InvocableHandlerMethod.invoke(InvocableHandlerMethod.java:119)
	at org.springframework.amqp.rabbit.listener.adapter.HandlerAdapter.invoke(HandlerAdapter.java:83)
	at org.springframework.amqp.rabbit.listener.adapter.MessagingMessageListenerAdapter.invokeHandler(MessagingMessageListenerAdapter.java:287)
	at org.springframework.amqp.rabbit.listener.adapter.MessagingMessageListenerAdapter.invokeHandlerAndProcessResult(MessagingMessageListenerAdapter.java:233)
	at org.springframework.amqp.rabbit.listener.adapter.MessagingMessageListenerAdapter.onMessage(MessagingMessageListenerAdapter.java:157)
	at org.springframework.amqp.rabbit.listener.AbstractMessageListenerContainer.doInvokeListener(AbstractMessageListenerContainer.java:1683)
	at org.springframework.amqp.rabbit.listener.AbstractMessageListenerContainer.actualInvokeListener(AbstractMessageListenerContainer.java:1612)
	at java.base/jdk.internal.reflect.DirectMethodHandleAccessor.invoke(DirectMethodHandleAccessor.java:103)
	at java.base/java.lang.reflect.Method.invoke(Method.java:580)
	at org.springframework.aop.support.AopUtils.invokeJoinpointUsingReflection(AopUtils.java:359)
	at org.springframework.aop.framework.ReflectiveMethodInvocation.invokeJoinpoint(ReflectiveMethodInvocation.java:190)
	at org.springframework.aop.framework.ReflectiveMethodInvocation.proceed(ReflectiveMethodInvocation.java:158)
	at org.springframework.core.retry.RetryTemplate.execute(RetryTemplate.java:135)
	at org.springframework.amqp.rabbit.config.StatelessRetryOperationsInterceptor.invoke(StatelessRetryOperationsInterceptor.java:57)
	at org.springframework.aop.framework.ReflectiveMethodInvocation.proceed(ReflectiveMethodInvocation.java:179)
	at org.springframework.aop.framework.JdkDynamicAopProxy.invoke(JdkDynamicAopProxy.java:222)
	at org.springframework.amqp.rabbit.listener.$Proxy111.invokeListener(Unknown Source)
	at org.springframework.amqp.rabbit.listener.AbstractMessageListenerContainer.invokeListener(AbstractMessageListenerContainer.java:1599)
	at org.springframework.amqp.rabbit.listener.AbstractMessageListenerContainer.doExecuteListener(AbstractMessageListenerContainer.java:1590)
	at org.springframework.amqp.rabbit.listener.AbstractMessageListenerContainer.executeListenerAndHandleException(AbstractMessageListenerContainer.java:1539)
	at org.springframework.amqp.rabbit.listener.AbstractMessageListenerContainer.executeListener(AbstractMessageListenerContainer.java:1520)
	at org.springframework.amqp.rabbit.listener.SimpleMessageListenerContainer.doReceiveAndExecute(SimpleMessageListenerContainer.java:1116)
	at org.springframework.amqp.rabbit.listener.SimpleMessageListenerContainer.receiveAndExecute(SimpleMessageListenerContainer.java:1061)
	at org.springframework.amqp.rabbit.listener.SimpleMessageListenerContainer$AsyncMessageProcessingConsumer.mainLoop(SimpleMessageListenerContainer.java:1465)
	at org.springframework.amqp.rabbit.listener.SimpleMessageListenerContainer$AsyncMessageProcessingConsumer.run(SimpleMessageListenerContainer.java:1359)
	at java.base/java.lang.Thread.run(Thread.java:1583)
Caused by: software.amazon.awssdk.services.s3.model.NoSuchKeyException: The specified key does not exist. (Service: S3, Status Code: 404, Request ID: VM9QVW3PW6QF017G, Extended Request ID: 6tWvaIgxdRkwzKE0sOT07xtx98B+cx+h54C3/obvNASt5NmaXsVHYZ1d5nh0Iypm8vuDQ2R9PXI=)
	at software.amazon.awssdk.core.internal.http.CombinedResponseHandler.handleErrorResponse(CombinedResponseHandler.java:125)
	at software.amazon.awssdk.core.internal.http.CombinedResponseHandler.handleResponse(CombinedResponseHandler.java:82)
	at software.amazon.awssdk.core.internal.http.CombinedResponseHandler.handle(CombinedResponseHandler.java:60)
	at software.amazon.awssdk.core.internal.http.CombinedResponseHandler.handle(CombinedResponseHandler.java:41)
	at software.amazon.awssdk.core.internal.http.pipeline.stages.HandleResponseStage.execute(HandleResponseStage.java:50)
	at software.amazon.awssdk.core.internal.http.pipeline.stages.HandleResponseStage.execute(HandleResponseStage.java:38)
	at software.amazon.awssdk.core.internal.http.pipeline.RequestPipelineBuilder$ComposingRequestPipelineStage.execute(RequestPipelineBuilder.java:206)
	at software.amazon.awssdk.core.internal.http.pipeline.stages.ApiCallAttemptTimeoutTrackingStage.execute(ApiCallAttemptTimeoutTrackingStage.java:74)
	at software.amazon.awssdk.core.internal.http.pipeline.stages.ApiCallAttemptTimeoutTrackingStage.execute(ApiCallAttemptTimeoutTrackingStage.java:43)
	at software.amazon.awssdk.core.internal.http.pipeline.stages.TimeoutExceptionHandlingStage.execute(TimeoutExceptionHandlingStage.java:79)
	at software.amazon.awssdk.core.internal.http.pipeline.stages.TimeoutExceptionHandlingStage.execute(TimeoutExceptionHandlingStage.java:41)
	at software.amazon.awssdk.core.internal.http.pipeline.stages.ApiCallAttemptMetricCollectionStage.execute(ApiCallAttemptMetricCollectionStage.java:55)
	at software.amazon.awssdk.core.internal.http.pipeline.stages.ApiCallAttemptMetricCollectionStage.execute(ApiCallAttemptMetricCollectionStage.java:39)
	at software.amazon.awssdk.core.internal.http.pipeline.stages.RetryableStage2.executeRequest(RetryableStage2.java:93)
	at software.amazon.awssdk.core.internal.http.pipeline.stages.RetryableStage2.execute(RetryableStage2.java:56)
	at software.amazon.awssdk.core.internal.http.pipeline.stages.RetryableStage2.execute(RetryableStage2.java:36)
	at software.amazon.awssdk.core.internal.http.pipeline.RequestPipelineBuilder$ComposingRequestPipelineStage.execute(RequestPipelineBuilder.java:206)
	at software.amazon.awssdk.core.internal.http.StreamManagingStage.execute(StreamManagingStage.java:53)
	at software.amazon.awssdk.core.internal.http.StreamManagingStage.execute(StreamManagingStage.java:35)
	at software.amazon.awssdk.core.internal.http.pipeline.stages.ApiCallTimeoutTrackingStage.executeWithTimer(ApiCallTimeoutTrackingStage.java:82)
	at software.amazon.awssdk.core.internal.http.pipeline.stages.ApiCallTimeoutTrackingStage.execute(ApiCallTimeoutTrackingStage.java:62)
	at software.amazon.awssdk.core.internal.http.pipeline.stages.ApiCallTimeoutTrackingStage.execute(ApiCallTimeoutTrackingStage.java:43)
	at software.amazon.awssdk.core.internal.http.pipeline.stages.ApiCallMetricCollectionStage.execute(ApiCallMetricCollectionStage.java:50)
	at software.amazon.awssdk.core.internal.http.pipeline.stages.ApiCallMetricCollectionStage.execute(ApiCallMetricCollectionStage.java:32)
	at software.amazon.awssdk.core.internal.http.pipeline.RequestPipelineBuilder$ComposingRequestPipelineStage.execute(RequestPipelineBuilder.java:206)
	at software.amazon.awssdk.core.internal.http.pipeline.RequestPipelineBuilder$ComposingRequestPipelineStage.execute(RequestPipelineBuilder.java:206)
	at software.amazon.awssdk.core.internal.http.pipeline.stages.ExecutionFailureExceptionReportingStage.execute(ExecutionFailureExceptionReportingStage.java:37)
	at software.amazon.awssdk.core.internal.http.pipeline.stages.ExecutionFailureExceptionReportingStage.execute(ExecutionFailureExceptionReportingStage.java:26)
	at software.amazon.awssdk.core.internal.http.AmazonSyncHttpClient$RequestExecutionBuilderImpl.execute(AmazonSyncHttpClient.java:210)
	at software.amazon.awssdk.core.internal.handler.BaseSyncClientHandler.invoke(BaseSyncClientHandler.java:103)
	at software.amazon.awssdk.core.internal.handler.BaseSyncClientHandler.doExecute(BaseSyncClientHandler.java:173)
	at software.amazon.awssdk.core.internal.handler.BaseSyncClientHandler.lambda$execute$0(BaseSyncClientHandler.java:66)
	at software.amazon.awssdk.core.internal.handler.BaseSyncClientHandler.measureApiCallSuccess(BaseSyncClientHandler.java:182)
	at software.amazon.awssdk.core.internal.handler.BaseSyncClientHandler.execute(BaseSyncClientHandler.java:60)
	at software.amazon.awssdk.core.client.handler.SdkSyncClientHandler.execute(SdkSyncClientHandler.java:52)
	at software.amazon.awssdk.awscore.client.handler.AwsSyncClientHandler.execute(AwsSyncClientHandler.java:60)
	at software.amazon.awssdk.services.s3.DefaultS3Client.getObject(DefaultS3Client.java:5404)
	at software.amazon.awssdk.services.s3.S3Client.getObject(S3Client.java:9482)
	at com.example.ms_report_async.infraestructure.s3.S3Adapter.download(S3Adapter.java:36)
	at com.example.ms_report_async.application.usecase.ProcessImportFileUseCaseImpl.execute(ProcessImportFileUseCaseImpl.java:41)
	... 31 common frames omitted
2026-03-03 20:30:23.553 [org.springframework.amqp.rabbit.RabbitListenerEndpointContainer#0-1] DEBUG o.s.a.r.l.a.MessagingMessageListenerAdapter [] - Processing [GenericMessage [payload={"jobId":"bb77f533-d26e-4816-a852-06265c971530", "fileKey":"estatisticas_di_2025_10-12_trusted.csv"}, headers={amqp_receivedDeliveryMode=PERSISTENT, amqp_receivedExchange=import_exchange3, amqp_deliveryTag=1, amqp_consumerQueue=import_csv_queue3, amqp_redelivered=false, amqp_receivedRoutingKey=import.csv3, amqp_contentEncoding=UTF-8, amqp_retryCount=0, id=4cca44b2-8424-b78a-0b73-d64fe3186e57, amqp_consumerTag=amq.ctag-Fz47sQk9SXOJwIcoLvHxkA, amqp_lastInBatch=false, contentType=text/plain, timestamp=1772580623553}]]
2026-03-03 20:30:23.553 [org.springframework.amqp.rabbit.RabbitListenerEndpointContainer#0-1] INFO  c.e.m.i.async.RabbitImportListener [] - Mensagem recebida do RabbitMQ: {"jobId":"bb77f533-d26e-4816-a852-06265c971530", "fileKey":"estatisticas_di_2025_10-12_trusted.csv"}
2026-03-03 20:30:23.553 [org.springframework.amqp.rabbit.RabbitListenerEndpointContainer#0-1] DEBUG c.e.m.i.async.RabbitImportListener [] - Iniciando processamento. JobId: "bb77f533-d26e-4816-a852-06265c971530", FileKey: estatisticas_di_2025_10-12_trusted.csv
2026-03-03 20:30:23.553 [org.springframework.amqp.rabbit.RabbitListenerEndpointContainer#0-1] INFO  c.e.m.a.u.ProcessImportFileUseCaseImpl [] - Iniciando processamento do arquivo. JobId: "bb77f533-d26e-4816-a852-06265c971530", FileKey: estatisticas_di_2025_10-12_trusted.csv, Bucket: brinks-bucket-1
2026-03-03 20:30:23.553 [org.springframework.amqp.rabbit.RabbitListenerEndpointContainer#0-1] INFO  c.e.m.infraestructure.s3.S3Adapter [] - Iniciando download do S3. Bucket: brinks-bucket-1, Key: estatisticas_di_2025_10-12_trusted.csv
2026-03-03 20:30:23.758 [org.springframework.amqp.rabbit.RabbitListenerEndpointContainer#0-1] ERROR c.e.m.infraestructure.s3.S3Adapter [] - Erro ao fazer download do S3. Bucket: brinks-bucket-1, Key: estatisticas_di_2025_10-12_trusted.csv
software.amazon.awssdk.services.s3.model.NoSuchKeyException: The specified key does not exist. (Service: S3, Status Code: 404, Request ID: 9BFXR0VJ774Y678Q, Extended Request ID: 9uVo6rZpGqIc5Zo0fMOdfurnYjsMiEaIqB4W9bnBhrWRQqREntE/7f6VKBU6gfUQmHH63LAByCc=)
	at software.amazon.awssdk.core.internal.http.CombinedResponseHandler.handleErrorResponse(CombinedResponseHandler.java:125)
	at software.amazon.awssdk.core.internal.http.CombinedResponseHandler.handleResponse(CombinedResponseHandler.java:82)
	at software.amazon.awssdk.core.internal.http.CombinedResponseHandler.handle(CombinedResponseHandler.java:60)
	at software.amazon.awssdk.core.internal.http.CombinedResponseHandler.handle(CombinedResponseHandler.java:41)
	at software.amazon.awssdk.core.internal.http.pipeline.stages.HandleResponseStage.execute(HandleResponseStage.java:50)
	at software.amazon.awssdk.core.internal.http.pipeline.stages.HandleResponseStage.execute(HandleResponseStage.java:38)
	at software.amazon.awssdk.core.internal.http.pipeline.RequestPipelineBuilder$ComposingRequestPipelineStage.execute(RequestPipelineBuilder.java:206)
	at software.amazon.awssdk.core.internal.http.pipeline.stages.ApiCallAttemptTimeoutTrackingStage.execute(ApiCallAttemptTimeoutTrackingStage.java:74)
	at software.amazon.awssdk.core.internal.http.pipeline.stages.ApiCallAttemptTimeoutTrackingStage.execute(ApiCallAttemptTimeoutTrackingStage.java:43)
	at software.amazon.awssdk.core.internal.http.pipeline.stages.TimeoutExceptionHandlingStage.execute(TimeoutExceptionHandlingStage.java:79)
	at software.amazon.awssdk.core.internal.http.pipeline.stages.TimeoutExceptionHandlingStage.execute(TimeoutExceptionHandlingStage.java:41)
	at software.amazon.awssdk.core.internal.http.pipeline.stages.ApiCallAttemptMetricCollectionStage.execute(ApiCallAttemptMetricCollectionStage.java:55)
	at software.amazon.awssdk.core.internal.http.pipeline.stages.ApiCallAttemptMetricCollectionStage.execute(ApiCallAttemptMetricCollectionStage.java:39)
	at software.amazon.awssdk.core.internal.http.pipeline.stages.RetryableStage2.executeRequest(RetryableStage2.java:93)
	at software.amazon.awssdk.core.internal.http.pipeline.stages.RetryableStage2.execute(RetryableStage2.java:56)
	at software.amazon.awssdk.core.internal.http.pipeline.stages.RetryableStage2.execute(RetryableStage2.java:36)
	at software.amazon.awssdk.core.internal.http.pipeline.RequestPipelineBuilder$ComposingRequestPipelineStage.execute(RequestPipelineBuilder.java:206)
	at software.amazon.awssdk.core.internal.http.StreamManagingStage.execute(StreamManagingStage.java:53)
	at software.amazon.awssdk.core.internal.http.StreamManagingStage.execute(StreamManagingStage.java:35)
	at software.amazon.awssdk.core.internal.http.pipeline.stages.ApiCallTimeoutTrackingStage.executeWithTimer(ApiCallTimeoutTrackingStage.java:82)
	at software.amazon.awssdk.core.internal.http.pipeline.stages.ApiCallTimeoutTrackingStage.execute(ApiCallTimeoutTrackingStage.java:62)
	at software.amazon.awssdk.core.internal.http.pipeline.stages.ApiCallTimeoutTrackingStage.execute(ApiCallTimeoutTrackingStage.java:43)
	at software.amazon.awssdk.core.internal.http.pipeline.stages.ApiCallMetricCollectionStage.execute(ApiCallMetricCollectionStage.java:50)
	at software.amazon.awssdk.core.internal.http.pipeline.stages.ApiCallMetricCollectionStage.execute(ApiCallMetricCollectionStage.java:32)
	at software.amazon.awssdk.core.internal.http.pipeline.RequestPipelineBuilder$ComposingRequestPipelineStage.execute(RequestPipelineBuilder.java:206)
	at software.amazon.awssdk.core.internal.http.pipeline.RequestPipelineBuilder$ComposingRequestPipelineStage.execute(RequestPipelineBuilder.java:206)
	at software.amazon.awssdk.core.internal.http.pipeline.stages.ExecutionFailureExceptionReportingStage.execute(ExecutionFailureExceptionReportingStage.java:37)
	at software.amazon.awssdk.core.internal.http.pipeline.stages.ExecutionFailureExceptionReportingStage.execute(ExecutionFailureExceptionReportingStage.java:26)
	at software.amazon.awssdk.core.internal.http.AmazonSyncHttpClient$RequestExecutionBuilderImpl.execute(AmazonSyncHttpClient.java:210)
	at software.amazon.awssdk.core.internal.handler.BaseSyncClientHandler.invoke(BaseSyncClientHandler.java:103)
	at software.amazon.awssdk.core.internal.handler.BaseSyncClientHandler.doExecute(BaseSyncClientHandler.java:173)
	at software.amazon.awssdk.core.internal.handler.BaseSyncClientHandler.lambda$execute$0(BaseSyncClientHandler.java:66)
	at software.amazon.awssdk.core.internal.handler.BaseSyncClientHandler.measureApiCallSuccess(BaseSyncClientHandler.java:182)
	at software.amazon.awssdk.core.internal.handler.BaseSyncClientHandler.execute(BaseSyncClientHandler.java:60)
	at software.amazon.awssdk.core.client.handler.SdkSyncClientHandler.execute(SdkSyncClientHandler.java:52)
	at software.amazon.awssdk.awscore.client.handler.AwsSyncClientHandler.execute(AwsSyncClientHandler.java:60)
	at software.amazon.awssdk.services.s3.DefaultS3Client.getObject(DefaultS3Client.java:5404)
	at software.amazon.awssdk.services.s3.S3Client.getObject(S3Client.java:9482)
	at com.example.ms_report_async.infraestructure.s3.S3Adapter.download(S3Adapter.java:36)
	at com.example.ms_report_async.application.usecase.ProcessImportFileUseCaseImpl.execute(ProcessImportFileUseCaseImpl.java:41)
	at com.example.ms_report_async.infraestructure.async.RabbitImportListener.receive(RabbitImportListener.java:34)
	at java.base/jdk.internal.reflect.DirectMethodHandleAccessor.invoke(DirectMethodHandleAccessor.java:103)
	at java.base/java.lang.reflect.Method.invoke(Method.java:580)
	at org.springframework.messaging.handler.invocation.InvocableHandlerMethod.doInvoke(InvocableHandlerMethod.java:168)
	at org.springframework.amqp.rabbit.listener.adapter.KotlinAwareInvocableHandlerMethod.doInvoke(KotlinAwareInvocableHandlerMethod.java:47)
	at org.springframework.messaging.handler.invocation.InvocableHandlerMethod.invoke(InvocableHandlerMethod.java:119)
	at org.springframework.amqp.rabbit.listener.adapter.HandlerAdapter.invoke(HandlerAdapter.java:83)
	at org.springframework.amqp.rabbit.listener.adapter.MessagingMessageListenerAdapter.invokeHandler(MessagingMessageListenerAdapter.java:287)
	at org.springframework.amqp.rabbit.listener.adapter.MessagingMessageListenerAdapter.invokeHandlerAndProcessResult(MessagingMessageListenerAdapter.java:233)
	at org.springframework.amqp.rabbit.listener.adapter.MessagingMessageListenerAdapter.onMessage(MessagingMessageListenerAdapter.java:157)
	at org.springframework.amqp.rabbit.listener.AbstractMessageListenerContainer.doInvokeListener(AbstractMessageListenerContainer.java:1683)
	at org.springframework.amqp.rabbit.listener.AbstractMessageListenerContainer.actualInvokeListener(AbstractMessageListenerContainer.java:1612)
	at java.base/jdk.internal.reflect.DirectMethodHandleAccessor.invoke(DirectMethodHandleAccessor.java:103)
	at java.base/java.lang.reflect.Method.invoke(Method.java:580)
	at org.springframework.aop.support.AopUtils.invokeJoinpointUsingReflection(AopUtils.java:359)
	at org.springframework.aop.framework.ReflectiveMethodInvocation.invokeJoinpoint(ReflectiveMethodInvocation.java:190)
	at org.springframework.aop.framework.ReflectiveMethodInvocation.proceed(ReflectiveMethodInvocation.java:158)
	at org.springframework.core.retry.RetryTemplate.execute(RetryTemplate.java:174)
	at org.springframework.amqp.rabbit.config.StatelessRetryOperationsInterceptor.invoke(StatelessRetryOperationsInterceptor.java:57)
	at org.springframework.aop.framework.ReflectiveMethodInvocation.proceed(ReflectiveMethodInvocation.java:179)
	at org.springframework.aop.framework.JdkDynamicAopProxy.invoke(JdkDynamicAopProxy.java:222)
	at org.springframework.amqp.rabbit.listener.$Proxy111.invokeListener(Unknown Source)
	at org.springframework.amqp.rabbit.listener.AbstractMessageListenerContainer.invokeListener(AbstractMessageListenerContainer.java:1599)
	at org.springframework.amqp.rabbit.listener.AbstractMessageListenerContainer.doExecuteListener(AbstractMessageListenerContainer.java:1590)
	at org.springframework.amqp.rabbit.listener.AbstractMessageListenerContainer.executeListenerAndHandleException(AbstractMessageListenerContainer.java:1539)
	at org.springframework.amqp.rabbit.listener.AbstractMessageListenerContainer.executeListener(AbstractMessageListenerContainer.java:1520)
	at org.springframework.amqp.rabbit.listener.SimpleMessageListenerContainer.doReceiveAndExecute(SimpleMessageListenerContainer.java:1116)
	at org.springframework.amqp.rabbit.listener.SimpleMessageListenerContainer.receiveAndExecute(SimpleMessageListenerContainer.java:1061)
	at org.springframework.amqp.rabbit.listener.SimpleMessageListenerContainer$AsyncMessageProcessingConsumer.mainLoop(SimpleMessageListenerContainer.java:1465)
	at org.springframework.amqp.rabbit.listener.SimpleMessageListenerContainer$AsyncMessageProcessingConsumer.run(SimpleMessageListenerContainer.java:1359)
	at java.base/java.lang.Thread.run(Thread.java:1583)
2026-03-03 20:30:23.758 [org.springframework.amqp.rabbit.RabbitListenerEndpointContainer#0-1] ERROR c.e.m.a.u.ProcessImportFileUseCaseImpl [] - Erro ao processar arquivo. JobId: "bb77f533-d26e-4816-a852-06265c971530", FileKey: estatisticas_di_2025_10-12_trusted.csv, DuracaoMs: 205
software.amazon.awssdk.services.s3.model.NoSuchKeyException: The specified key does not exist. (Service: S3, Status Code: 404, Request ID: 9BFXR0VJ774Y678Q, Extended Request ID: 9uVo6rZpGqIc5Zo0fMOdfurnYjsMiEaIqB4W9bnBhrWRQqREntE/7f6VKBU6gfUQmHH63LAByCc=)
	at software.amazon.awssdk.core.internal.http.CombinedResponseHandler.handleErrorResponse(CombinedResponseHandler.java:125)
	at software.amazon.awssdk.core.internal.http.CombinedResponseHandler.handleResponse(CombinedResponseHandler.java:82)
	at software.amazon.awssdk.core.internal.http.CombinedResponseHandler.handle(CombinedResponseHandler.java:60)
	at software.amazon.awssdk.core.internal.http.CombinedResponseHandler.handle(CombinedResponseHandler.java:41)
	at software.amazon.awssdk.core.internal.http.pipeline.stages.HandleResponseStage.execute(HandleResponseStage.java:50)
	at software.amazon.awssdk.core.internal.http.pipeline.stages.HandleResponseStage.execute(HandleResponseStage.java:38)
	at software.amazon.awssdk.core.internal.http.pipeline.RequestPipelineBuilder$ComposingRequestPipelineStage.execute(RequestPipelineBuilder.java:206)
	at software.amazon.awssdk.core.internal.http.pipeline.stages.ApiCallAttemptTimeoutTrackingStage.execute(ApiCallAttemptTimeoutTrackingStage.java:74)
	at software.amazon.awssdk.core.internal.http.pipeline.stages.ApiCallAttemptTimeoutTrackingStage.execute(ApiCallAttemptTimeoutTrackingStage.java:43)
	at software.amazon.awssdk.core.internal.http.pipeline.stages.TimeoutExceptionHandlingStage.execute(TimeoutExceptionHandlingStage.java:79)
	at software.amazon.awssdk.core.internal.http.pipeline.stages.TimeoutExceptionHandlingStage.execute(TimeoutExceptionHandlingStage.java:41)
	at software.amazon.awssdk.core.internal.http.pipeline.stages.ApiCallAttemptMetricCollectionStage.execute(ApiCallAttemptMetricCollectionStage.java:55)
	at software.amazon.awssdk.core.internal.http.pipeline.stages.ApiCallAttemptMetricCollectionStage.execute(ApiCallAttemptMetricCollectionStage.java:39)
	at software.amazon.awssdk.core.internal.http.pipeline.stages.RetryableStage2.executeRequest(RetryableStage2.java:93)
	at software.amazon.awssdk.core.internal.http.pipeline.stages.RetryableStage2.execute(RetryableStage2.java:56)
	at software.amazon.awssdk.core.internal.http.pipeline.stages.RetryableStage2.execute(RetryableStage2.java:36)
	at software.amazon.awssdk.core.internal.http.pipeline.RequestPipelineBuilder$ComposingRequestPipelineStage.execute(RequestPipelineBuilder.java:206)
	at software.amazon.awssdk.core.internal.http.StreamManagingStage.execute(StreamManagingStage.java:53)
	at software.amazon.awssdk.core.internal.http.StreamManagingStage.execute(StreamManagingStage.java:35)
	at software.amazon.awssdk.core.internal.http.pipeline.stages.ApiCallTimeoutTrackingStage.executeWithTimer(ApiCallTimeoutTrackingStage.java:82)
	at software.amazon.awssdk.core.internal.http.pipeline.stages.ApiCallTimeoutTrackingStage.execute(ApiCallTimeoutTrackingStage.java:62)
	at software.amazon.awssdk.core.internal.http.pipeline.stages.ApiCallTimeoutTrackingStage.execute(ApiCallTimeoutTrackingStage.java:43)
	at software.amazon.awssdk.core.internal.http.pipeline.stages.ApiCallMetricCollectionStage.execute(ApiCallMetricCollectionStage.java:50)
	at software.amazon.awssdk.core.internal.http.pipeline.stages.ApiCallMetricCollectionStage.execute(ApiCallMetricCollectionStage.java:32)
	at software.amazon.awssdk.core.internal.http.pipeline.RequestPipelineBuilder$ComposingRequestPipelineStage.execute(RequestPipelineBuilder.java:206)
	at software.amazon.awssdk.core.internal.http.pipeline.RequestPipelineBuilder$ComposingRequestPipelineStage.execute(RequestPipelineBuilder.java:206)
	at software.amazon.awssdk.core.internal.http.pipeline.stages.ExecutionFailureExceptionReportingStage.execute(ExecutionFailureExceptionReportingStage.java:37)
	at software.amazon.awssdk.core.internal.http.pipeline.stages.ExecutionFailureExceptionReportingStage.execute(ExecutionFailureExceptionReportingStage.java:26)
	at software.amazon.awssdk.core.internal.http.AmazonSyncHttpClient$RequestExecutionBuilderImpl.execute(AmazonSyncHttpClient.java:210)
	at software.amazon.awssdk.core.internal.handler.BaseSyncClientHandler.invoke(BaseSyncClientHandler.java:103)
	at software.amazon.awssdk.core.internal.handler.BaseSyncClientHandler.doExecute(BaseSyncClientHandler.java:173)
	at software.amazon.awssdk.core.internal.handler.BaseSyncClientHandler.lambda$execute$0(BaseSyncClientHandler.java:66)
	at software.amazon.awssdk.core.internal.handler.BaseSyncClientHandler.measureApiCallSuccess(BaseSyncClientHandler.java:182)
	at software.amazon.awssdk.core.internal.handler.BaseSyncClientHandler.execute(BaseSyncClientHandler.java:60)
	at software.amazon.awssdk.core.client.handler.SdkSyncClientHandler.execute(SdkSyncClientHandler.java:52)
	at software.amazon.awssdk.awscore.client.handler.AwsSyncClientHandler.execute(AwsSyncClientHandler.java:60)
	at software.amazon.awssdk.services.s3.DefaultS3Client.getObject(DefaultS3Client.java:5404)
	at software.amazon.awssdk.services.s3.S3Client.getObject(S3Client.java:9482)
	at com.example.ms_report_async.infraestructure.s3.S3Adapter.download(S3Adapter.java:36)
	at com.example.ms_report_async.application.usecase.ProcessImportFileUseCaseImpl.execute(ProcessImportFileUseCaseImpl.java:41)
	at com.example.ms_report_async.infraestructure.async.RabbitImportListener.receive(RabbitImportListener.java:34)
	at java.base/jdk.internal.reflect.DirectMethodHandleAccessor.invoke(DirectMethodHandleAccessor.java:103)
	at java.base/java.lang.reflect.Method.invoke(Method.java:580)
	at org.springframework.messaging.handler.invocation.InvocableHandlerMethod.doInvoke(InvocableHandlerMethod.java:168)
	at org.springframework.amqp.rabbit.listener.adapter.KotlinAwareInvocableHandlerMethod.doInvoke(KotlinAwareInvocableHandlerMethod.java:47)
	at org.springframework.messaging.handler.invocation.InvocableHandlerMethod.invoke(InvocableHandlerMethod.java:119)
	at org.springframework.amqp.rabbit.listener.adapter.HandlerAdapter.invoke(HandlerAdapter.java:83)
	at org.springframework.amqp.rabbit.listener.adapter.MessagingMessageListenerAdapter.invokeHandler(MessagingMessageListenerAdapter.java:287)
	at org.springframework.amqp.rabbit.listener.adapter.MessagingMessageListenerAdapter.invokeHandlerAndProcessResult(MessagingMessageListenerAdapter.java:233)
	at org.springframework.amqp.rabbit.listener.adapter.MessagingMessageListenerAdapter.onMessage(MessagingMessageListenerAdapter.java:157)
	at org.springframework.amqp.rabbit.listener.AbstractMessageListenerContainer.doInvokeListener(AbstractMessageListenerContainer.java:1683)
	at org.springframework.amqp.rabbit.listener.AbstractMessageListenerContainer.actualInvokeListener(AbstractMessageListenerContainer.java:1612)
	at java.base/jdk.internal.reflect.DirectMethodHandleAccessor.invoke(DirectMethodHandleAccessor.java:103)
	at java.base/java.lang.reflect.Method.invoke(Method.java:580)
	at org.springframework.aop.support.AopUtils.invokeJoinpointUsingReflection(AopUtils.java:359)
	at org.springframework.aop.framework.ReflectiveMethodInvocation.invokeJoinpoint(ReflectiveMethodInvocation.java:190)
	at org.springframework.aop.framework.ReflectiveMethodInvocation.proceed(ReflectiveMethodInvocation.java:158)
	at org.springframework.core.retry.RetryTemplate.execute(RetryTemplate.java:174)
	at org.springframework.amqp.rabbit.config.StatelessRetryOperationsInterceptor.invoke(StatelessRetryOperationsInterceptor.java:57)
	at org.springframework.aop.framework.ReflectiveMethodInvocation.proceed(ReflectiveMethodInvocation.java:179)
	at org.springframework.aop.framework.JdkDynamicAopProxy.invoke(JdkDynamicAopProxy.java:222)
	at org.springframework.amqp.rabbit.listener.$Proxy111.invokeListener(Unknown Source)
	at org.springframework.amqp.rabbit.listener.AbstractMessageListenerContainer.invokeListener(AbstractMessageListenerContainer.java:1599)
	at org.springframework.amqp.rabbit.listener.AbstractMessageListenerContainer.doExecuteListener(AbstractMessageListenerContainer.java:1590)
	at org.springframework.amqp.rabbit.listener.AbstractMessageListenerContainer.executeListenerAndHandleException(AbstractMessageListenerContainer.java:1539)
	at org.springframework.amqp.rabbit.listener.AbstractMessageListenerContainer.executeListener(AbstractMessageListenerContainer.java:1520)
	at org.springframework.amqp.rabbit.listener.SimpleMessageListenerContainer.doReceiveAndExecute(SimpleMessageListenerContainer.java:1116)
	at org.springframework.amqp.rabbit.listener.SimpleMessageListenerContainer.receiveAndExecute(SimpleMessageListenerContainer.java:1061)
	at org.springframework.amqp.rabbit.listener.SimpleMessageListenerContainer$AsyncMessageProcessingConsumer.mainLoop(SimpleMessageListenerContainer.java:1465)
	at org.springframework.amqp.rabbit.listener.SimpleMessageListenerContainer$AsyncMessageProcessingConsumer.run(SimpleMessageListenerContainer.java:1359)
	at java.base/java.lang.Thread.run(Thread.java:1583)
2026-03-03 20:30:23.758 [org.springframework.amqp.rabbit.RabbitListenerEndpointContainer#0-1] ERROR c.e.m.i.async.RabbitImportListener [] - Erro ao processar mensagem JSON: {"jobId":"bb77f533-d26e-4816-a852-06265c971530", "fileKey":"estatisticas_di_2025_10-12_trusted.csv"}
java.lang.RuntimeException: Falha ao processar arquivo: estatisticas_di_2025_10-12_trusted.csv
	at com.example.ms_report_async.application.usecase.ProcessImportFileUseCaseImpl.execute(ProcessImportFileUseCaseImpl.java:61)
	at com.example.ms_report_async.infraestructure.async.RabbitImportListener.receive(RabbitImportListener.java:34)
	at java.base/jdk.internal.reflect.DirectMethodHandleAccessor.invoke(DirectMethodHandleAccessor.java:103)
	at java.base/java.lang.reflect.Method.invoke(Method.java:580)
	at org.springframework.messaging.handler.invocation.InvocableHandlerMethod.doInvoke(InvocableHandlerMethod.java:168)
	at org.springframework.amqp.rabbit.listener.adapter.KotlinAwareInvocableHandlerMethod.doInvoke(KotlinAwareInvocableHandlerMethod.java:47)
	at org.springframework.messaging.handler.invocation.InvocableHandlerMethod.invoke(InvocableHandlerMethod.java:119)
	at org.springframework.amqp.rabbit.listener.adapter.HandlerAdapter.invoke(HandlerAdapter.java:83)
	at org.springframework.amqp.rabbit.listener.adapter.MessagingMessageListenerAdapter.invokeHandler(MessagingMessageListenerAdapter.java:287)
	at org.springframework.amqp.rabbit.listener.adapter.MessagingMessageListenerAdapter.invokeHandlerAndProcessResult(MessagingMessageListenerAdapter.java:233)
	at org.springframework.amqp.rabbit.listener.adapter.MessagingMessageListenerAdapter.onMessage(MessagingMessageListenerAdapter.java:157)
	at org.springframework.amqp.rabbit.listener.AbstractMessageListenerContainer.doInvokeListener(AbstractMessageListenerContainer.java:1683)
	at org.springframework.amqp.rabbit.listener.AbstractMessageListenerContainer.actualInvokeListener(AbstractMessageListenerContainer.java:1612)
	at java.base/jdk.internal.reflect.DirectMethodHandleAccessor.invoke(DirectMethodHandleAccessor.java:103)
	at java.base/java.lang.reflect.Method.invoke(Method.java:580)
	at org.springframework.aop.support.AopUtils.invokeJoinpointUsingReflection(AopUtils.java:359)
	at org.springframework.aop.framework.ReflectiveMethodInvocation.invokeJoinpoint(ReflectiveMethodInvocation.java:190)
	at org.springframework.aop.framework.ReflectiveMethodInvocation.proceed(ReflectiveMethodInvocation.java:158)
	at org.springframework.core.retry.RetryTemplate.execute(RetryTemplate.java:174)
	at org.springframework.amqp.rabbit.config.StatelessRetryOperationsInterceptor.invoke(StatelessRetryOperationsInterceptor.java:57)
	at org.springframework.aop.framework.ReflectiveMethodInvocation.proceed(ReflectiveMethodInvocation.java:179)
	at org.springframework.aop.framework.JdkDynamicAopProxy.invoke(JdkDynamicAopProxy.java:222)
	at org.springframework.amqp.rabbit.listener.$Proxy111.invokeListener(Unknown Source)
	at org.springframework.amqp.rabbit.listener.AbstractMessageListenerContainer.invokeListener(AbstractMessageListenerContainer.java:1599)
	at org.springframework.amqp.rabbit.listener.AbstractMessageListenerContainer.doExecuteListener(AbstractMessageListenerContainer.java:1590)
	at org.springframework.amqp.rabbit.listener.AbstractMessageListenerContainer.executeListenerAndHandleException(AbstractMessageListenerContainer.java:1539)
	at org.springframework.amqp.rabbit.listener.AbstractMessageListenerContainer.executeListener(AbstractMessageListenerContainer.java:1520)
	at org.springframework.amqp.rabbit.listener.SimpleMessageListenerContainer.doReceiveAndExecute(SimpleMessageListenerContainer.java:1116)
	at org.springframework.amqp.rabbit.listener.SimpleMessageListenerContainer.receiveAndExecute(SimpleMessageListenerContainer.java:1061)
	at org.springframework.amqp.rabbit.listener.SimpleMessageListenerContainer$AsyncMessageProcessingConsumer.mainLoop(SimpleMessageListenerContainer.java:1465)
	at org.springframework.amqp.rabbit.listener.SimpleMessageListenerContainer$AsyncMessageProcessingConsumer.run(SimpleMessageListenerContainer.java:1359)
	at java.base/java.lang.Thread.run(Thread.java:1583)
Caused by: software.amazon.awssdk.services.s3.model.NoSuchKeyException: The specified key does not exist. (Service: S3, Status Code: 404, Request ID: 9BFXR0VJ774Y678Q, Extended Request ID: 9uVo6rZpGqIc5Zo0fMOdfurnYjsMiEaIqB4W9bnBhrWRQqREntE/7f6VKBU6gfUQmHH63LAByCc=)
	at software.amazon.awssdk.core.internal.http.CombinedResponseHandler.handleErrorResponse(CombinedResponseHandler.java:125)
	at software.amazon.awssdk.core.internal.http.CombinedResponseHandler.handleResponse(CombinedResponseHandler.java:82)
	at software.amazon.awssdk.core.internal.http.CombinedResponseHandler.handle(CombinedResponseHandler.java:60)
	at software.amazon.awssdk.core.internal.http.CombinedResponseHandler.handle(CombinedResponseHandler.java:41)
	at software.amazon.awssdk.core.internal.http.pipeline.stages.HandleResponseStage.execute(HandleResponseStage.java:50)
	at software.amazon.awssdk.core.internal.http.pipeline.stages.HandleResponseStage.execute(HandleResponseStage.java:38)
	at software.amazon.awssdk.core.internal.http.pipeline.RequestPipelineBuilder$ComposingRequestPipelineStage.execute(RequestPipelineBuilder.java:206)
	at software.amazon.awssdk.core.internal.http.pipeline.stages.ApiCallAttemptTimeoutTrackingStage.execute(ApiCallAttemptTimeoutTrackingStage.java:74)
	at software.amazon.awssdk.core.internal.http.pipeline.stages.ApiCallAttemptTimeoutTrackingStage.execute(ApiCallAttemptTimeoutTrackingStage.java:43)
	at software.amazon.awssdk.core.internal.http.pipeline.stages.TimeoutExceptionHandlingStage.execute(TimeoutExceptionHandlingStage.java:79)
	at software.amazon.awssdk.core.internal.http.pipeline.stages.TimeoutExceptionHandlingStage.execute(TimeoutExceptionHandlingStage.java:41)
	at software.amazon.awssdk.core.internal.http.pipeline.stages.ApiCallAttemptMetricCollectionStage.execute(ApiCallAttemptMetricCollectionStage.java:55)
	at software.amazon.awssdk.core.internal.http.pipeline.stages.ApiCallAttemptMetricCollectionStage.execute(ApiCallAttemptMetricCollectionStage.java:39)
	at software.amazon.awssdk.core.internal.http.pipeline.stages.RetryableStage2.executeRequest(RetryableStage2.java:93)
	at software.amazon.awssdk.core.internal.http.pipeline.stages.RetryableStage2.execute(RetryableStage2.java:56)
	at software.amazon.awssdk.core.internal.http.pipeline.stages.RetryableStage2.execute(RetryableStage2.java:36)
	at software.amazon.awssdk.core.internal.http.pipeline.RequestPipelineBuilder$ComposingRequestPipelineStage.execute(RequestPipelineBuilder.java:206)
	at software.amazon.awssdk.core.internal.http.StreamManagingStage.execute(StreamManagingStage.java:53)
	at software.amazon.awssdk.core.internal.http.StreamManagingStage.execute(StreamManagingStage.java:35)
	at software.amazon.awssdk.core.internal.http.pipeline.stages.ApiCallTimeoutTrackingStage.executeWithTimer(ApiCallTimeoutTrackingStage.java:82)
	at software.amazon.awssdk.core.internal.http.pipeline.stages.ApiCallTimeoutTrackingStage.execute(ApiCallTimeoutTrackingStage.java:62)
	at software.amazon.awssdk.core.internal.http.pipeline.stages.ApiCallTimeoutTrackingStage.execute(ApiCallTimeoutTrackingStage.java:43)
	at software.amazon.awssdk.core.internal.http.pipeline.stages.ApiCallMetricCollectionStage.execute(ApiCallMetricCollectionStage.java:50)
	at software.amazon.awssdk.core.internal.http.pipeline.stages.ApiCallMetricCollectionStage.execute(ApiCallMetricCollectionStage.java:32)
	at software.amazon.awssdk.core.internal.http.pipeline.RequestPipelineBuilder$ComposingRequestPipelineStage.execute(RequestPipelineBuilder.java:206)
	at software.amazon.awssdk.core.internal.http.pipeline.RequestPipelineBuilder$ComposingRequestPipelineStage.execute(RequestPipelineBuilder.java:206)
	at software.amazon.awssdk.core.internal.http.pipeline.stages.ExecutionFailureExceptionReportingStage.execute(ExecutionFailureExceptionReportingStage.java:37)
	at software.amazon.awssdk.core.internal.http.pipeline.stages.ExecutionFailureExceptionReportingStage.execute(ExecutionFailureExceptionReportingStage.java:26)
	at software.amazon.awssdk.core.internal.http.AmazonSyncHttpClient$RequestExecutionBuilderImpl.execute(AmazonSyncHttpClient.java:210)
	at software.amazon.awssdk.core.internal.handler.BaseSyncClientHandler.invoke(BaseSyncClientHandler.java:103)
	at software.amazon.awssdk.core.internal.handler.BaseSyncClientHandler.doExecute(BaseSyncClientHandler.java:173)
	at software.amazon.awssdk.core.internal.handler.BaseSyncClientHandler.lambda$execute$0(BaseSyncClientHandler.java:66)
	at software.amazon.awssdk.core.internal.handler.BaseSyncClientHandler.measureApiCallSuccess(BaseSyncClientHandler.java:182)
	at software.amazon.awssdk.core.internal.handler.BaseSyncClientHandler.execute(BaseSyncClientHandler.java:60)
	at software.amazon.awssdk.core.client.handler.SdkSyncClientHandler.execute(SdkSyncClientHandler.java:52)
	at software.amazon.awssdk.awscore.client.handler.AwsSyncClientHandler.execute(AwsSyncClientHandler.java:60)
	at software.amazon.awssdk.services.s3.DefaultS3Client.getObject(DefaultS3Client.java:5404)
	at software.amazon.awssdk.services.s3.S3Client.getObject(S3Client.java:9482)
	at com.example.ms_report_async.infraestructure.s3.S3Adapter.download(S3Adapter.java:36)
	at com.example.ms_report_async.application.usecase.ProcessImportFileUseCaseImpl.execute(ProcessImportFileUseCaseImpl.java:41)
	... 31 common frames omitted
2026-03-03 20:30:25.780 [org.springframework.amqp.rabbit.RabbitListenerEndpointContainer#0-1] DEBUG o.s.a.r.l.a.MessagingMessageListenerAdapter [] - Processing [GenericMessage [payload={"jobId":"bb77f533-d26e-4816-a852-06265c971530", "fileKey":"estatisticas_di_2025_10-12_trusted.csv"}, headers={amqp_receivedDeliveryMode=PERSISTENT, amqp_receivedExchange=import_exchange3, amqp_deliveryTag=1, amqp_consumerQueue=import_csv_queue3, amqp_redelivered=false, amqp_receivedRoutingKey=import.csv3, amqp_contentEncoding=UTF-8, amqp_retryCount=0, id=aa8f4ad1-ff26-6acd-a2df-ba4b71a2a178, amqp_consumerTag=amq.ctag-Fz47sQk9SXOJwIcoLvHxkA, amqp_lastInBatch=false, contentType=text/plain, timestamp=1772580625780}]]
2026-03-03 20:30:25.780 [org.springframework.amqp.rabbit.RabbitListenerEndpointContainer#0-1] INFO  c.e.m.i.async.RabbitImportListener [] - Mensagem recebida do RabbitMQ: {"jobId":"bb77f533-d26e-4816-a852-06265c971530", "fileKey":"estatisticas_di_2025_10-12_trusted.csv"}
2026-03-03 20:30:25.780 [org.springframework.amqp.rabbit.RabbitListenerEndpointContainer#0-1] DEBUG c.e.m.i.async.RabbitImportListener [] - Iniciando processamento. JobId: "bb77f533-d26e-4816-a852-06265c971530", FileKey: estatisticas_di_2025_10-12_trusted.csv
2026-03-03 20:30:25.780 [org.springframework.amqp.rabbit.RabbitListenerEndpointContainer#0-1] INFO  c.e.m.a.u.ProcessImportFileUseCaseImpl [] - Iniciando processamento do arquivo. JobId: "bb77f533-d26e-4816-a852-06265c971530", FileKey: estatisticas_di_2025_10-12_trusted.csv, Bucket: brinks-bucket-1
2026-03-03 20:30:25.781 [org.springframework.amqp.rabbit.RabbitListenerEndpointContainer#0-1] INFO  c.e.m.infraestructure.s3.S3Adapter [] - Iniciando download do S3. Bucket: brinks-bucket-1, Key: estatisticas_di_2025_10-12_trusted.csv
2026-03-03 20:30:26.028 [org.springframework.amqp.rabbit.RabbitListenerEndpointContainer#0-1] ERROR c.e.m.infraestructure.s3.S3Adapter [] - Erro ao fazer download do S3. Bucket: brinks-bucket-1, Key: estatisticas_di_2025_10-12_trusted.csv
software.amazon.awssdk.services.s3.model.NoSuchKeyException: The specified key does not exist. (Service: S3, Status Code: 404, Request ID: Q9E261M2V5D92Z4F, Extended Request ID: CIuUo+l7QimutDZTlODLu3qXefLboOizSd1LS+CD0gmuRlKaElInYqlAEluNP8i+P9JyKK/debc=)
	at software.amazon.awssdk.core.internal.http.CombinedResponseHandler.handleErrorResponse(CombinedResponseHandler.java:125)
	at software.amazon.awssdk.core.internal.http.CombinedResponseHandler.handleResponse(CombinedResponseHandler.java:82)
	at software.amazon.awssdk.core.internal.http.CombinedResponseHandler.handle(CombinedResponseHandler.java:60)
	at software.amazon.awssdk.core.internal.http.CombinedResponseHandler.handle(CombinedResponseHandler.java:41)
	at software.amazon.awssdk.core.internal.http.pipeline.stages.HandleResponseStage.execute(HandleResponseStage.java:50)
	at software.amazon.awssdk.core.internal.http.pipeline.stages.HandleResponseStage.execute(HandleResponseStage.java:38)
	at software.amazon.awssdk.core.internal.http.pipeline.RequestPipelineBuilder$ComposingRequestPipelineStage.execute(RequestPipelineBuilder.java:206)
	at software.amazon.awssdk.core.internal.http.pipeline.stages.ApiCallAttemptTimeoutTrackingStage.execute(ApiCallAttemptTimeoutTrackingStage.java:74)
	at software.amazon.awssdk.core.internal.http.pipeline.stages.ApiCallAttemptTimeoutTrackingStage.execute(ApiCallAttemptTimeoutTrackingStage.java:43)
	at software.amazon.awssdk.core.internal.http.pipeline.stages.TimeoutExceptionHandlingStage.execute(TimeoutExceptionHandlingStage.java:79)
	at software.amazon.awssdk.core.internal.http.pipeline.stages.TimeoutExceptionHandlingStage.execute(TimeoutExceptionHandlingStage.java:41)
	at software.amazon.awssdk.core.internal.http.pipeline.stages.ApiCallAttemptMetricCollectionStage.execute(ApiCallAttemptMetricCollectionStage.java:55)
	at software.amazon.awssdk.core.internal.http.pipeline.stages.ApiCallAttemptMetricCollectionStage.execute(ApiCallAttemptMetricCollectionStage.java:39)
	at software.amazon.awssdk.core.internal.http.pipeline.stages.RetryableStage2.executeRequest(RetryableStage2.java:93)
	at software.amazon.awssdk.core.internal.http.pipeline.stages.RetryableStage2.execute(RetryableStage2.java:56)
	at software.amazon.awssdk.core.internal.http.pipeline.stages.RetryableStage2.execute(RetryableStage2.java:36)
	at software.amazon.awssdk.core.internal.http.pipeline.RequestPipelineBuilder$ComposingRequestPipelineStage.execute(RequestPipelineBuilder.java:206)
	at software.amazon.awssdk.core.internal.http.StreamManagingStage.execute(StreamManagingStage.java:53)
	at software.amazon.awssdk.core.internal.http.StreamManagingStage.execute(StreamManagingStage.java:35)
	at software.amazon.awssdk.core.internal.http.pipeline.stages.ApiCallTimeoutTrackingStage.executeWithTimer(ApiCallTimeoutTrackingStage.java:82)
	at software.amazon.awssdk.core.internal.http.pipeline.stages.ApiCallTimeoutTrackingStage.execute(ApiCallTimeoutTrackingStage.java:62)
	at software.amazon.awssdk.core.internal.http.pipeline.stages.ApiCallTimeoutTrackingStage.execute(ApiCallTimeoutTrackingStage.java:43)
	at software.amazon.awssdk.core.internal.http.pipeline.stages.ApiCallMetricCollectionStage.execute(ApiCallMetricCollectionStage.java:50)
	at software.amazon.awssdk.core.internal.http.pipeline.stages.ApiCallMetricCollectionStage.execute(ApiCallMetricCollectionStage.java:32)
	at software.amazon.awssdk.core.internal.http.pipeline.RequestPipelineBuilder$ComposingRequestPipelineStage.execute(RequestPipelineBuilder.java:206)
	at software.amazon.awssdk.core.internal.http.pipeline.RequestPipelineBuilder$ComposingRequestPipelineStage.execute(RequestPipelineBuilder.java:206)
	at software.amazon.awssdk.core.internal.http.pipeline.stages.ExecutionFailureExceptionReportingStage.execute(ExecutionFailureExceptionReportingStage.java:37)
	at software.amazon.awssdk.core.internal.http.pipeline.stages.ExecutionFailureExceptionReportingStage.execute(ExecutionFailureExceptionReportingStage.java:26)
	at software.amazon.awssdk.core.internal.http.AmazonSyncHttpClient$RequestExecutionBuilderImpl.execute(AmazonSyncHttpClient.java:210)
	at software.amazon.awssdk.core.internal.handler.BaseSyncClientHandler.invoke(BaseSyncClientHandler.java:103)
	at software.amazon.awssdk.core.internal.handler.BaseSyncClientHandler.doExecute(BaseSyncClientHandler.java:173)
	at software.amazon.awssdk.core.internal.handler.BaseSyncClientHandler.lambda$execute$0(BaseSyncClientHandler.java:66)
	at software.amazon.awssdk.core.internal.handler.BaseSyncClientHandler.measureApiCallSuccess(BaseSyncClientHandler.java:182)
	at software.amazon.awssdk.core.internal.handler.BaseSyncClientHandler.execute(BaseSyncClientHandler.java:60)
	at software.amazon.awssdk.core.client.handler.SdkSyncClientHandler.execute(SdkSyncClientHandler.java:52)
	at software.amazon.awssdk.awscore.client.handler.AwsSyncClientHandler.execute(AwsSyncClientHandler.java:60)
	at software.amazon.awssdk.services.s3.DefaultS3Client.getObject(DefaultS3Client.java:5404)
	at software.amazon.awssdk.services.s3.S3Client.getObject(S3Client.java:9482)
	at com.example.ms_report_async.infraestructure.s3.S3Adapter.download(S3Adapter.java:36)
	at com.example.ms_report_async.application.usecase.ProcessImportFileUseCaseImpl.execute(ProcessImportFileUseCaseImpl.java:41)
	at com.example.ms_report_async.infraestructure.async.RabbitImportListener.receive(RabbitImportListener.java:34)
	at java.base/jdk.internal.reflect.DirectMethodHandleAccessor.invoke(DirectMethodHandleAccessor.java:103)
	at java.base/java.lang.reflect.Method.invoke(Method.java:580)
	at org.springframework.messaging.handler.invocation.InvocableHandlerMethod.doInvoke(InvocableHandlerMethod.java:168)
	at org.springframework.amqp.rabbit.listener.adapter.KotlinAwareInvocableHandlerMethod.doInvoke(KotlinAwareInvocableHandlerMethod.java:47)
	at org.springframework.messaging.handler.invocation.InvocableHandlerMethod.invoke(InvocableHandlerMethod.java:119)
	at org.springframework.amqp.rabbit.listener.adapter.HandlerAdapter.invoke(HandlerAdapter.java:83)
	at org.springframework.amqp.rabbit.listener.adapter.MessagingMessageListenerAdapter.invokeHandler(MessagingMessageListenerAdapter.java:287)
	at org.springframework.amqp.rabbit.listener.adapter.MessagingMessageListenerAdapter.invokeHandlerAndProcessResult(MessagingMessageListenerAdapter.java:233)
	at org.springframework.amqp.rabbit.listener.adapter.MessagingMessageListenerAdapter.onMessage(MessagingMessageListenerAdapter.java:157)
	at org.springframework.amqp.rabbit.listener.AbstractMessageListenerContainer.doInvokeListener(AbstractMessageListenerContainer.java:1683)
	at org.springframework.amqp.rabbit.listener.AbstractMessageListenerContainer.actualInvokeListener(AbstractMessageListenerContainer.java:1612)
	at java.base/jdk.internal.reflect.DirectMethodHandleAccessor.invoke(DirectMethodHandleAccessor.java:103)
	at java.base/java.lang.reflect.Method.invoke(Method.java:580)
	at org.springframework.aop.support.AopUtils.invokeJoinpointUsingReflection(AopUtils.java:359)
	at org.springframework.aop.framework.ReflectiveMethodInvocation.invokeJoinpoint(ReflectiveMethodInvocation.java:190)
	at org.springframework.aop.framework.ReflectiveMethodInvocation.proceed(ReflectiveMethodInvocation.java:158)
	at org.springframework.core.retry.RetryTemplate.execute(RetryTemplate.java:174)
	at org.springframework.amqp.rabbit.config.StatelessRetryOperationsInterceptor.invoke(StatelessRetryOperationsInterceptor.java:57)
	at org.springframework.aop.framework.ReflectiveMethodInvocation.proceed(ReflectiveMethodInvocation.java:179)
	at org.springframework.aop.framework.JdkDynamicAopProxy.invoke(JdkDynamicAopProxy.java:222)
	at org.springframework.amqp.rabbit.listener.$Proxy111.invokeListener(Unknown Source)
	at org.springframework.amqp.rabbit.listener.AbstractMessageListenerContainer.invokeListener(AbstractMessageListenerContainer.java:1599)
	at org.springframework.amqp.rabbit.listener.AbstractMessageListenerContainer.doExecuteListener(AbstractMessageListenerContainer.java:1590)
	at org.springframework.amqp.rabbit.listener.AbstractMessageListenerContainer.executeListenerAndHandleException(AbstractMessageListenerContainer.java:1539)
	at org.springframework.amqp.rabbit.listener.AbstractMessageListenerContainer.executeListener(AbstractMessageListenerContainer.java:1520)
	at org.springframework.amqp.rabbit.listener.SimpleMessageListenerContainer.doReceiveAndExecute(SimpleMessageListenerContainer.java:1116)
	at org.springframework.amqp.rabbit.listener.SimpleMessageListenerContainer.receiveAndExecute(SimpleMessageListenerContainer.java:1061)
	at org.springframework.amqp.rabbit.listener.SimpleMessageListenerContainer$AsyncMessageProcessingConsumer.mainLoop(SimpleMessageListenerContainer.java:1465)
	at org.springframework.amqp.rabbit.listener.SimpleMessageListenerContainer$AsyncMessageProcessingConsumer.run(SimpleMessageListenerContainer.java:1359)
	at java.base/java.lang.Thread.run(Thread.java:1583)
2026-03-03 20:30:26.030 [org.springframework.amqp.rabbit.RabbitListenerEndpointContainer#0-1] ERROR c.e.m.a.u.ProcessImportFileUseCaseImpl [] - Erro ao processar arquivo. JobId: "bb77f533-d26e-4816-a852-06265c971530", FileKey: estatisticas_di_2025_10-12_trusted.csv, DuracaoMs: 249
software.amazon.awssdk.services.s3.model.NoSuchKeyException: The specified key does not exist. (Service: S3, Status Code: 404, Request ID: Q9E261M2V5D92Z4F, Extended Request ID: CIuUo+l7QimutDZTlODLu3qXefLboOizSd1LS+CD0gmuRlKaElInYqlAEluNP8i+P9JyKK/debc=)
	at software.amazon.awssdk.core.internal.http.CombinedResponseHandler.handleErrorResponse(CombinedResponseHandler.java:125)
	at software.amazon.awssdk.core.internal.http.CombinedResponseHandler.handleResponse(CombinedResponseHandler.java:82)
	at software.amazon.awssdk.core.internal.http.CombinedResponseHandler.handle(CombinedResponseHandler.java:60)
	at software.amazon.awssdk.core.internal.http.CombinedResponseHandler.handle(CombinedResponseHandler.java:41)
	at software.amazon.awssdk.core.internal.http.pipeline.stages.HandleResponseStage.execute(HandleResponseStage.java:50)
	at software.amazon.awssdk.core.internal.http.pipeline.stages.HandleResponseStage.execute(HandleResponseStage.java:38)
	at software.amazon.awssdk.core.internal.http.pipeline.RequestPipelineBuilder$ComposingRequestPipelineStage.execute(RequestPipelineBuilder.java:206)
	at software.amazon.awssdk.core.internal.http.pipeline.stages.ApiCallAttemptTimeoutTrackingStage.execute(ApiCallAttemptTimeoutTrackingStage.java:74)
	at software.amazon.awssdk.core.internal.http.pipeline.stages.ApiCallAttemptTimeoutTrackingStage.execute(ApiCallAttemptTimeoutTrackingStage.java:43)
	at software.amazon.awssdk.core.internal.http.pipeline.stages.TimeoutExceptionHandlingStage.execute(TimeoutExceptionHandlingStage.java:79)
	at software.amazon.awssdk.core.internal.http.pipeline.stages.TimeoutExceptionHandlingStage.execute(TimeoutExceptionHandlingStage.java:41)
	at software.amazon.awssdk.core.internal.http.pipeline.stages.ApiCallAttemptMetricCollectionStage.execute(ApiCallAttemptMetricCollectionStage.java:55)
	at software.amazon.awssdk.core.internal.http.pipeline.stages.ApiCallAttemptMetricCollectionStage.execute(ApiCallAttemptMetricCollectionStage.java:39)
	at software.amazon.awssdk.core.internal.http.pipeline.stages.RetryableStage2.executeRequest(RetryableStage2.java:93)
	at software.amazon.awssdk.core.internal.http.pipeline.stages.RetryableStage2.execute(RetryableStage2.java:56)
	at software.amazon.awssdk.core.internal.http.pipeline.stages.RetryableStage2.execute(RetryableStage2.java:36)
	at software.amazon.awssdk.core.internal.http.pipeline.RequestPipelineBuilder$ComposingRequestPipelineStage.execute(RequestPipelineBuilder.java:206)
	at software.amazon.awssdk.core.internal.http.StreamManagingStage.execute(StreamManagingStage.java:53)
	at software.amazon.awssdk.core.internal.http.StreamManagingStage.execute(StreamManagingStage.java:35)
	at software.amazon.awssdk.core.internal.http.pipeline.stages.ApiCallTimeoutTrackingStage.executeWithTimer(ApiCallTimeoutTrackingStage.java:82)
	at software.amazon.awssdk.core.internal.http.pipeline.stages.ApiCallTimeoutTrackingStage.execute(ApiCallTimeoutTrackingStage.java:62)
	at software.amazon.awssdk.core.internal.http.pipeline.stages.ApiCallTimeoutTrackingStage.execute(ApiCallTimeoutTrackingStage.java:43)
	at software.amazon.awssdk.core.internal.http.pipeline.stages.ApiCallMetricCollectionStage.execute(ApiCallMetricCollectionStage.java:50)
	at software.amazon.awssdk.core.internal.http.pipeline.stages.ApiCallMetricCollectionStage.execute(ApiCallMetricCollectionStage.java:32)
	at software.amazon.awssdk.core.internal.http.pipeline.RequestPipelineBuilder$ComposingRequestPipelineStage.execute(RequestPipelineBuilder.java:206)
	at software.amazon.awssdk.core.internal.http.pipeline.RequestPipelineBuilder$ComposingRequestPipelineStage.execute(RequestPipelineBuilder.java:206)
	at software.amazon.awssdk.core.internal.http.pipeline.stages.ExecutionFailureExceptionReportingStage.execute(ExecutionFailureExceptionReportingStage.java:37)
	at software.amazon.awssdk.core.internal.http.pipeline.stages.ExecutionFailureExceptionReportingStage.execute(ExecutionFailureExceptionReportingStage.java:26)
	at software.amazon.awssdk.core.internal.http.AmazonSyncHttpClient$RequestExecutionBuilderImpl.execute(AmazonSyncHttpClient.java:210)
	at software.amazon.awssdk.core.internal.handler.BaseSyncClientHandler.invoke(BaseSyncClientHandler.java:103)
	at software.amazon.awssdk.core.internal.handler.BaseSyncClientHandler.doExecute(BaseSyncClientHandler.java:173)
	at software.amazon.awssdk.core.internal.handler.BaseSyncClientHandler.lambda$execute$0(BaseSyncClientHandler.java:66)
	at software.amazon.awssdk.core.internal.handler.BaseSyncClientHandler.measureApiCallSuccess(BaseSyncClientHandler.java:182)
	at software.amazon.awssdk.core.internal.handler.BaseSyncClientHandler.execute(BaseSyncClientHandler.java:60)
	at software.amazon.awssdk.core.client.handler.SdkSyncClientHandler.execute(SdkSyncClientHandler.java:52)
	at software.amazon.awssdk.awscore.client.handler.AwsSyncClientHandler.execute(AwsSyncClientHandler.java:60)
	at software.amazon.awssdk.services.s3.DefaultS3Client.getObject(DefaultS3Client.java:5404)
	at software.amazon.awssdk.services.s3.S3Client.getObject(S3Client.java:9482)
	at com.example.ms_report_async.infraestructure.s3.S3Adapter.download(S3Adapter.java:36)
	at com.example.ms_report_async.application.usecase.ProcessImportFileUseCaseImpl.execute(ProcessImportFileUseCaseImpl.java:41)
	at com.example.ms_report_async.infraestructure.async.RabbitImportListener.receive(RabbitImportListener.java:34)
	at java.base/jdk.internal.reflect.DirectMethodHandleAccessor.invoke(DirectMethodHandleAccessor.java:103)
	at java.base/java.lang.reflect.Method.invoke(Method.java:580)
	at org.springframework.messaging.handler.invocation.InvocableHandlerMethod.doInvoke(InvocableHandlerMethod.java:168)
	at org.springframework.amqp.rabbit.listener.adapter.KotlinAwareInvocableHandlerMethod.doInvoke(KotlinAwareInvocableHandlerMethod.java:47)
	at org.springframework.messaging.handler.invocation.InvocableHandlerMethod.invoke(InvocableHandlerMethod.java:119)
	at org.springframework.amqp.rabbit.listener.adapter.HandlerAdapter.invoke(HandlerAdapter.java:83)
	at org.springframework.amqp.rabbit.listener.adapter.MessagingMessageListenerAdapter.invokeHandler(MessagingMessageListenerAdapter.java:287)
	at org.springframework.amqp.rabbit.listener.adapter.MessagingMessageListenerAdapter.invokeHandlerAndProcessResult(MessagingMessageListenerAdapter.java:233)
	at org.springframework.amqp.rabbit.listener.adapter.MessagingMessageListenerAdapter.onMessage(MessagingMessageListenerAdapter.java:157)
	at org.springframework.amqp.rabbit.listener.AbstractMessageListenerContainer.doInvokeListener(AbstractMessageListenerContainer.java:1683)
	at org.springframework.amqp.rabbit.listener.AbstractMessageListenerContainer.actualInvokeListener(AbstractMessageListenerContainer.java:1612)
	at java.base/jdk.internal.reflect.DirectMethodHandleAccessor.invoke(DirectMethodHandleAccessor.java:103)
	at java.base/java.lang.reflect.Method.invoke(Method.java:580)
	at org.springframework.aop.support.AopUtils.invokeJoinpointUsingReflection(AopUtils.java:359)
	at org.springframework.aop.framework.ReflectiveMethodInvocation.invokeJoinpoint(ReflectiveMethodInvocation.java:190)
	at org.springframework.aop.framework.ReflectiveMethodInvocation.proceed(ReflectiveMethodInvocation.java:158)
	at org.springframework.core.retry.RetryTemplate.execute(RetryTemplate.java:174)
	at org.springframework.amqp.rabbit.config.StatelessRetryOperationsInterceptor.invoke(StatelessRetryOperationsInterceptor.java:57)
	at org.springframework.aop.framework.ReflectiveMethodInvocation.proceed(ReflectiveMethodInvocation.java:179)
	at org.springframework.aop.framework.JdkDynamicAopProxy.invoke(JdkDynamicAopProxy.java:222)
	at org.springframework.amqp.rabbit.listener.$Proxy111.invokeListener(Unknown Source)
	at org.springframework.amqp.rabbit.listener.AbstractMessageListenerContainer.invokeListener(AbstractMessageListenerContainer.java:1599)
	at org.springframework.amqp.rabbit.listener.AbstractMessageListenerContainer.doExecuteListener(AbstractMessageListenerContainer.java:1590)
	at org.springframework.amqp.rabbit.listener.AbstractMessageListenerContainer.executeListenerAndHandleException(AbstractMessageListenerContainer.java:1539)
	at org.springframework.amqp.rabbit.listener.AbstractMessageListenerContainer.executeListener(AbstractMessageListenerContainer.java:1520)
	at org.springframework.amqp.rabbit.listener.SimpleMessageListenerContainer.doReceiveAndExecute(SimpleMessageListenerContainer.java:1116)
	at org.springframework.amqp.rabbit.listener.SimpleMessageListenerContainer.receiveAndExecute(SimpleMessageListenerContainer.java:1061)
	at org.springframework.amqp.rabbit.listener.SimpleMessageListenerContainer$AsyncMessageProcessingConsumer.mainLoop(SimpleMessageListenerContainer.java:1465)
	at org.springframework.amqp.rabbit.listener.SimpleMessageListenerContainer$AsyncMessageProcessingConsumer.run(SimpleMessageListenerContainer.java:1359)
	at java.base/java.lang.Thread.run(Thread.java:1583)
2026-03-03 20:30:26.031 [org.springframework.amqp.rabbit.RabbitListenerEndpointContainer#0-1] ERROR c.e.m.i.async.RabbitImportListener [] - Erro ao processar mensagem JSON: {"jobId":"bb77f533-d26e-4816-a852-06265c971530", "fileKey":"estatisticas_di_2025_10-12_trusted.csv"}
java.lang.RuntimeException: Falha ao processar arquivo: estatisticas_di_2025_10-12_trusted.csv
	at com.example.ms_report_async.application.usecase.ProcessImportFileUseCaseImpl.execute(ProcessImportFileUseCaseImpl.java:61)
	at com.example.ms_report_async.infraestructure.async.RabbitImportListener.receive(RabbitImportListener.java:34)
	at java.base/jdk.internal.reflect.DirectMethodHandleAccessor.invoke(DirectMethodHandleAccessor.java:103)
	at java.base/java.lang.reflect.Method.invoke(Method.java:580)
	at org.springframework.messaging.handler.invocation.InvocableHandlerMethod.doInvoke(InvocableHandlerMethod.java:168)
	at org.springframework.amqp.rabbit.listener.adapter.KotlinAwareInvocableHandlerMethod.doInvoke(KotlinAwareInvocableHandlerMethod.java:47)
	at org.springframework.messaging.handler.invocation.InvocableHandlerMethod.invoke(InvocableHandlerMethod.java:119)
	at org.springframework.amqp.rabbit.listener.adapter.HandlerAdapter.invoke(HandlerAdapter.java:83)
	at org.springframework.amqp.rabbit.listener.adapter.MessagingMessageListenerAdapter.invokeHandler(MessagingMessageListenerAdapter.java:287)
	at org.springframework.amqp.rabbit.listener.adapter.MessagingMessageListenerAdapter.invokeHandlerAndProcessResult(MessagingMessageListenerAdapter.java:233)
	at org.springframework.amqp.rabbit.listener.adapter.MessagingMessageListenerAdapter.onMessage(MessagingMessageListenerAdapter.java:157)
	at org.springframework.amqp.rabbit.listener.AbstractMessageListenerContainer.doInvokeListener(AbstractMessageListenerContainer.java:1683)
	at org.springframework.amqp.rabbit.listener.AbstractMessageListenerContainer.actualInvokeListener(AbstractMessageListenerContainer.java:1612)
	at java.base/jdk.internal.reflect.DirectMethodHandleAccessor.invoke(DirectMethodHandleAccessor.java:103)
	at java.base/java.lang.reflect.Method.invoke(Method.java:580)
	at org.springframework.aop.support.AopUtils.invokeJoinpointUsingReflection(AopUtils.java:359)
	at org.springframework.aop.framework.ReflectiveMethodInvocation.invokeJoinpoint(ReflectiveMethodInvocation.java:190)
	at org.springframework.aop.framework.ReflectiveMethodInvocation.proceed(ReflectiveMethodInvocation.java:158)
	at org.springframework.core.retry.RetryTemplate.execute(RetryTemplate.java:174)
	at org.springframework.amqp.rabbit.config.StatelessRetryOperationsInterceptor.invoke(StatelessRetryOperationsInterceptor.java:57)
	at org.springframework.aop.framework.ReflectiveMethodInvocation.proceed(ReflectiveMethodInvocation.java:179)
	at org.springframework.aop.framework.JdkDynamicAopProxy.invoke(JdkDynamicAopProxy.java:222)
	at org.springframework.amqp.rabbit.listener.$Proxy111.invokeListener(Unknown Source)
	at org.springframework.amqp.rabbit.listener.AbstractMessageListenerContainer.invokeListener(AbstractMessageListenerContainer.java:1599)
	at org.springframework.amqp.rabbit.listener.AbstractMessageListenerContainer.doExecuteListener(AbstractMessageListenerContainer.java:1590)
	at org.springframework.amqp.rabbit.listener.AbstractMessageListenerContainer.executeListenerAndHandleException(AbstractMessageListenerContainer.java:1539)
	at org.springframework.amqp.rabbit.listener.AbstractMessageListenerContainer.executeListener(AbstractMessageListenerContainer.java:1520)
	at org.springframework.amqp.rabbit.listener.SimpleMessageListenerContainer.doReceiveAndExecute(SimpleMessageListenerContainer.java:1116)
	at org.springframework.amqp.rabbit.listener.SimpleMessageListenerContainer.receiveAndExecute(SimpleMessageListenerContainer.java:1061)
	at org.springframework.amqp.rabbit.listener.SimpleMessageListenerContainer$AsyncMessageProcessingConsumer.mainLoop(SimpleMessageListenerContainer.java:1465)
	at org.springframework.amqp.rabbit.listener.SimpleMessageListenerContainer$AsyncMessageProcessingConsumer.run(SimpleMessageListenerContainer.java:1359)
	at java.base/java.lang.Thread.run(Thread.java:1583)
Caused by: software.amazon.awssdk.services.s3.model.NoSuchKeyException: The specified key does not exist. (Service: S3, Status Code: 404, Request ID: Q9E261M2V5D92Z4F, Extended Request ID: CIuUo+l7QimutDZTlODLu3qXefLboOizSd1LS+CD0gmuRlKaElInYqlAEluNP8i+P9JyKK/debc=)
	at software.amazon.awssdk.core.internal.http.CombinedResponseHandler.handleErrorResponse(CombinedResponseHandler.java:125)
	at software.amazon.awssdk.core.internal.http.CombinedResponseHandler.handleResponse(CombinedResponseHandler.java:82)
	at software.amazon.awssdk.core.internal.http.CombinedResponseHandler.handle(CombinedResponseHandler.java:60)
	at software.amazon.awssdk.core.internal.http.CombinedResponseHandler.handle(CombinedResponseHandler.java:41)
	at software.amazon.awssdk.core.internal.http.pipeline.stages.HandleResponseStage.execute(HandleResponseStage.java:50)
	at software.amazon.awssdk.core.internal.http.pipeline.stages.HandleResponseStage.execute(HandleResponseStage.java:38)
	at software.amazon.awssdk.core.internal.http.pipeline.RequestPipelineBuilder$ComposingRequestPipelineStage.execute(RequestPipelineBuilder.java:206)
	at software.amazon.awssdk.core.internal.http.pipeline.stages.ApiCallAttemptTimeoutTrackingStage.execute(ApiCallAttemptTimeoutTrackingStage.java:74)
	at software.amazon.awssdk.core.internal.http.pipeline.stages.ApiCallAttemptTimeoutTrackingStage.execute(ApiCallAttemptTimeoutTrackingStage.java:43)
	at software.amazon.awssdk.core.internal.http.pipeline.stages.TimeoutExceptionHandlingStage.execute(TimeoutExceptionHandlingStage.java:79)
	at software.amazon.awssdk.core.internal.http.pipeline.stages.TimeoutExceptionHandlingStage.execute(TimeoutExceptionHandlingStage.java:41)
	at software.amazon.awssdk.core.internal.http.pipeline.stages.ApiCallAttemptMetricCollectionStage.execute(ApiCallAttemptMetricCollectionStage.java:55)
	at software.amazon.awssdk.core.internal.http.pipeline.stages.ApiCallAttemptMetricCollectionStage.execute(ApiCallAttemptMetricCollectionStage.java:39)
	at software.amazon.awssdk.core.internal.http.pipeline.stages.RetryableStage2.executeRequest(RetryableStage2.java:93)
	at software.amazon.awssdk.core.internal.http.pipeline.stages.RetryableStage2.execute(RetryableStage2.java:56)
	at software.amazon.awssdk.core.internal.http.pipeline.stages.RetryableStage2.execute(RetryableStage2.java:36)
	at software.amazon.awssdk.core.internal.http.pipeline.RequestPipelineBuilder$ComposingRequestPipelineStage.execute(RequestPipelineBuilder.java:206)
	at software.amazon.awssdk.core.internal.http.StreamManagingStage.execute(StreamManagingStage.java:53)
	at software.amazon.awssdk.core.internal.http.StreamManagingStage.execute(StreamManagingStage.java:35)
	at software.amazon.awssdk.core.internal.http.pipeline.stages.ApiCallTimeoutTrackingStage.executeWithTimer(ApiCallTimeoutTrackingStage.java:82)
	at software.amazon.awssdk.core.internal.http.pipeline.stages.ApiCallTimeoutTrackingStage.execute(ApiCallTimeoutTrackingStage.java:62)
	at software.amazon.awssdk.core.internal.http.pipeline.stages.ApiCallTimeoutTrackingStage.execute(ApiCallTimeoutTrackingStage.java:43)
	at software.amazon.awssdk.core.internal.http.pipeline.stages.ApiCallMetricCollectionStage.execute(ApiCallMetricCollectionStage.java:50)
	at software.amazon.awssdk.core.internal.http.pipeline.stages.ApiCallMetricCollectionStage.execute(ApiCallMetricCollectionStage.java:32)
	at software.amazon.awssdk.core.internal.http.pipeline.RequestPipelineBuilder$ComposingRequestPipelineStage.execute(RequestPipelineBuilder.java:206)
	at software.amazon.awssdk.core.internal.http.pipeline.RequestPipelineBuilder$ComposingRequestPipelineStage.execute(RequestPipelineBuilder.java:206)
	at software.amazon.awssdk.core.internal.http.pipeline.stages.ExecutionFailureExceptionReportingStage.execute(ExecutionFailureExceptionReportingStage.java:37)
	at software.amazon.awssdk.core.internal.http.pipeline.stages.ExecutionFailureExceptionReportingStage.execute(ExecutionFailureExceptionReportingStage.java:26)
	at software.amazon.awssdk.core.internal.http.AmazonSyncHttpClient$RequestExecutionBuilderImpl.execute(AmazonSyncHttpClient.java:210)
	at software.amazon.awssdk.core.internal.handler.BaseSyncClientHandler.invoke(BaseSyncClientHandler.java:103)
	at software.amazon.awssdk.core.internal.handler.BaseSyncClientHandler.doExecute(BaseSyncClientHandler.java:173)
	at software.amazon.awssdk.core.internal.handler.BaseSyncClientHandler.lambda$execute$0(BaseSyncClientHandler.java:66)
	at software.amazon.awssdk.core.internal.handler.BaseSyncClientHandler.measureApiCallSuccess(BaseSyncClientHandler.java:182)
	at software.amazon.awssdk.core.internal.handler.BaseSyncClientHandler.execute(BaseSyncClientHandler.java:60)
	at software.amazon.awssdk.core.client.handler.SdkSyncClientHandler.execute(SdkSyncClientHandler.java:52)
	at software.amazon.awssdk.awscore.client.handler.AwsSyncClientHandler.execute(AwsSyncClientHandler.java:60)
	at software.amazon.awssdk.services.s3.DefaultS3Client.getObject(DefaultS3Client.java:5404)
	at software.amazon.awssdk.services.s3.S3Client.getObject(S3Client.java:9482)
	at com.example.ms_report_async.infraestructure.s3.S3Adapter.download(S3Adapter.java:36)
	at com.example.ms_report_async.application.usecase.ProcessImportFileUseCaseImpl.execute(ProcessImportFileUseCaseImpl.java:41)
	... 31 common frames omitted
2026-03-03 20:30:30.036 [org.springframework.amqp.rabbit.RabbitListenerEndpointContainer#0-1] DEBUG o.s.a.r.l.a.MessagingMessageListenerAdapter [] - Processing [GenericMessage [payload={"jobId":"bb77f533-d26e-4816-a852-06265c971530", "fileKey":"estatisticas_di_2025_10-12_trusted.csv"}, headers={amqp_receivedDeliveryMode=PERSISTENT, amqp_receivedExchange=import_exchange3, amqp_deliveryTag=1, amqp_consumerQueue=import_csv_queue3, amqp_redelivered=false, amqp_receivedRoutingKey=import.csv3, amqp_contentEncoding=UTF-8, amqp_retryCount=0, id=10cab6f0-c284-8d16-9973-e9fa61d47724, amqp_consumerTag=amq.ctag-Fz47sQk9SXOJwIcoLvHxkA, amqp_lastInBatch=false, contentType=text/plain, timestamp=1772580630036}]]
2026-03-03 20:30:30.036 [org.springframework.amqp.rabbit.RabbitListenerEndpointContainer#0-1] INFO  c.e.m.i.async.RabbitImportListener [] - Mensagem recebida do RabbitMQ: {"jobId":"bb77f533-d26e-4816-a852-06265c971530", "fileKey":"estatisticas_di_2025_10-12_trusted.csv"}
2026-03-03 20:30:30.036 [org.springframework.amqp.rabbit.RabbitListenerEndpointContainer#0-1] DEBUG c.e.m.i.async.RabbitImportListener [] - Iniciando processamento. JobId: "bb77f533-d26e-4816-a852-06265c971530", FileKey: estatisticas_di_2025_10-12_trusted.csv
2026-03-03 20:30:30.036 [org.springframework.amqp.rabbit.RabbitListenerEndpointContainer#0-1] INFO  c.e.m.a.u.ProcessImportFileUseCaseImpl [] - Iniciando processamento do arquivo. JobId: "bb77f533-d26e-4816-a852-06265c971530", FileKey: estatisticas_di_2025_10-12_trusted.csv, Bucket: brinks-bucket-1
2026-03-03 20:30:30.036 [org.springframework.amqp.rabbit.RabbitListenerEndpointContainer#0-1] INFO  c.e.m.infraestructure.s3.S3Adapter [] - Iniciando download do S3. Bucket: brinks-bucket-1, Key: estatisticas_di_2025_10-12_trusted.csv
2026-03-03 20:30:30.272 [org.springframework.amqp.rabbit.RabbitListenerEndpointContainer#0-1] ERROR c.e.m.infraestructure.s3.S3Adapter [] - Erro ao fazer download do S3. Bucket: brinks-bucket-1, Key: estatisticas_di_2025_10-12_trusted.csv
software.amazon.awssdk.services.s3.model.NoSuchKeyException: The specified key does not exist. (Service: S3, Status Code: 404, Request ID: 4QESE4FXDD5EBSKQ, Extended Request ID: OjfDKvcRNw1YBP1UY+bclzm6/Uay+pRqVzsmKxeMGH+fh0kEfMFfGeo9gplhApVey+clpKvFbU0=)
	at software.amazon.awssdk.core.internal.http.CombinedResponseHandler.handleErrorResponse(CombinedResponseHandler.java:125)
	at software.amazon.awssdk.core.internal.http.CombinedResponseHandler.handleResponse(CombinedResponseHandler.java:82)
	at software.amazon.awssdk.core.internal.http.CombinedResponseHandler.handle(CombinedResponseHandler.java:60)
	at software.amazon.awssdk.core.internal.http.CombinedResponseHandler.handle(CombinedResponseHandler.java:41)
	at software.amazon.awssdk.core.internal.http.pipeline.stages.HandleResponseStage.execute(HandleResponseStage.java:50)
	at software.amazon.awssdk.core.internal.http.pipeline.stages.HandleResponseStage.execute(HandleResponseStage.java:38)
	at software.amazon.awssdk.core.internal.http.pipeline.RequestPipelineBuilder$ComposingRequestPipelineStage.execute(RequestPipelineBuilder.java:206)
	at software.amazon.awssdk.core.internal.http.pipeline.stages.ApiCallAttemptTimeoutTrackingStage.execute(ApiCallAttemptTimeoutTrackingStage.java:74)
	at software.amazon.awssdk.core.internal.http.pipeline.stages.ApiCallAttemptTimeoutTrackingStage.execute(ApiCallAttemptTimeoutTrackingStage.java:43)
	at software.amazon.awssdk.core.internal.http.pipeline.stages.TimeoutExceptionHandlingStage.execute(TimeoutExceptionHandlingStage.java:79)
	at software.amazon.awssdk.core.internal.http.pipeline.stages.TimeoutExceptionHandlingStage.execute(TimeoutExceptionHandlingStage.java:41)
	at software.amazon.awssdk.core.internal.http.pipeline.stages.ApiCallAttemptMetricCollectionStage.execute(ApiCallAttemptMetricCollectionStage.java:55)
	at software.amazon.awssdk.core.internal.http.pipeline.stages.ApiCallAttemptMetricCollectionStage.execute(ApiCallAttemptMetricCollectionStage.java:39)
	at software.amazon.awssdk.core.internal.http.pipeline.stages.RetryableStage2.executeRequest(RetryableStage2.java:93)
	at software.amazon.awssdk.core.internal.http.pipeline.stages.RetryableStage2.execute(RetryableStage2.java:56)
	at software.amazon.awssdk.core.internal.http.pipeline.stages.RetryableStage2.execute(RetryableStage2.java:36)
	at software.amazon.awssdk.core.internal.http.pipeline.RequestPipelineBuilder$ComposingRequestPipelineStage.execute(RequestPipelineBuilder.java:206)
	at software.amazon.awssdk.core.internal.http.StreamManagingStage.execute(StreamManagingStage.java:53)
	at software.amazon.awssdk.core.internal.http.StreamManagingStage.execute(StreamManagingStage.java:35)
	at software.amazon.awssdk.core.internal.http.pipeline.stages.ApiCallTimeoutTrackingStage.executeWithTimer(ApiCallTimeoutTrackingStage.java:82)
	at software.amazon.awssdk.core.internal.http.pipeline.stages.ApiCallTimeoutTrackingStage.execute(ApiCallTimeoutTrackingStage.java:62)
	at software.amazon.awssdk.core.internal.http.pipeline.stages.ApiCallTimeoutTrackingStage.execute(ApiCallTimeoutTrackingStage.java:43)
	at software.amazon.awssdk.core.internal.http.pipeline.stages.ApiCallMetricCollectionStage.execute(ApiCallMetricCollectionStage.java:50)
	at software.amazon.awssdk.core.internal.http.pipeline.stages.ApiCallMetricCollectionStage.execute(ApiCallMetricCollectionStage.java:32)
	at software.amazon.awssdk.core.internal.http.pipeline.RequestPipelineBuilder$ComposingRequestPipelineStage.execute(RequestPipelineBuilder.java:206)
	at software.amazon.awssdk.core.internal.http.pipeline.RequestPipelineBuilder$ComposingRequestPipelineStage.execute(RequestPipelineBuilder.java:206)
	at software.amazon.awssdk.core.internal.http.pipeline.stages.ExecutionFailureExceptionReportingStage.execute(ExecutionFailureExceptionReportingStage.java:37)
	at software.amazon.awssdk.core.internal.http.pipeline.stages.ExecutionFailureExceptionReportingStage.execute(ExecutionFailureExceptionReportingStage.java:26)
	at software.amazon.awssdk.core.internal.http.AmazonSyncHttpClient$RequestExecutionBuilderImpl.execute(AmazonSyncHttpClient.java:210)
	at software.amazon.awssdk.core.internal.handler.BaseSyncClientHandler.invoke(BaseSyncClientHandler.java:103)
	at software.amazon.awssdk.core.internal.handler.BaseSyncClientHandler.doExecute(BaseSyncClientHandler.java:173)
	at software.amazon.awssdk.core.internal.handler.BaseSyncClientHandler.lambda$execute$0(BaseSyncClientHandler.java:66)
	at software.amazon.awssdk.core.internal.handler.BaseSyncClientHandler.measureApiCallSuccess(BaseSyncClientHandler.java:182)
	at software.amazon.awssdk.core.internal.handler.BaseSyncClientHandler.execute(BaseSyncClientHandler.java:60)
	at software.amazon.awssdk.core.client.handler.SdkSyncClientHandler.execute(SdkSyncClientHandler.java:52)
	at software.amazon.awssdk.awscore.client.handler.AwsSyncClientHandler.execute(AwsSyncClientHandler.java:60)
	at software.amazon.awssdk.services.s3.DefaultS3Client.getObject(DefaultS3Client.java:5404)
	at software.amazon.awssdk.services.s3.S3Client.getObject(S3Client.java:9482)
	at com.example.ms_report_async.infraestructure.s3.S3Adapter.download(S3Adapter.java:36)
	at com.example.ms_report_async.application.usecase.ProcessImportFileUseCaseImpl.execute(ProcessImportFileUseCaseImpl.java:41)
	at com.example.ms_report_async.infraestructure.async.RabbitImportListener.receive(RabbitImportListener.java:34)
	at java.base/jdk.internal.reflect.DirectMethodHandleAccessor.invoke(DirectMethodHandleAccessor.java:103)
	at java.base/java.lang.reflect.Method.invoke(Method.java:580)
	at org.springframework.messaging.handler.invocation.InvocableHandlerMethod.doInvoke(InvocableHandlerMethod.java:168)
	at org.springframework.amqp.rabbit.listener.adapter.KotlinAwareInvocableHandlerMethod.doInvoke(KotlinAwareInvocableHandlerMethod.java:47)
	at org.springframework.messaging.handler.invocation.InvocableHandlerMethod.invoke(InvocableHandlerMethod.java:119)
	at org.springframework.amqp.rabbit.listener.adapter.HandlerAdapter.invoke(HandlerAdapter.java:83)
	at org.springframework.amqp.rabbit.listener.adapter.MessagingMessageListenerAdapter.invokeHandler(MessagingMessageListenerAdapter.java:287)
	at org.springframework.amqp.rabbit.listener.adapter.MessagingMessageListenerAdapter.invokeHandlerAndProcessResult(MessagingMessageListenerAdapter.java:233)
	at org.springframework.amqp.rabbit.listener.adapter.MessagingMessageListenerAdapter.onMessage(MessagingMessageListenerAdapter.java:157)
	at org.springframework.amqp.rabbit.listener.AbstractMessageListenerContainer.doInvokeListener(AbstractMessageListenerContainer.java:1683)
	at org.springframework.amqp.rabbit.listener.AbstractMessageListenerContainer.actualInvokeListener(AbstractMessageListenerContainer.java:1612)
	at java.base/jdk.internal.reflect.DirectMethodHandleAccessor.invoke(DirectMethodHandleAccessor.java:103)
	at java.base/java.lang.reflect.Method.invoke(Method.java:580)
	at org.springframework.aop.support.AopUtils.invokeJoinpointUsingReflection(AopUtils.java:359)
	at org.springframework.aop.framework.ReflectiveMethodInvocation.invokeJoinpoint(ReflectiveMethodInvocation.java:190)
	at org.springframework.aop.framework.ReflectiveMethodInvocation.proceed(ReflectiveMethodInvocation.java:158)
	at org.springframework.core.retry.RetryTemplate.execute(RetryTemplate.java:174)
	at org.springframework.amqp.rabbit.config.StatelessRetryOperationsInterceptor.invoke(StatelessRetryOperationsInterceptor.java:57)
	at org.springframework.aop.framework.ReflectiveMethodInvocation.proceed(ReflectiveMethodInvocation.java:179)
	at org.springframework.aop.framework.JdkDynamicAopProxy.invoke(JdkDynamicAopProxy.java:222)
	at org.springframework.amqp.rabbit.listener.$Proxy111.invokeListener(Unknown Source)
	at org.springframework.amqp.rabbit.listener.AbstractMessageListenerContainer.invokeListener(AbstractMessageListenerContainer.java:1599)
	at org.springframework.amqp.rabbit.listener.AbstractMessageListenerContainer.doExecuteListener(AbstractMessageListenerContainer.java:1590)
	at org.springframework.amqp.rabbit.listener.AbstractMessageListenerContainer.executeListenerAndHandleException(AbstractMessageListenerContainer.java:1539)
	at org.springframework.amqp.rabbit.listener.AbstractMessageListenerContainer.executeListener(AbstractMessageListenerContainer.java:1520)
	at org.springframework.amqp.rabbit.listener.SimpleMessageListenerContainer.doReceiveAndExecute(SimpleMessageListenerContainer.java:1116)
	at org.springframework.amqp.rabbit.listener.SimpleMessageListenerContainer.receiveAndExecute(SimpleMessageListenerContainer.java:1061)
	at org.springframework.amqp.rabbit.listener.SimpleMessageListenerContainer$AsyncMessageProcessingConsumer.mainLoop(SimpleMessageListenerContainer.java:1465)
	at org.springframework.amqp.rabbit.listener.SimpleMessageListenerContainer$AsyncMessageProcessingConsumer.run(SimpleMessageListenerContainer.java:1359)
	at java.base/java.lang.Thread.run(Thread.java:1583)
2026-03-03 20:30:30.272 [org.springframework.amqp.rabbit.RabbitListenerEndpointContainer#0-1] ERROR c.e.m.a.u.ProcessImportFileUseCaseImpl [] - Erro ao processar arquivo. JobId: "bb77f533-d26e-4816-a852-06265c971530", FileKey: estatisticas_di_2025_10-12_trusted.csv, DuracaoMs: 236
software.amazon.awssdk.services.s3.model.NoSuchKeyException: The specified key does not exist. (Service: S3, Status Code: 404, Request ID: 4QESE4FXDD5EBSKQ, Extended Request ID: OjfDKvcRNw1YBP1UY+bclzm6/Uay+pRqVzsmKxeMGH+fh0kEfMFfGeo9gplhApVey+clpKvFbU0=)
	at software.amazon.awssdk.core.internal.http.CombinedResponseHandler.handleErrorResponse(CombinedResponseHandler.java:125)
	at software.amazon.awssdk.core.internal.http.CombinedResponseHandler.handleResponse(CombinedResponseHandler.java:82)
	at software.amazon.awssdk.core.internal.http.CombinedResponseHandler.handle(CombinedResponseHandler.java:60)
	at software.amazon.awssdk.core.internal.http.CombinedResponseHandler.handle(CombinedResponseHandler.java:41)
	at software.amazon.awssdk.core.internal.http.pipeline.stages.HandleResponseStage.execute(HandleResponseStage.java:50)
	at software.amazon.awssdk.core.internal.http.pipeline.stages.HandleResponseStage.execute(HandleResponseStage.java:38)
	at software.amazon.awssdk.core.internal.http.pipeline.RequestPipelineBuilder$ComposingRequestPipelineStage.execute(RequestPipelineBuilder.java:206)
	at software.amazon.awssdk.core.internal.http.pipeline.stages.ApiCallAttemptTimeoutTrackingStage.execute(ApiCallAttemptTimeoutTrackingStage.java:74)
	at software.amazon.awssdk.core.internal.http.pipeline.stages.ApiCallAttemptTimeoutTrackingStage.execute(ApiCallAttemptTimeoutTrackingStage.java:43)
	at software.amazon.awssdk.core.internal.http.pipeline.stages.TimeoutExceptionHandlingStage.execute(TimeoutExceptionHandlingStage.java:79)
	at software.amazon.awssdk.core.internal.http.pipeline.stages.TimeoutExceptionHandlingStage.execute(TimeoutExceptionHandlingStage.java:41)
	at software.amazon.awssdk.core.internal.http.pipeline.stages.ApiCallAttemptMetricCollectionStage.execute(ApiCallAttemptMetricCollectionStage.java:55)
	at software.amazon.awssdk.core.internal.http.pipeline.stages.ApiCallAttemptMetricCollectionStage.execute(ApiCallAttemptMetricCollectionStage.java:39)
	at software.amazon.awssdk.core.internal.http.pipeline.stages.RetryableStage2.executeRequest(RetryableStage2.java:93)
	at software.amazon.awssdk.core.internal.http.pipeline.stages.RetryableStage2.execute(RetryableStage2.java:56)
	at software.amazon.awssdk.core.internal.http.pipeline.stages.RetryableStage2.execute(RetryableStage2.java:36)
	at software.amazon.awssdk.core.internal.http.pipeline.RequestPipelineBuilder$ComposingRequestPipelineStage.execute(RequestPipelineBuilder.java:206)
	at software.amazon.awssdk.core.internal.http.StreamManagingStage.execute(StreamManagingStage.java:53)
	at software.amazon.awssdk.core.internal.http.StreamManagingStage.execute(StreamManagingStage.java:35)
	at software.amazon.awssdk.core.internal.http.pipeline.stages.ApiCallTimeoutTrackingStage.executeWithTimer(ApiCallTimeoutTrackingStage.java:82)
	at software.amazon.awssdk.core.internal.http.pipeline.stages.ApiCallTimeoutTrackingStage.execute(ApiCallTimeoutTrackingStage.java:62)
	at software.amazon.awssdk.core.internal.http.pipeline.stages.ApiCallTimeoutTrackingStage.execute(ApiCallTimeoutTrackingStage.java:43)
	at software.amazon.awssdk.core.internal.http.pipeline.stages.ApiCallMetricCollectionStage.execute(ApiCallMetricCollectionStage.java:50)
	at software.amazon.awssdk.core.internal.http.pipeline.stages.ApiCallMetricCollectionStage.execute(ApiCallMetricCollectionStage.java:32)
	at software.amazon.awssdk.core.internal.http.pipeline.RequestPipelineBuilder$ComposingRequestPipelineStage.execute(RequestPipelineBuilder.java:206)
	at software.amazon.awssdk.core.internal.http.pipeline.RequestPipelineBuilder$ComposingRequestPipelineStage.execute(RequestPipelineBuilder.java:206)
	at software.amazon.awssdk.core.internal.http.pipeline.stages.ExecutionFailureExceptionReportingStage.execute(ExecutionFailureExceptionReportingStage.java:37)
	at software.amazon.awssdk.core.internal.http.pipeline.stages.ExecutionFailureExceptionReportingStage.execute(ExecutionFailureExceptionReportingStage.java:26)
	at software.amazon.awssdk.core.internal.http.AmazonSyncHttpClient$RequestExecutionBuilderImpl.execute(AmazonSyncHttpClient.java:210)
	at software.amazon.awssdk.core.internal.handler.BaseSyncClientHandler.invoke(BaseSyncClientHandler.java:103)
	at software.amazon.awssdk.core.internal.handler.BaseSyncClientHandler.doExecute(BaseSyncClientHandler.java:173)
	at software.amazon.awssdk.core.internal.handler.BaseSyncClientHandler.lambda$execute$0(BaseSyncClientHandler.java:66)
	at software.amazon.awssdk.core.internal.handler.BaseSyncClientHandler.measureApiCallSuccess(BaseSyncClientHandler.java:182)
	at software.amazon.awssdk.core.internal.handler.BaseSyncClientHandler.execute(BaseSyncClientHandler.java:60)
	at software.amazon.awssdk.core.client.handler.SdkSyncClientHandler.execute(SdkSyncClientHandler.java:52)
	at software.amazon.awssdk.awscore.client.handler.AwsSyncClientHandler.execute(AwsSyncClientHandler.java:60)
	at software.amazon.awssdk.services.s3.DefaultS3Client.getObject(DefaultS3Client.java:5404)
	at software.amazon.awssdk.services.s3.S3Client.getObject(S3Client.java:9482)
	at com.example.ms_report_async.infraestructure.s3.S3Adapter.download(S3Adapter.java:36)
	at com.example.ms_report_async.application.usecase.ProcessImportFileUseCaseImpl.execute(ProcessImportFileUseCaseImpl.java:41)
	at com.example.ms_report_async.infraestructure.async.RabbitImportListener.receive(RabbitImportListener.java:34)
	at java.base/jdk.internal.reflect.DirectMethodHandleAccessor.invoke(DirectMethodHandleAccessor.java:103)
	at java.base/java.lang.reflect.Method.invoke(Method.java:580)
	at org.springframework.messaging.handler.invocation.InvocableHandlerMethod.doInvoke(InvocableHandlerMethod.java:168)
	at org.springframework.amqp.rabbit.listener.adapter.KotlinAwareInvocableHandlerMethod.doInvoke(KotlinAwareInvocableHandlerMethod.java:47)
	at org.springframework.messaging.handler.invocation.InvocableHandlerMethod.invoke(InvocableHandlerMethod.java:119)
	at org.springframework.amqp.rabbit.listener.adapter.HandlerAdapter.invoke(HandlerAdapter.java:83)
	at org.springframework.amqp.rabbit.listener.adapter.MessagingMessageListenerAdapter.invokeHandler(MessagingMessageListenerAdapter.java:287)
	at org.springframework.amqp.rabbit.listener.adapter.MessagingMessageListenerAdapter.invokeHandlerAndProcessResult(MessagingMessageListenerAdapter.java:233)
	at org.springframework.amqp.rabbit.listener.adapter.MessagingMessageListenerAdapter.onMessage(MessagingMessageListenerAdapter.java:157)
	at org.springframework.amqp.rabbit.listener.AbstractMessageListenerContainer.doInvokeListener(AbstractMessageListenerContainer.java:1683)
	at org.springframework.amqp.rabbit.listener.AbstractMessageListenerContainer.actualInvokeListener(AbstractMessageListenerContainer.java:1612)
	at java.base/jdk.internal.reflect.DirectMethodHandleAccessor.invoke(DirectMethodHandleAccessor.java:103)
	at java.base/java.lang.reflect.Method.invoke(Method.java:580)
	at org.springframework.aop.support.AopUtils.invokeJoinpointUsingReflection(AopUtils.java:359)
	at org.springframework.aop.framework.ReflectiveMethodInvocation.invokeJoinpoint(ReflectiveMethodInvocation.java:190)
	at org.springframework.aop.framework.ReflectiveMethodInvocation.proceed(ReflectiveMethodInvocation.java:158)
	at org.springframework.core.retry.RetryTemplate.execute(RetryTemplate.java:174)
	at org.springframework.amqp.rabbit.config.StatelessRetryOperationsInterceptor.invoke(StatelessRetryOperationsInterceptor.java:57)
	at org.springframework.aop.framework.ReflectiveMethodInvocation.proceed(ReflectiveMethodInvocation.java:179)
	at org.springframework.aop.framework.JdkDynamicAopProxy.invoke(JdkDynamicAopProxy.java:222)
	at org.springframework.amqp.rabbit.listener.$Proxy111.invokeListener(Unknown Source)
	at org.springframework.amqp.rabbit.listener.AbstractMessageListenerContainer.invokeListener(AbstractMessageListenerContainer.java:1599)
	at org.springframework.amqp.rabbit.listener.AbstractMessageListenerContainer.doExecuteListener(AbstractMessageListenerContainer.java:1590)
	at org.springframework.amqp.rabbit.listener.AbstractMessageListenerContainer.executeListenerAndHandleException(AbstractMessageListenerContainer.java:1539)
	at org.springframework.amqp.rabbit.listener.AbstractMessageListenerContainer.executeListener(AbstractMessageListenerContainer.java:1520)
	at org.springframework.amqp.rabbit.listener.SimpleMessageListenerContainer.doReceiveAndExecute(SimpleMessageListenerContainer.java:1116)
	at org.springframework.amqp.rabbit.listener.SimpleMessageListenerContainer.receiveAndExecute(SimpleMessageListenerContainer.java:1061)
	at org.springframework.amqp.rabbit.listener.SimpleMessageListenerContainer$AsyncMessageProcessingConsumer.mainLoop(SimpleMessageListenerContainer.java:1465)
	at org.springframework.amqp.rabbit.listener.SimpleMessageListenerContainer$AsyncMessageProcessingConsumer.run(SimpleMessageListenerContainer.java:1359)
	at java.base/java.lang.Thread.run(Thread.java:1583)
2026-03-03 20:30:30.272 [org.springframework.amqp.rabbit.RabbitListenerEndpointContainer#0-1] ERROR c.e.m.i.async.RabbitImportListener [] - Erro ao processar mensagem JSON: {"jobId":"bb77f533-d26e-4816-a852-06265c971530", "fileKey":"estatisticas_di_2025_10-12_trusted.csv"}
java.lang.RuntimeException: Falha ao processar arquivo: estatisticas_di_2025_10-12_trusted.csv
	at com.example.ms_report_async.application.usecase.ProcessImportFileUseCaseImpl.execute(ProcessImportFileUseCaseImpl.java:61)
	at com.example.ms_report_async.infraestructure.async.RabbitImportListener.receive(RabbitImportListener.java:34)
	at java.base/jdk.internal.reflect.DirectMethodHandleAccessor.invoke(DirectMethodHandleAccessor.java:103)
	at java.base/java.lang.reflect.Method.invoke(Method.java:580)
	at org.springframework.messaging.handler.invocation.InvocableHandlerMethod.doInvoke(InvocableHandlerMethod.java:168)
	at org.springframework.amqp.rabbit.listener.adapter.KotlinAwareInvocableHandlerMethod.doInvoke(KotlinAwareInvocableHandlerMethod.java:47)
	at org.springframework.messaging.handler.invocation.InvocableHandlerMethod.invoke(InvocableHandlerMethod.java:119)
	at org.springframework.amqp.rabbit.listener.adapter.HandlerAdapter.invoke(HandlerAdapter.java:83)
	at org.springframework.amqp.rabbit.listener.adapter.MessagingMessageListenerAdapter.invokeHandler(MessagingMessageListenerAdapter.java:287)
	at org.springframework.amqp.rabbit.listener.adapter.MessagingMessageListenerAdapter.invokeHandlerAndProcessResult(MessagingMessageListenerAdapter.java:233)
	at org.springframework.amqp.rabbit.listener.adapter.MessagingMessageListenerAdapter.onMessage(MessagingMessageListenerAdapter.java:157)
	at org.springframework.amqp.rabbit.listener.AbstractMessageListenerContainer.doInvokeListener(AbstractMessageListenerContainer.java:1683)
	at org.springframework.amqp.rabbit.listener.AbstractMessageListenerContainer.actualInvokeListener(AbstractMessageListenerContainer.java:1612)
	at java.base/jdk.internal.reflect.DirectMethodHandleAccessor.invoke(DirectMethodHandleAccessor.java:103)
	at java.base/java.lang.reflect.Method.invoke(Method.java:580)
	at org.springframework.aop.support.AopUtils.invokeJoinpointUsingReflection(AopUtils.java:359)
	at org.springframework.aop.framework.ReflectiveMethodInvocation.invokeJoinpoint(ReflectiveMethodInvocation.java:190)
	at org.springframework.aop.framework.ReflectiveMethodInvocation.proceed(ReflectiveMethodInvocation.java:158)
	at org.springframework.core.retry.RetryTemplate.execute(RetryTemplate.java:174)
	at org.springframework.amqp.rabbit.config.StatelessRetryOperationsInterceptor.invoke(StatelessRetryOperationsInterceptor.java:57)
	at org.springframework.aop.framework.ReflectiveMethodInvocation.proceed(ReflectiveMethodInvocation.java:179)
	at org.springframework.aop.framework.JdkDynamicAopProxy.invoke(JdkDynamicAopProxy.java:222)
	at org.springframework.amqp.rabbit.listener.$Proxy111.invokeListener(Unknown Source)
	at org.springframework.amqp.rabbit.listener.AbstractMessageListenerContainer.invokeListener(AbstractMessageListenerContainer.java:1599)
	at org.springframework.amqp.rabbit.listener.AbstractMessageListenerContainer.doExecuteListener(AbstractMessageListenerContainer.java:1590)
	at org.springframework.amqp.rabbit.listener.AbstractMessageListenerContainer.executeListenerAndHandleException(AbstractMessageListenerContainer.java:1539)
	at org.springframework.amqp.rabbit.listener.AbstractMessageListenerContainer.executeListener(AbstractMessageListenerContainer.java:1520)
	at org.springframework.amqp.rabbit.listener.SimpleMessageListenerContainer.doReceiveAndExecute(SimpleMessageListenerContainer.java:1116)
	at org.springframework.amqp.rabbit.listener.SimpleMessageListenerContainer.receiveAndExecute(SimpleMessageListenerContainer.java:1061)
	at org.springframework.amqp.rabbit.listener.SimpleMessageListenerContainer$AsyncMessageProcessingConsumer.mainLoop(SimpleMessageListenerContainer.java:1465)
	at org.springframework.amqp.rabbit.listener.SimpleMessageListenerContainer$AsyncMessageProcessingConsumer.run(SimpleMessageListenerContainer.java:1359)
	at java.base/java.lang.Thread.run(Thread.java:1583)
Caused by: software.amazon.awssdk.services.s3.model.NoSuchKeyException: The specified key does not exist. (Service: S3, Status Code: 404, Request ID: 4QESE4FXDD5EBSKQ, Extended Request ID: OjfDKvcRNw1YBP1UY+bclzm6/Uay+pRqVzsmKxeMGH+fh0kEfMFfGeo9gplhApVey+clpKvFbU0=)
	at software.amazon.awssdk.core.internal.http.CombinedResponseHandler.handleErrorResponse(CombinedResponseHandler.java:125)
	at software.amazon.awssdk.core.internal.http.CombinedResponseHandler.handleResponse(CombinedResponseHandler.java:82)
	at software.amazon.awssdk.core.internal.http.CombinedResponseHandler.handle(CombinedResponseHandler.java:60)
	at software.amazon.awssdk.core.internal.http.CombinedResponseHandler.handle(CombinedResponseHandler.java:41)
	at software.amazon.awssdk.core.internal.http.pipeline.stages.HandleResponseStage.execute(HandleResponseStage.java:50)
	at software.amazon.awssdk.core.internal.http.pipeline.stages.HandleResponseStage.execute(HandleResponseStage.java:38)
	at software.amazon.awssdk.core.internal.http.pipeline.RequestPipelineBuilder$ComposingRequestPipelineStage.execute(RequestPipelineBuilder.java:206)
	at software.amazon.awssdk.core.internal.http.pipeline.stages.ApiCallAttemptTimeoutTrackingStage.execute(ApiCallAttemptTimeoutTrackingStage.java:74)
	at software.amazon.awssdk.core.internal.http.pipeline.stages.ApiCallAttemptTimeoutTrackingStage.execute(ApiCallAttemptTimeoutTrackingStage.java:43)
	at software.amazon.awssdk.core.internal.http.pipeline.stages.TimeoutExceptionHandlingStage.execute(TimeoutExceptionHandlingStage.java:79)
	at software.amazon.awssdk.core.internal.http.pipeline.stages.TimeoutExceptionHandlingStage.execute(TimeoutExceptionHandlingStage.java:41)
	at software.amazon.awssdk.core.internal.http.pipeline.stages.ApiCallAttemptMetricCollectionStage.execute(ApiCallAttemptMetricCollectionStage.java:55)
	at software.amazon.awssdk.core.internal.http.pipeline.stages.ApiCallAttemptMetricCollectionStage.execute(ApiCallAttemptMetricCollectionStage.java:39)
	at software.amazon.awssdk.core.internal.http.pipeline.stages.RetryableStage2.executeRequest(RetryableStage2.java:93)
	at software.amazon.awssdk.core.internal.http.pipeline.stages.RetryableStage2.execute(RetryableStage2.java:56)
	at software.amazon.awssdk.core.internal.http.pipeline.stages.RetryableStage2.execute(RetryableStage2.java:36)
	at software.amazon.awssdk.core.internal.http.pipeline.RequestPipelineBuilder$ComposingRequestPipelineStage.execute(RequestPipelineBuilder.java:206)
	at software.amazon.awssdk.core.internal.http.StreamManagingStage.execute(StreamManagingStage.java:53)
	at software.amazon.awssdk.core.internal.http.StreamManagingStage.execute(StreamManagingStage.java:35)
	at software.amazon.awssdk.core.internal.http.pipeline.stages.ApiCallTimeoutTrackingStage.executeWithTimer(ApiCallTimeoutTrackingStage.java:82)
	at software.amazon.awssdk.core.internal.http.pipeline.stages.ApiCallTimeoutTrackingStage.execute(ApiCallTimeoutTrackingStage.java:62)
	at software.amazon.awssdk.core.internal.http.pipeline.stages.ApiCallTimeoutTrackingStage.execute(ApiCallTimeoutTrackingStage.java:43)
	at software.amazon.awssdk.core.internal.http.pipeline.stages.ApiCallMetricCollectionStage.execute(ApiCallMetricCollectionStage.java:50)
	at software.amazon.awssdk.core.internal.http.pipeline.stages.ApiCallMetricCollectionStage.execute(ApiCallMetricCollectionStage.java:32)
	at software.amazon.awssdk.core.internal.http.pipeline.RequestPipelineBuilder$ComposingRequestPipelineStage.execute(RequestPipelineBuilder.java:206)
	at software.amazon.awssdk.core.internal.http.pipeline.RequestPipelineBuilder$ComposingRequestPipelineStage.execute(RequestPipelineBuilder.java:206)
	at software.amazon.awssdk.core.internal.http.pipeline.stages.ExecutionFailureExceptionReportingStage.execute(ExecutionFailureExceptionReportingStage.java:37)
	at software.amazon.awssdk.core.internal.http.pipeline.stages.ExecutionFailureExceptionReportingStage.execute(ExecutionFailureExceptionReportingStage.java:26)
	at software.amazon.awssdk.core.internal.http.AmazonSyncHttpClient$RequestExecutionBuilderImpl.execute(AmazonSyncHttpClient.java:210)
	at software.amazon.awssdk.core.internal.handler.BaseSyncClientHandler.invoke(BaseSyncClientHandler.java:103)
	at software.amazon.awssdk.core.internal.handler.BaseSyncClientHandler.doExecute(BaseSyncClientHandler.java:173)
	at software.amazon.awssdk.core.internal.handler.BaseSyncClientHandler.lambda$execute$0(BaseSyncClientHandler.java:66)
	at software.amazon.awssdk.core.internal.handler.BaseSyncClientHandler.measureApiCallSuccess(BaseSyncClientHandler.java:182)
	at software.amazon.awssdk.core.internal.handler.BaseSyncClientHandler.execute(BaseSyncClientHandler.java:60)
	at software.amazon.awssdk.core.client.handler.SdkSyncClientHandler.execute(SdkSyncClientHandler.java:52)
	at software.amazon.awssdk.awscore.client.handler.AwsSyncClientHandler.execute(AwsSyncClientHandler.java:60)
	at software.amazon.awssdk.services.s3.DefaultS3Client.getObject(DefaultS3Client.java:5404)
	at software.amazon.awssdk.services.s3.S3Client.getObject(S3Client.java:9482)
	at com.example.ms_report_async.infraestructure.s3.S3Adapter.download(S3Adapter.java:36)
	at com.example.ms_report_async.application.usecase.ProcessImportFileUseCaseImpl.execute(ProcessImportFileUseCaseImpl.java:41)
	... 31 common frames omitted
2026-03-03 20:30:30.281 [org.springframework.amqp.rabbit.RabbitListenerEndpointContainer#0-1] WARN  o.s.a.r.r.RejectAndDontRequeueRecoverer [] - Retries exhausted for message (Body:'[B@2d76e512(byte[100])' MessageProperties [headers={}, contentType=text/plain, contentEncoding=UTF-8, contentLength=0, receivedDeliveryMode=PERSISTENT, priority=0, redelivered=false, receivedExchange=import_exchange3, receivedRoutingKey=import.csv3, deliveryTag=1, consumerTag=amq.ctag-Fz47sQk9SXOJwIcoLvHxkA, consumerQueue=import_csv_queue3])
org.springframework.amqp.rabbit.support.ListenerExecutionFailedException: Listener method 'public void com.example.ms_report_async.infraestructure.async.RabbitImportListener.receive(java.lang.String)' threw exception
	at org.springframework.amqp.rabbit.listener.adapter.MessagingMessageListenerAdapter.invokeHandler(MessagingMessageListenerAdapter.java:296)
	at org.springframework.amqp.rabbit.listener.adapter.MessagingMessageListenerAdapter.invokeHandlerAndProcessResult(MessagingMessageListenerAdapter.java:233)
	at org.springframework.amqp.rabbit.listener.adapter.MessagingMessageListenerAdapter.onMessage(MessagingMessageListenerAdapter.java:157)
	at org.springframework.amqp.rabbit.listener.AbstractMessageListenerContainer.doInvokeListener(AbstractMessageListenerContainer.java:1683)
	at org.springframework.amqp.rabbit.listener.AbstractMessageListenerContainer.actualInvokeListener(AbstractMessageListenerContainer.java:1612)
	at java.base/jdk.internal.reflect.DirectMethodHandleAccessor.invoke(DirectMethodHandleAccessor.java:103)
	at java.base/java.lang.reflect.Method.invoke(Method.java:580)
	at org.springframework.aop.support.AopUtils.invokeJoinpointUsingReflection(AopUtils.java:359)
	at org.springframework.aop.framework.ReflectiveMethodInvocation.invokeJoinpoint(ReflectiveMethodInvocation.java:190)
	at org.springframework.aop.framework.ReflectiveMethodInvocation.proceed(ReflectiveMethodInvocation.java:158)
	at org.springframework.core.retry.RetryTemplate.execute(RetryTemplate.java:174)
	at org.springframework.amqp.rabbit.config.StatelessRetryOperationsInterceptor.invoke(StatelessRetryOperationsInterceptor.java:57)
	at org.springframework.aop.framework.ReflectiveMethodInvocation.proceed(ReflectiveMethodInvocation.java:179)
	at org.springframework.aop.framework.JdkDynamicAopProxy.invoke(JdkDynamicAopProxy.java:222)
	at org.springframework.amqp.rabbit.listener.$Proxy111.invokeListener(Unknown Source)
	at org.springframework.amqp.rabbit.listener.AbstractMessageListenerContainer.invokeListener(AbstractMessageListenerContainer.java:1599)
	at org.springframework.amqp.rabbit.listener.AbstractMessageListenerContainer.doExecuteListener(AbstractMessageListenerContainer.java:1590)
	at org.springframework.amqp.rabbit.listener.AbstractMessageListenerContainer.executeListenerAndHandleException(AbstractMessageListenerContainer.java:1539)
	at org.springframework.amqp.rabbit.listener.AbstractMessageListenerContainer.executeListener(AbstractMessageListenerContainer.java:1520)
	at org.springframework.amqp.rabbit.listener.SimpleMessageListenerContainer.doReceiveAndExecute(SimpleMessageListenerContainer.java:1116)
	at org.springframework.amqp.rabbit.listener.SimpleMessageListenerContainer.receiveAndExecute(SimpleMessageListenerContainer.java:1061)
	at org.springframework.amqp.rabbit.listener.SimpleMessageListenerContainer$AsyncMessageProcessingConsumer.mainLoop(SimpleMessageListenerContainer.java:1465)
	at org.springframework.amqp.rabbit.listener.SimpleMessageListenerContainer$AsyncMessageProcessingConsumer.run(SimpleMessageListenerContainer.java:1359)
	at java.base/java.lang.Thread.run(Thread.java:1583)
Caused by: java.lang.RuntimeException: Falha ao ler JSON do RabbitMQ
	at com.example.ms_report_async.infraestructure.async.RabbitImportListener.receive(RabbitImportListener.java:39)
	at java.base/jdk.internal.reflect.DirectMethodHandleAccessor.invoke(DirectMethodHandleAccessor.java:103)
	at java.base/java.lang.reflect.Method.invoke(Method.java:580)
	at org.springframework.messaging.handler.invocation.InvocableHandlerMethod.doInvoke(InvocableHandlerMethod.java:168)
	at org.springframework.amqp.rabbit.listener.adapter.KotlinAwareInvocableHandlerMethod.doInvoke(KotlinAwareInvocableHandlerMethod.java:47)
	at org.springframework.messaging.handler.invocation.InvocableHandlerMethod.invoke(InvocableHandlerMethod.java:119)
	at org.springframework.amqp.rabbit.listener.adapter.HandlerAdapter.invoke(HandlerAdapter.java:83)
	at org.springframework.amqp.rabbit.listener.adapter.MessagingMessageListenerAdapter.invokeHandler(MessagingMessageListenerAdapter.java:287)
	... 23 common frames omitted
Caused by: java.lang.RuntimeException: Falha ao processar arquivo: estatisticas_di_2025_10-12_trusted.csv
	at com.example.ms_report_async.application.usecase.ProcessImportFileUseCaseImpl.execute(ProcessImportFileUseCaseImpl.java:61)
	at com.example.ms_report_async.infraestructure.async.RabbitImportListener.receive(RabbitImportListener.java:34)
	... 30 common frames omitted
Caused by: software.amazon.awssdk.services.s3.model.NoSuchKeyException: The specified key does not exist. (Service: S3, Status Code: 404, Request ID: 4QESE4FXDD5EBSKQ, Extended Request ID: OjfDKvcRNw1YBP1UY+bclzm6/Uay+pRqVzsmKxeMGH+fh0kEfMFfGeo9gplhApVey+clpKvFbU0=)
	at software.amazon.awssdk.core.internal.http.CombinedResponseHandler.handleErrorResponse(CombinedResponseHandler.java:125)
	at software.amazon.awssdk.core.internal.http.CombinedResponseHandler.handleResponse(CombinedResponseHandler.java:82)
	at software.amazon.awssdk.core.internal.http.CombinedResponseHandler.handle(CombinedResponseHandler.java:60)
	at software.amazon.awssdk.core.internal.http.CombinedResponseHandler.handle(CombinedResponseHandler.java:41)
	at software.amazon.awssdk.core.internal.http.pipeline.stages.HandleResponseStage.execute(HandleResponseStage.java:50)
	at software.amazon.awssdk.core.internal.http.pipeline.stages.HandleResponseStage.execute(HandleResponseStage.java:38)
	at software.amazon.awssdk.core.internal.http.pipeline.RequestPipelineBuilder$ComposingRequestPipelineStage.execute(RequestPipelineBuilder.java:206)
	at software.amazon.awssdk.core.internal.http.pipeline.stages.ApiCallAttemptTimeoutTrackingStage.execute(ApiCallAttemptTimeoutTrackingStage.java:74)
	at software.amazon.awssdk.core.internal.http.pipeline.stages.ApiCallAttemptTimeoutTrackingStage.execute(ApiCallAttemptTimeoutTrackingStage.java:43)
	at software.amazon.awssdk.core.internal.http.pipeline.stages.TimeoutExceptionHandlingStage.execute(TimeoutExceptionHandlingStage.java:79)
	at software.amazon.awssdk.core.internal.http.pipeline.stages.TimeoutExceptionHandlingStage.execute(TimeoutExceptionHandlingStage.java:41)
	at software.amazon.awssdk.core.internal.http.pipeline.stages.ApiCallAttemptMetricCollectionStage.execute(ApiCallAttemptMetricCollectionStage.java:55)
	at software.amazon.awssdk.core.internal.http.pipeline.stages.ApiCallAttemptMetricCollectionStage.execute(ApiCallAttemptMetricCollectionStage.java:39)
	at software.amazon.awssdk.core.internal.http.pipeline.stages.RetryableStage2.executeRequest(RetryableStage2.java:93)
	at software.amazon.awssdk.core.internal.http.pipeline.stages.RetryableStage2.execute(RetryableStage2.java:56)
	at software.amazon.awssdk.core.internal.http.pipeline.stages.RetryableStage2.execute(RetryableStage2.java:36)
	at software.amazon.awssdk.core.internal.http.pipeline.RequestPipelineBuilder$ComposingRequestPipelineStage.execute(RequestPipelineBuilder.java:206)
	at software.amazon.awssdk.core.internal.http.StreamManagingStage.execute(StreamManagingStage.java:53)
	at software.amazon.awssdk.core.internal.http.StreamManagingStage.execute(StreamManagingStage.java:35)
	at software.amazon.awssdk.core.internal.http.pipeline.stages.ApiCallTimeoutTrackingStage.executeWithTimer(ApiCallTimeoutTrackingStage.java:82)
	at software.amazon.awssdk.core.internal.http.pipeline.stages.ApiCallTimeoutTrackingStage.execute(ApiCallTimeoutTrackingStage.java:62)
	at software.amazon.awssdk.core.internal.http.pipeline.stages.ApiCallTimeoutTrackingStage.execute(ApiCallTimeoutTrackingStage.java:43)
	at software.amazon.awssdk.core.internal.http.pipeline.stages.ApiCallMetricCollectionStage.execute(ApiCallMetricCollectionStage.java:50)
	at software.amazon.awssdk.core.internal.http.pipeline.stages.ApiCallMetricCollectionStage.execute(ApiCallMetricCollectionStage.java:32)
	at software.amazon.awssdk.core.internal.http.pipeline.RequestPipelineBuilder$ComposingRequestPipelineStage.execute(RequestPipelineBuilder.java:206)
	at software.amazon.awssdk.core.internal.http.pipeline.RequestPipelineBuilder$ComposingRequestPipelineStage.execute(RequestPipelineBuilder.java:206)
	at software.amazon.awssdk.core.internal.http.pipeline.stages.ExecutionFailureExceptionReportingStage.execute(ExecutionFailureExceptionReportingStage.java:37)
	at software.amazon.awssdk.core.internal.http.pipeline.stages.ExecutionFailureExceptionReportingStage.execute(ExecutionFailureExceptionReportingStage.java:26)
	at software.amazon.awssdk.core.internal.http.AmazonSyncHttpClient$RequestExecutionBuilderImpl.execute(AmazonSyncHttpClient.java:210)
	at software.amazon.awssdk.core.internal.handler.BaseSyncClientHandler.invoke(BaseSyncClientHandler.java:103)
	at software.amazon.awssdk.core.internal.handler.BaseSyncClientHandler.doExecute(BaseSyncClientHandler.java:173)
	at software.amazon.awssdk.core.internal.handler.BaseSyncClientHandler.lambda$execute$0(BaseSyncClientHandler.java:66)
	at software.amazon.awssdk.core.internal.handler.BaseSyncClientHandler.measureApiCallSuccess(BaseSyncClientHandler.java:182)
	at software.amazon.awssdk.core.internal.handler.BaseSyncClientHandler.execute(BaseSyncClientHandler.java:60)
	at software.amazon.awssdk.core.client.handler.SdkSyncClientHandler.execute(SdkSyncClientHandler.java:52)
	at software.amazon.awssdk.awscore.client.handler.AwsSyncClientHandler.execute(AwsSyncClientHandler.java:60)
	at software.amazon.awssdk.services.s3.DefaultS3Client.getObject(DefaultS3Client.java:5404)
	at software.amazon.awssdk.services.s3.S3Client.getObject(S3Client.java:9482)
	at com.example.ms_report_async.infraestructure.s3.S3Adapter.download(S3Adapter.java:36)
	at com.example.ms_report_async.application.usecase.ProcessImportFileUseCaseImpl.execute(ProcessImportFileUseCaseImpl.java:41)
	... 31 common frames omitted
2026-03-03 20:30:30.281 [org.springframework.amqp.rabbit.RabbitListenerEndpointContainer#0-1] WARN  o.s.a.r.l.ConditionalRejectingErrorHandler [] - Execution of Rabbit message listener failed.
org.springframework.amqp.rabbit.support.ListenerExecutionFailedException: Retry Policy Exhausted
	at org.springframework.amqp.rabbit.retry.RejectAndDontRequeueRecoverer.recover(RejectAndDontRequeueRecoverer.java:77)
	at org.springframework.amqp.rabbit.config.StatelessRetryOperationsInterceptorFactoryBean.recover(StatelessRetryOperationsInterceptorFactoryBean.java:65)
	at org.springframework.amqp.rabbit.config.StatelessRetryOperationsInterceptor.invoke(StatelessRetryOperationsInterceptor.java:61)
	at org.springframework.aop.framework.ReflectiveMethodInvocation.proceed(ReflectiveMethodInvocation.java:179)
	at org.springframework.aop.framework.JdkDynamicAopProxy.invoke(JdkDynamicAopProxy.java:222)
	at org.springframework.amqp.rabbit.listener.$Proxy111.invokeListener(Unknown Source)
	at org.springframework.amqp.rabbit.listener.AbstractMessageListenerContainer.invokeListener(AbstractMessageListenerContainer.java:1599)
	at org.springframework.amqp.rabbit.listener.AbstractMessageListenerContainer.doExecuteListener(AbstractMessageListenerContainer.java:1590)
	at org.springframework.amqp.rabbit.listener.AbstractMessageListenerContainer.executeListenerAndHandleException(AbstractMessageListenerContainer.java:1539)
	at org.springframework.amqp.rabbit.listener.AbstractMessageListenerContainer.executeListener(AbstractMessageListenerContainer.java:1520)
	at org.springframework.amqp.rabbit.listener.SimpleMessageListenerContainer.doReceiveAndExecute(SimpleMessageListenerContainer.java:1116)
	at org.springframework.amqp.rabbit.listener.SimpleMessageListenerContainer.receiveAndExecute(SimpleMessageListenerContainer.java:1061)
	at org.springframework.amqp.rabbit.listener.SimpleMessageListenerContainer$AsyncMessageProcessingConsumer.mainLoop(SimpleMessageListenerContainer.java:1465)
	at org.springframework.amqp.rabbit.listener.SimpleMessageListenerContainer$AsyncMessageProcessingConsumer.run(SimpleMessageListenerContainer.java:1359)
	at java.base/java.lang.Thread.run(Thread.java:1583)
Caused by: org.springframework.amqp.AmqpRejectAndDontRequeueException
	... 15 common frames omitted
Caused by: org.springframework.amqp.rabbit.support.ListenerExecutionFailedException: Listener method 'public void com.example.ms_report_async.infraestructure.async.RabbitImportListener.receive(java.lang.String)' threw exception
	at org.springframework.amqp.rabbit.listener.adapter.MessagingMessageListenerAdapter.invokeHandler(MessagingMessageListenerAdapter.java:296)
	at org.springframework.amqp.rabbit.listener.adapter.MessagingMessageListenerAdapter.invokeHandlerAndProcessResult(MessagingMessageListenerAdapter.java:233)
	at org.springframework.amqp.rabbit.listener.adapter.MessagingMessageListenerAdapter.onMessage(MessagingMessageListenerAdapter.java:157)
	at org.springframework.amqp.rabbit.listener.AbstractMessageListenerContainer.doInvokeListener(AbstractMessageListenerContainer.java:1683)
	at org.springframework.amqp.rabbit.listener.AbstractMessageListenerContainer.actualInvokeListener(AbstractMessageListenerContainer.java:1612)
	at java.base/jdk.internal.reflect.DirectMethodHandleAccessor.invoke(DirectMethodHandleAccessor.java:103)
	at java.base/java.lang.reflect.Method.invoke(Method.java:580)
	at org.springframework.aop.support.AopUtils.invokeJoinpointUsingReflection(AopUtils.java:359)
	at org.springframework.aop.framework.ReflectiveMethodInvocation.invokeJoinpoint(ReflectiveMethodInvocation.java:190)
	at org.springframework.aop.framework.ReflectiveMethodInvocation.proceed(ReflectiveMethodInvocation.java:158)
	at org.springframework.core.retry.RetryTemplate.execute(RetryTemplate.java:174)
	at org.springframework.amqp.rabbit.config.StatelessRetryOperationsInterceptor.invoke(StatelessRetryOperationsInterceptor.java:57)
	... 12 common frames omitted
Caused by: java.lang.RuntimeException: Falha ao ler JSON do RabbitMQ
	at com.example.ms_report_async.infraestructure.async.RabbitImportListener.receive(RabbitImportListener.java:39)
	at java.base/jdk.internal.reflect.DirectMethodHandleAccessor.invoke(DirectMethodHandleAccessor.java:103)
	at java.base/java.lang.reflect.Method.invoke(Method.java:580)
	at org.springframework.messaging.handler.invocation.InvocableHandlerMethod.doInvoke(InvocableHandlerMethod.java:168)
	at org.springframework.amqp.rabbit.listener.adapter.KotlinAwareInvocableHandlerMethod.doInvoke(KotlinAwareInvocableHandlerMethod.java:47)
	at org.springframework.messaging.handler.invocation.InvocableHandlerMethod.invoke(InvocableHandlerMethod.java:119)
	at org.springframework.amqp.rabbit.listener.adapter.HandlerAdapter.invoke(HandlerAdapter.java:83)
	at org.springframework.amqp.rabbit.listener.adapter.MessagingMessageListenerAdapter.invokeHandler(MessagingMessageListenerAdapter.java:287)
	... 23 common frames omitted
Caused by: java.lang.RuntimeException: Falha ao processar arquivo: estatisticas_di_2025_10-12_trusted.csv
	at com.example.ms_report_async.application.usecase.ProcessImportFileUseCaseImpl.execute(ProcessImportFileUseCaseImpl.java:61)
	at com.example.ms_report_async.infraestructure.async.RabbitImportListener.receive(RabbitImportListener.java:34)
	... 30 common frames omitted
Caused by: software.amazon.awssdk.services.s3.model.NoSuchKeyException: The specified key does not exist. (Service: S3, Status Code: 404, Request ID: 4QESE4FXDD5EBSKQ, Extended Request ID: OjfDKvcRNw1YBP1UY+bclzm6/Uay+pRqVzsmKxeMGH+fh0kEfMFfGeo9gplhApVey+clpKvFbU0=)
	at software.amazon.awssdk.core.internal.http.CombinedResponseHandler.handleErrorResponse(CombinedResponseHandler.java:125)
	at software.amazon.awssdk.core.internal.http.CombinedResponseHandler.handleResponse(CombinedResponseHandler.java:82)
	at software.amazon.awssdk.core.internal.http.CombinedResponseHandler.handle(CombinedResponseHandler.java:60)
	at software.amazon.awssdk.core.internal.http.CombinedResponseHandler.handle(CombinedResponseHandler.java:41)
	at software.amazon.awssdk.core.internal.http.pipeline.stages.HandleResponseStage.execute(HandleResponseStage.java:50)
	at software.amazon.awssdk.core.internal.http.pipeline.stages.HandleResponseStage.execute(HandleResponseStage.java:38)
	at software.amazon.awssdk.core.internal.http.pipeline.RequestPipelineBuilder$ComposingRequestPipelineStage.execute(RequestPipelineBuilder.java:206)
	at software.amazon.awssdk.core.internal.http.pipeline.stages.ApiCallAttemptTimeoutTrackingStage.execute(ApiCallAttemptTimeoutTrackingStage.java:74)
	at software.amazon.awssdk.core.internal.http.pipeline.stages.ApiCallAttemptTimeoutTrackingStage.execute(ApiCallAttemptTimeoutTrackingStage.java:43)
	at software.amazon.awssdk.core.internal.http.pipeline.stages.TimeoutExceptionHandlingStage.execute(TimeoutExceptionHandlingStage.java:79)
	at software.amazon.awssdk.core.internal.http.pipeline.stages.TimeoutExceptionHandlingStage.execute(TimeoutExceptionHandlingStage.java:41)
	at software.amazon.awssdk.core.internal.http.pipeline.stages.ApiCallAttemptMetricCollectionStage.execute(ApiCallAttemptMetricCollectionStage.java:55)
	at software.amazon.awssdk.core.internal.http.pipeline.stages.ApiCallAttemptMetricCollectionStage.execute(ApiCallAttemptMetricCollectionStage.java:39)
	at software.amazon.awssdk.core.internal.http.pipeline.stages.RetryableStage2.executeRequest(RetryableStage2.java:93)
	at software.amazon.awssdk.core.internal.http.pipeline.stages.RetryableStage2.execute(RetryableStage2.java:56)
	at software.amazon.awssdk.core.internal.http.pipeline.stages.RetryableStage2.execute(RetryableStage2.java:36)
	at software.amazon.awssdk.core.internal.http.pipeline.RequestPipelineBuilder$ComposingRequestPipelineStage.execute(RequestPipelineBuilder.java:206)
	at software.amazon.awssdk.core.internal.http.StreamManagingStage.execute(StreamManagingStage.java:53)
	at software.amazon.awssdk.core.internal.http.StreamManagingStage.execute(StreamManagingStage.java:35)
	at software.amazon.awssdk.core.internal.http.pipeline.stages.ApiCallTimeoutTrackingStage.executeWithTimer(ApiCallTimeoutTrackingStage.java:82)
	at software.amazon.awssdk.core.internal.http.pipeline.stages.ApiCallTimeoutTrackingStage.execute(ApiCallTimeoutTrackingStage.java:62)
	at software.amazon.awssdk.core.internal.http.pipeline.stages.ApiCallTimeoutTrackingStage.execute(ApiCallTimeoutTrackingStage.java:43)
	at software.amazon.awssdk.core.internal.http.pipeline.stages.ApiCallMetricCollectionStage.execute(ApiCallMetricCollectionStage.java:50)
	at software.amazon.awssdk.core.internal.http.pipeline.stages.ApiCallMetricCollectionStage.execute(ApiCallMetricCollectionStage.java:32)
	at software.amazon.awssdk.core.internal.http.pipeline.RequestPipelineBuilder$ComposingRequestPipelineStage.execute(RequestPipelineBuilder.java:206)
	at software.amazon.awssdk.core.internal.http.pipeline.RequestPipelineBuilder$ComposingRequestPipelineStage.execute(RequestPipelineBuilder.java:206)
	at software.amazon.awssdk.core.internal.http.pipeline.stages.ExecutionFailureExceptionReportingStage.execute(ExecutionFailureExceptionReportingStage.java:37)
	at software.amazon.awssdk.core.internal.http.pipeline.stages.ExecutionFailureExceptionReportingStage.execute(ExecutionFailureExceptionReportingStage.java:26)
	at software.amazon.awssdk.core.internal.http.AmazonSyncHttpClient$RequestExecutionBuilderImpl.execute(AmazonSyncHttpClient.java:210)
	at software.amazon.awssdk.core.internal.handler.BaseSyncClientHandler.invoke(BaseSyncClientHandler.java:103)
	at software.amazon.awssdk.core.internal.handler.BaseSyncClientHandler.doExecute(BaseSyncClientHandler.java:173)
	at software.amazon.awssdk.core.internal.handler.BaseSyncClientHandler.lambda$execute$0(BaseSyncClientHandler.java:66)
	at software.amazon.awssdk.core.internal.handler.BaseSyncClientHandler.measureApiCallSuccess(BaseSyncClientHandler.java:182)
	at software.amazon.awssdk.core.internal.handler.BaseSyncClientHandler.execute(BaseSyncClientHandler.java:60)
	at software.amazon.awssdk.core.client.handler.SdkSyncClientHandler.execute(SdkSyncClientHandler.java:52)
	at software.amazon.awssdk.awscore.client.handler.AwsSyncClientHandler.execute(AwsSyncClientHandler.java:60)
	at software.amazon.awssdk.services.s3.DefaultS3Client.getObject(DefaultS3Client.java:5404)
	at software.amazon.awssdk.services.s3.S3Client.getObject(S3Client.java:9482)
	at com.example.ms_report_async.infraestructure.s3.S3Adapter.download(S3Adapter.java:36)
	at com.example.ms_report_async.application.usecase.ProcessImportFileUseCaseImpl.execute(ProcessImportFileUseCaseImpl.java:41)
	... 31 common frames omitted
2026-03-03 20:30:30.281 [org.springframework.amqp.rabbit.RabbitListenerEndpointContainer#0-1] DEBUG o.s.a.r.l.BlockingQueueConsumer [] - Rejecting messages (requeue=false)
2026-03-03 20:31:56.676 [SpringApplicationShutdownHook] DEBUG o.s.a.r.l.SimpleMessageListenerContainer [] - Shutting down Rabbit listener container
2026-03-03 20:31:56.687 [pool-3-thread-5] DEBUG o.s.a.r.l.BlockingQueueConsumer [] - Received cancelOk for tag amq.ctag-Fz47sQk9SXOJwIcoLvHxkA (import_csv_queue3); Consumer@225059d6: tags=[[amq.ctag-Fz47sQk9SXOJwIcoLvHxkA]], channel=Cached Rabbit Channel: AMQChannel(amqp://guest@127.0.0.1:5672/,1), conn: Proxy@326ba62c Shared Rabbit Connection: SimpleConnection@a510cdc [delegate=amqp://guest@127.0.0.1:5672/, localPort=64890], acknowledgeMode=AUTO local queue size=0
2026-03-03 20:31:56.687 [org.springframework.amqp.rabbit.RabbitListenerEndpointContainer#0-2] INFO  o.s.a.r.l.SimpleMessageListenerContainer [] - Waiting for workers to finish.
2026-03-03 20:31:56.845 [org.springframework.amqp.rabbit.RabbitListenerEndpointContainer#0-2] INFO  o.s.a.r.l.SimpleMessageListenerContainer [] - Successfully waited for workers to finish.
2026-03-03 20:31:56.845 [org.springframework.amqp.rabbit.RabbitListenerEndpointContainer#0-1] DEBUG o.s.a.r.l.SimpleMessageListenerContainer [] - Cancelling Consumer@225059d6: tags=[[amq.ctag-Fz47sQk9SXOJwIcoLvHxkA]], channel=Cached Rabbit Channel: AMQChannel(amqp://guest@127.0.0.1:5672/,1), conn: Proxy@326ba62c Shared Rabbit Connection: SimpleConnection@a510cdc [delegate=amqp://guest@127.0.0.1:5672/, localPort=64890], acknowledgeMode=AUTO local queue size=0
2026-03-03 20:31:56.845 [org.springframework.amqp.rabbit.RabbitListenerEndpointContainer#0-1] DEBUG o.s.a.r.l.BlockingQueueConsumer [] - Closing Rabbit Channel: Cached Rabbit Channel: AMQChannel(amqp://guest@127.0.0.1:5672/,1), conn: Proxy@326ba62c Shared Rabbit Connection: SimpleConnection@a510cdc [delegate=amqp://guest@127.0.0.1:5672/, localPort=64890]
2026-03-03 20:31:56.845 [org.springframework.amqp.rabbit.RabbitListenerEndpointContainer#0-1] DEBUG o.s.a.r.c.CachingConnectionFactory [] - Closing cached Channel: AMQChannel(amqp://guest@127.0.0.1:5672/,1)
2026-03-03 20:31:56.845 [SpringApplicationShutdownHook] INFO  o.s.boot.tomcat.GracefulShutdown [] - Commencing graceful shutdown. Waiting for active requests to complete
2026-03-03 20:31:56.857 [tomcat-shutdown] INFO  o.s.boot.tomcat.GracefulShutdown [] - Graceful shutdown complete
2026-03-03 20:31:56.861 [SpringApplicationShutdownHook] DEBUG o.s.a.r.c.CachingConnectionFactory [] - Closing cached Channel: AMQChannel(amqp://guest@127.0.0.1:5672/,2)
2026-03-03 20:31:56.883 [SpringApplicationShutdownHook] DEBUG o.s.a.r.l.SimpleMessageListenerContainer [] - Shutdown ignored - container is not active already
2026-03-03 20:32:00.515 [background-preinit] INFO  o.h.validator.internal.util.Version [] - HV000001: Hibernate Validator 9.0.1.Final
2026-03-03 20:32:00.600 [restartedMain] INFO  c.e.m.MsReportAsyncApplication [] - Starting MsReportAsyncApplication using Java 21.0.8 with PID 20720 (C:\Users\guilh\OneDrive\Desktop\sptech\PI\ms async\ms-report-async\target\classes started by guilh in C:\Users\guilh\OneDrive\Desktop\sptech\PI\ms async\ms-report-async)
2026-03-03 20:32:00.600 [restartedMain] DEBUG c.e.m.MsReportAsyncApplication [] - Running with Spring Boot v4.0.3, Spring v7.0.5
2026-03-03 20:32:00.600 [restartedMain] INFO  c.e.m.MsReportAsyncApplication [] - No active profile set, falling back to 1 default profile: "default"
2026-03-03 20:32:00.692 [restartedMain] INFO  o.s.b.d.e.DevToolsPropertyDefaultsPostProcessor [] - Devtools property defaults active! Set 'spring.devtools.add-properties' to 'false' to disable
2026-03-03 20:32:00.692 [restartedMain] INFO  o.s.b.d.e.DevToolsPropertyDefaultsPostProcessor [] - For additional web related logging consider setting the 'logging.level.web' property to 'DEBUG'
2026-03-03 20:32:03.242 [restartedMain] INFO  o.s.boot.tomcat.TomcatWebServer [] - Tomcat initialized with port 8080 (http)
2026-03-03 20:32:03.258 [restartedMain] INFO  o.a.coyote.http11.Http11NioProtocol [] - Initializing ProtocolHandler ["http-nio-8080"]
2026-03-03 20:32:03.258 [restartedMain] INFO  o.a.catalina.core.StandardService [] - Starting service [Tomcat]
2026-03-03 20:32:03.258 [restartedMain] INFO  o.a.catalina.core.StandardEngine [] - Starting Servlet engine: [Apache Tomcat/11.0.18]
2026-03-03 20:32:03.360 [restartedMain] INFO  o.s.b.w.c.s.WebApplicationContextInitializer [] - Root WebApplicationContext: initialization completed in 2653 ms
2026-03-03 20:32:03.811 [restartedMain] WARN  s.a.a.p.internal.ProfileFileReader [] - Ignoring profile '[default]' on line 3, because '[profile default]' was already seen in the same file.
2026-03-03 20:32:06.181 [restartedMain] INFO  o.s.b.a.e.web.EndpointLinksResolver [] - Exposing 1 endpoint beneath base path '/actuator'
2026-03-03 20:32:06.260 [restartedMain] DEBUG o.s.a.r.l.a.MessagingMessageListenerAdapter [] - Inferred argument type for public void com.example.ms_report_async.infraestructure.async.RabbitImportListener.receive(java.lang.String) is class java.lang.String
2026-03-03 20:32:06.275 [restartedMain] DEBUG o.s.a.r.l.SimpleMessageListenerContainer [] - No global properties bean
2026-03-03 20:32:06.323 [restartedMain] INFO  o.a.coyote.http11.Http11NioProtocol [] - Starting ProtocolHandler ["http-nio-8080"]
2026-03-03 20:32:06.377 [restartedMain] INFO  o.s.boot.tomcat.TomcatWebServer [] - Tomcat started on port 8080 (http) with context path '/'
2026-03-03 20:32:06.379 [restartedMain] DEBUG o.s.a.r.l.SimpleMessageListenerContainer [] - Starting Rabbit listener container.
2026-03-03 20:32:06.383 [restartedMain] INFO  o.s.a.r.c.CachingConnectionFactory [] - Attempting to connect to: [localhost:5672]
2026-03-03 20:32:06.481 [restartedMain] INFO  o.s.a.r.c.CachingConnectionFactory [] - Created new connection: rabbitConnectionFactory#3fc9aecf:0/SimpleConnection@303a2b31 [delegate=amqp://guest@127.0.0.1:5672/, localPort=62673]
2026-03-03 20:32:06.481 [restartedMain] DEBUG o.s.amqp.rabbit.core.RabbitAdmin [] - Initializing declarations
2026-03-03 20:32:06.497 [restartedMain] DEBUG o.s.a.r.c.CachingConnectionFactory [] - Creating cached Rabbit Channel from AMQChannel(amqp://guest@127.0.0.1:5672/,1)
2026-03-03 20:32:06.513 [restartedMain] DEBUG o.s.amqp.rabbit.core.RabbitTemplate [] - Executing callback  on RabbitMQ Channel: Cached Rabbit Channel: AMQChannel(amqp://guest@127.0.0.1:5672/,1), conn: Proxy@1414589c Shared Rabbit Connection: SimpleConnection@303a2b31 [delegate=amqp://guest@127.0.0.1:5672/, localPort=62673]
2026-03-03 20:32:06.513 [restartedMain] DEBUG o.s.amqp.rabbit.core.RabbitAdmin [] - declaring Exchange 'import_exchange3'
2026-03-03 20:32:06.513 [restartedMain] DEBUG o.s.amqp.rabbit.core.RabbitAdmin [] - declaring Queue 'import_csv_queue3'
2026-03-03 20:32:06.513 [restartedMain] DEBUG o.s.amqp.rabbit.core.RabbitAdmin [] - Binding destination [import_csv_queue3 (QUEUE)] to exchange [import_exchange3] with routing key [import.csv3]
2026-03-03 20:32:06.528 [restartedMain] DEBUG o.s.amqp.rabbit.core.RabbitAdmin [] - Declarations finished
2026-03-03 20:32:06.544 [org.springframework.amqp.rabbit.RabbitListenerEndpointContainer#0-1] DEBUG o.s.amqp.rabbit.core.RabbitTemplate [] - Executing callback  on RabbitMQ Channel: Cached Rabbit Channel: AMQChannel(amqp://guest@127.0.0.1:5672/,1), conn: Proxy@1414589c Shared Rabbit Connection: SimpleConnection@303a2b31 [delegate=amqp://guest@127.0.0.1:5672/, localPort=62673]
2026-03-03 20:32:06.544 [org.springframework.amqp.rabbit.RabbitListenerEndpointContainer#0-1] DEBUG o.s.a.r.l.BlockingQueueConsumer [] - Starting consumer Consumer@56ff1452: tags=[[]], channel=null, acknowledgeMode=AUTO local queue size=0
2026-03-03 20:32:06.560 [org.springframework.amqp.rabbit.RabbitListenerEndpointContainer#0-1] DEBUG o.s.a.r.l.BlockingQueueConsumer [] - Started on queue 'import_csv_queue3' with tag amq.ctag-KMgnhxJn-A2D1RlJUQKz-A: Consumer@56ff1452: tags=[[]], channel=Cached Rabbit Channel: AMQChannel(amqp://guest@127.0.0.1:5672/,1), conn: Proxy@1414589c Shared Rabbit Connection: SimpleConnection@303a2b31 [delegate=amqp://guest@127.0.0.1:5672/, localPort=62673], acknowledgeMode=AUTO local queue size=0
2026-03-03 20:32:06.560 [pool-3-thread-3] DEBUG o.s.a.r.l.BlockingQueueConsumer [] - ConsumeOK: Consumer@56ff1452: tags=[[amq.ctag-KMgnhxJn-A2D1RlJUQKz-A]], channel=Cached Rabbit Channel: AMQChannel(amqp://guest@127.0.0.1:5672/,1), conn: Proxy@1414589c Shared Rabbit Connection: SimpleConnection@303a2b31 [delegate=amqp://guest@127.0.0.1:5672/, localPort=62673], acknowledgeMode=AUTO local queue size=0
2026-03-03 20:32:06.592 [restartedMain] INFO  c.e.m.MsReportAsyncApplication [] - Started MsReportAsyncApplication in 7.125 seconds (process running for 8.241)
2026-03-03 20:32:18.911 [http-nio-8080-exec-1] INFO  o.a.c.c.C.[Tomcat].[localhost].[/] [] - Initializing Spring DispatcherServlet 'dispatcherServlet'
2026-03-03 20:32:18.912 [http-nio-8080-exec-1] INFO  o.s.web.servlet.DispatcherServlet [] - Initializing Servlet 'dispatcherServlet'
2026-03-03 20:32:18.914 [http-nio-8080-exec-1] INFO  o.s.web.servlet.DispatcherServlet [] - Completed initialization in 2 ms
2026-03-03 20:32:18.979 [http-nio-8080-exec-1] INFO  c.e.m.i.r.impl.ImportControllerImpl [] - Recebendo requisição de importação. FileKey: estatisticas_di_2025_10-12_trusted.csv
2026-03-03 20:32:18.980 [http-nio-8080-exec-1] DEBUG c.e.m.i.async.RabbitImportProducer [] - Gerando novo JobId: bbaa040c-119f-4679-8550-08986ab81d65 para FileKey: estatisticas_di_2025_10-12_trusted.csv
2026-03-03 20:32:18.984 [http-nio-8080-exec-1] DEBUG o.s.a.r.c.CachingConnectionFactory [] - Creating cached Rabbit Channel from AMQChannel(amqp://guest@127.0.0.1:5672/,2)
2026-03-03 20:32:18.985 [http-nio-8080-exec-1] DEBUG o.s.amqp.rabbit.core.RabbitTemplate [] - Executing callback  on RabbitMQ Channel: Cached Rabbit Channel: AMQChannel(amqp://guest@127.0.0.1:5672/,2), conn: Proxy@1414589c Shared Rabbit Connection: SimpleConnection@303a2b31 [delegate=amqp://guest@127.0.0.1:5672/, localPort=62673]
2026-03-03 20:32:19.014 [http-nio-8080-exec-1] DEBUG o.s.amqp.rabbit.core.RabbitTemplate [] - Publishing message [(Body:'[B@73afc847(byte[100])' MessageProperties [headers={}, contentType=text/plain, contentEncoding=UTF-8, contentLength=100, deliveryMode=PERSISTENT, priority=0, deliveryTag=0])] on exchange [import_exchange3], routingKey = [import.csv3]
2026-03-03 20:32:19.025 [http-nio-8080-exec-1] INFO  c.e.m.i.async.RabbitImportProducer [] - Mensagem publicada no RabbitMQ com sucesso. Exchange: import_exchange3, RoutingKey: import.csv3, JobId: bbaa040c-119f-4679-8550-08986ab81d65
2026-03-03 20:32:19.025 [http-nio-8080-exec-1] INFO  c.e.m.i.r.impl.ImportControllerImpl [] - Importação enfileirada com sucesso. JobId: bbaa040c-119f-4679-8550-08986ab81d65, FileKey: estatisticas_di_2025_10-12_trusted.csv
2026-03-03 20:32:19.032 [pool-3-thread-4] DEBUG o.s.a.r.l.BlockingQueueConsumer [] - Storing delivery for consumerTag: 'amq.ctag-KMgnhxJn-A2D1RlJUQKz-A' with deliveryTag: '1' in Consumer@56ff1452: tags=[[amq.ctag-KMgnhxJn-A2D1RlJUQKz-A]], channel=Cached Rabbit Channel: AMQChannel(amqp://guest@127.0.0.1:5672/,1), conn: Proxy@1414589c Shared Rabbit Connection: SimpleConnection@303a2b31 [delegate=amqp://guest@127.0.0.1:5672/, localPort=62673], acknowledgeMode=AUTO local queue size=0
2026-03-03 20:32:19.034 [org.springframework.amqp.rabbit.RabbitListenerEndpointContainer#0-1] DEBUG o.s.a.r.l.BlockingQueueConsumer [] - Received message: (Body:'[B@4688815d(byte[100])' MessageProperties [headers={}, contentType=text/plain, contentEncoding=UTF-8, contentLength=0, receivedDeliveryMode=PERSISTENT, priority=0, redelivered=false, receivedExchange=import_exchange3, receivedRoutingKey=import.csv3, deliveryTag=1, consumerTag=amq.ctag-KMgnhxJn-A2D1RlJUQKz-A, consumerQueue=import_csv_queue3])
2026-03-03 20:32:19.068 [org.springframework.amqp.rabbit.RabbitListenerEndpointContainer#0-1] DEBUG o.s.a.r.l.a.MessagingMessageListenerAdapter [] - Processing [GenericMessage [payload={"jobId":"bbaa040c-119f-4679-8550-08986ab81d65", "fileKey":"estatisticas_di_2025_10-12_trusted.csv"}, headers={amqp_receivedDeliveryMode=PERSISTENT, amqp_receivedExchange=import_exchange3, amqp_deliveryTag=1, amqp_consumerQueue=import_csv_queue3, amqp_redelivered=false, amqp_receivedRoutingKey=import.csv3, amqp_contentEncoding=UTF-8, amqp_retryCount=0, id=173542b0-83ef-f2e1-c12c-8bf244a410c9, amqp_consumerTag=amq.ctag-KMgnhxJn-A2D1RlJUQKz-A, amqp_lastInBatch=false, contentType=text/plain, timestamp=1772580739065}]]
2026-03-03 20:32:19.070 [org.springframework.amqp.rabbit.RabbitListenerEndpointContainer#0-1] INFO  c.e.m.i.async.RabbitImportListener [] - Mensagem recebida do RabbitMQ: {"jobId":"bbaa040c-119f-4679-8550-08986ab81d65", "fileKey":"estatisticas_di_2025_10-12_trusted.csv"}
2026-03-03 20:32:19.157 [org.springframework.amqp.rabbit.RabbitListenerEndpointContainer#0-1] DEBUG c.e.m.i.async.RabbitImportListener [] - Iniciando processamento. JobId: "bbaa040c-119f-4679-8550-08986ab81d65", FileKey: estatisticas_di_2025_10-12_trusted.csv
2026-03-03 20:32:19.158 [org.springframework.amqp.rabbit.RabbitListenerEndpointContainer#0-1] INFO  c.e.m.a.u.ProcessImportFileUseCaseImpl [] - Iniciando processamento do arquivo. JobId: "bbaa040c-119f-4679-8550-08986ab81d65", FileKey: estatisticas_di_2025_10-12_trusted.csv, Bucket: brinks-bucket-1
2026-03-03 20:32:19.158 [org.springframework.amqp.rabbit.RabbitListenerEndpointContainer#0-1] INFO  c.e.m.infraestructure.s3.S3Adapter [] - Iniciando download do S3. Bucket: brinks-bucket-1, Key: estatisticas_di_2025_10-12_trusted.csv
2026-03-03 20:32:20.843 [org.springframework.amqp.rabbit.RabbitListenerEndpointContainer#0-1] DEBUG c.e.m.infraestructure.s3.S3Adapter [] - Download do S3 iniciado com sucesso. Bucket: brinks-bucket-1, Key: estatisticas_di_2025_10-12_trusted.csv
2026-03-03 20:32:20.843 [org.springframework.amqp.rabbit.RabbitListenerEndpointContainer#0-1] DEBUG c.e.m.a.u.ProcessImportFileUseCaseImpl [] - Arquivo baixado com sucesso do S3. JobId: "bbaa040c-119f-4679-8550-08986ab81d65", FileKey: estatisticas_di_2025_10-12_trusted.csv
2026-03-03 20:32:20.843 [org.springframework.amqp.rabbit.RabbitListenerEndpointContainer#0-1] INFO  c.e.m.i.csv.CsvParserAdapter [] - Iniciando parsing do arquivo CSV
2026-03-03 20:32:20.868 [org.springframework.amqp.rabbit.RabbitListenerEndpointContainer#0-1] DEBUG c.e.m.i.csv.CsvParserAdapter [] - Validando headers do CSV. Headers encontrados: [, ncm, pais_origem, volume_total, valor_total, preco_medio, frete_medio, seguro_medio]
2026-03-03 20:32:20.872 [org.springframework.amqp.rabbit.RabbitListenerEndpointContainer#0-1] DEBUG c.e.m.i.csv.CsvParserAdapter [] - Headers validados com sucesso
2026-03-03 20:32:20.875 [org.springframework.amqp.rabbit.RabbitListenerEndpointContainer#0-1] INFO  c.e.m.i.csv.CsvParserAdapter [] - CSV parsing concluído com sucesso. TotalLinhas: 70, DuracaoMs: 32
2026-03-03 20:32:20.882 [org.springframework.amqp.rabbit.RabbitListenerEndpointContainer#0-1] INFO  c.e.m.a.u.ProcessImportFileUseCaseImpl [] - CSV parseado com sucesso. JobId: "bbaa040c-119f-4679-8550-08986ab81d65", TotalLinhas: 70
2026-03-03 20:32:20.882 [org.springframework.amqp.rabbit.RabbitListenerEndpointContainer#0-1] DEBUG c.e.m.a.u.ProcessImportFileUseCaseImpl [] - Consolidando relatório de importação. JobId: "bbaa040c-119f-4679-8550-08986ab81d65", TotalLinhas: 70
2026-03-03 20:32:20.882 [org.springframework.amqp.rabbit.RabbitListenerEndpointContainer#0-1] DEBUG c.e.m.a.u.ProcessImportFileUseCaseImpl [] - Relatório consolidado. JobId: "bbaa040c-119f-4679-8550-08986ab81d65", Linhas: 70
2026-03-03 20:32:20.882 [org.springframework.amqp.rabbit.RabbitListenerEndpointContainer#0-1] INFO  c.e.m.i.pdf.PdfGeneratorAdapter [] - Iniciando geração do PDF. JobId: "bbaa040c-119f-4679-8550-08986ab81d65", TotalLinhas: 70
2026-03-03 20:32:21.473 [org.springframework.amqp.rabbit.RabbitListenerEndpointContainer#0-1] DEBUG c.e.m.i.pdf.PdfGeneratorAdapter [] - Documento PDF construído em memória. JobId: "bbaa040c-119f-4679-8550-08986ab81d65", TamanhoBytes: 6894
2026-03-03 20:32:21.473 [org.springframework.amqp.rabbit.RabbitListenerEndpointContainer#0-1] DEBUG c.e.m.i.pdf.PdfGeneratorAdapter [] - PDF gerado com sucesso. JobId: "bbaa040c-119f-4679-8550-08986ab81d65", TamanhoBytes: 6894
2026-03-03 20:32:21.473 [org.springframework.amqp.rabbit.RabbitListenerEndpointContainer#0-1] INFO  c.e.m.infraestructure.s3.S3Adapter [] - Iniciando upload para S3. Bucket: brinks-bucket-2, Key: reports/import-report-"bbaa040c-119f-4679-8550-08986ab81d65".pdf, ContentType: application/pdf, TamanhoBytes: 6894
2026-03-03 20:32:22.776 [org.springframework.amqp.rabbit.RabbitListenerEndpointContainer#0-1] INFO  c.e.m.infraestructure.s3.S3Adapter [] - Upload para S3 concluído com sucesso. Bucket: brinks-bucket-2, Key: reports/import-report-"bbaa040c-119f-4679-8550-08986ab81d65".pdf
2026-03-03 20:32:22.782 [org.springframework.amqp.rabbit.RabbitListenerEndpointContainer#0-1] INFO  c.e.m.i.pdf.PdfGeneratorAdapter [] - PDF salvo no S3 com sucesso. JobId: "bbaa040c-119f-4679-8550-08986ab81d65", PdfKey: reports/import-report-"bbaa040c-119f-4679-8550-08986ab81d65".pdf, DuracaoMs: 1900
2026-03-03 20:32:22.782 [org.springframework.amqp.rabbit.RabbitListenerEndpointContainer#0-1] INFO  c.e.m.a.u.ProcessImportFileUseCaseImpl [] - Processamento concluído com sucesso. JobId: "bbaa040c-119f-4679-8550-08986ab81d65", PdfKey: reports/import-report-"bbaa040c-119f-4679-8550-08986ab81d65".pdf, DuracaoMs: 3624
2026-03-03 20:32:22.782 [org.springframework.amqp.rabbit.RabbitListenerEndpointContainer#0-1] INFO  c.e.m.i.async.RabbitImportListener [] - Processamento concluído com sucesso. JobId: "bbaa040c-119f-4679-8550-08986ab81d65", FileKey: estatisticas_di_2025_10-12_trusted.csv
2026-03-03 20:37:11.102 [File Watcher] INFO  o.s.b.d.a.LocalDevToolsAutoConfiguration$RestartingClassPathChangeChangedEventListener [] - Restarting due to 1 class path change (0 additions, 1 deletion, 0 modifications)
2026-03-03 20:37:11.658 [Thread-1] DEBUG o.s.a.r.l.SimpleMessageListenerContainer [] - Shutting down Rabbit listener container
2026-03-03 20:37:11.841 [org.springframework.amqp.rabbit.RabbitListenerEndpointContainer#0-2] INFO  o.s.a.r.l.SimpleMessageListenerContainer [] - Waiting for workers to finish.
2026-03-03 20:37:11.841 [pool-3-thread-5] DEBUG o.s.a.r.l.BlockingQueueConsumer [] - Received cancelOk for tag amq.ctag-KMgnhxJn-A2D1RlJUQKz-A (import_csv_queue3); Consumer@56ff1452: tags=[[amq.ctag-KMgnhxJn-A2D1RlJUQKz-A]], channel=Cached Rabbit Channel: AMQChannel(amqp://guest@127.0.0.1:5672/,1), conn: Proxy@1414589c Shared Rabbit Connection: SimpleConnection@303a2b31 [delegate=amqp://guest@127.0.0.1:5672/, localPort=62673], acknowledgeMode=AUTO local queue size=0
2026-03-03 20:37:12.123 [org.springframework.amqp.rabbit.RabbitListenerEndpointContainer#0-2] INFO  o.s.a.r.l.SimpleMessageListenerContainer [] - Successfully waited for workers to finish.
2026-03-03 20:37:12.125 [org.springframework.amqp.rabbit.RabbitListenerEndpointContainer#0-1] DEBUG o.s.a.r.l.SimpleMessageListenerContainer [] - Cancelling Consumer@56ff1452: tags=[[amq.ctag-KMgnhxJn-A2D1RlJUQKz-A]], channel=Cached Rabbit Channel: AMQChannel(amqp://guest@127.0.0.1:5672/,1), conn: Proxy@1414589c Shared Rabbit Connection: SimpleConnection@303a2b31 [delegate=amqp://guest@127.0.0.1:5672/, localPort=62673], acknowledgeMode=AUTO local queue size=0
2026-03-03 20:37:12.141 [org.springframework.amqp.rabbit.RabbitListenerEndpointContainer#0-1] DEBUG o.s.a.r.l.BlockingQueueConsumer [] - Closing Rabbit Channel: Cached Rabbit Channel: AMQChannel(amqp://guest@127.0.0.1:5672/,1), conn: Proxy@1414589c Shared Rabbit Connection: SimpleConnection@303a2b31 [delegate=amqp://guest@127.0.0.1:5672/, localPort=62673]
2026-03-03 20:37:12.162 [org.springframework.amqp.rabbit.RabbitListenerEndpointContainer#0-1] DEBUG o.s.a.r.c.CachingConnectionFactory [] - Closing cached Channel: AMQChannel(amqp://guest@127.0.0.1:5672/,1)
2026-03-03 20:37:12.300 [Thread-1] INFO  o.s.boot.tomcat.GracefulShutdown [] - Commencing graceful shutdown. Waiting for active requests to complete
2026-03-03 20:37:12.333 [tomcat-shutdown] INFO  o.a.coyote.http11.Http11NioProtocol [] - Pausing ProtocolHandler ["http-nio-8080"]
2026-03-03 20:37:12.452 [tomcat-shutdown] INFO  o.s.boot.tomcat.GracefulShutdown [] - Graceful shutdown complete
2026-03-03 20:37:12.457 [Thread-1] INFO  o.a.coyote.http11.Http11NioProtocol [] - Stopping ProtocolHandler ["http-nio-8080"]
2026-03-03 20:37:12.475 [Thread-1] DEBUG o.s.a.r.c.CachingConnectionFactory [] - Closing cached Channel: AMQChannel(amqp://guest@127.0.0.1:5672/,2)
2026-03-03 20:37:12.558 [Thread-1] DEBUG o.s.a.r.l.SimpleMessageListenerContainer [] - Shutdown ignored - container is not active already
2026-03-03 20:37:13.273 [restartedMain] INFO  c.e.m.MsReportAsyncApplication [] - Starting MsReportAsyncApplication using Java 21.0.8 with PID 20720 (C:\Users\guilh\OneDrive\Desktop\sptech\PI\ms async\ms-report-async\target\classes started by guilh in C:\Users\guilh\OneDrive\Desktop\sptech\PI\ms async\ms-report-async)
2026-03-03 20:37:13.273 [restartedMain] DEBUG c.e.m.MsReportAsyncApplication [] - Running with Spring Boot v4.0.3, Spring v7.0.5
2026-03-03 20:37:13.273 [restartedMain] INFO  c.e.m.MsReportAsyncApplication [] - No active profile set, falling back to 1 default profile: "default"
2026-03-03 20:37:25.550 [background-preinit] INFO  o.h.validator.internal.util.Version [] - HV000001: Hibernate Validator 9.0.1.Final
2026-03-03 20:37:25.722 [restartedMain] INFO  c.e.m.MsReportAsyncApplication [] - Starting MsReportAsyncApplication using Java 21.0.8 with PID 2752 (C:\Users\guilh\OneDrive\Desktop\sptech\PI\ms async\ms-report-async\target\classes started by guilh in C:\Users\guilh\OneDrive\Desktop\sptech\PI\ms async\ms-report-async)
2026-03-03 20:37:25.722 [restartedMain] DEBUG c.e.m.MsReportAsyncApplication [] - Running with Spring Boot v4.0.3, Spring v7.0.5
2026-03-03 20:37:25.722 [restartedMain] INFO  c.e.m.MsReportAsyncApplication [] - No active profile set, falling back to 1 default profile: "default"
2026-03-03 20:37:25.836 [restartedMain] INFO  o.s.b.d.e.DevToolsPropertyDefaultsPostProcessor [] - Devtools property defaults active! Set 'spring.devtools.add-properties' to 'false' to disable
2026-03-03 20:37:25.837 [restartedMain] INFO  o.s.b.d.e.DevToolsPropertyDefaultsPostProcessor [] - For additional web related logging consider setting the 'logging.level.web' property to 'DEBUG'
2026-03-03 20:37:29.440 [restartedMain] INFO  o.s.boot.tomcat.TomcatWebServer [] - Tomcat initialized with port 8080 (http)
2026-03-03 20:37:29.471 [restartedMain] INFO  o.a.coyote.http11.Http11NioProtocol [] - Initializing ProtocolHandler ["http-nio-8080"]
2026-03-03 20:37:29.477 [restartedMain] INFO  o.a.catalina.core.StandardService [] - Starting service [Tomcat]
2026-03-03 20:37:29.478 [restartedMain] INFO  o.a.catalina.core.StandardEngine [] - Starting Servlet engine: [Apache Tomcat/11.0.18]
2026-03-03 20:37:29.591 [restartedMain] INFO  o.s.b.w.c.s.WebApplicationContextInitializer [] - Root WebApplicationContext: initialization completed in 3753 ms
2026-03-03 20:37:30.086 [restartedMain] WARN  s.a.a.p.internal.ProfileFileReader [] - Ignoring profile '[default]' on line 3, because '[profile default]' was already seen in the same file.
2026-03-03 20:37:33.070 [restartedMain] INFO  o.s.b.a.e.web.EndpointLinksResolver [] - Exposing 1 endpoint beneath base path '/actuator'
2026-03-03 20:37:33.182 [restartedMain] DEBUG o.s.a.r.l.a.MessagingMessageListenerAdapter [] - Inferred argument type for public void com.example.ms_report_async.infraestructure.async.RabbitImportListener.receive(java.lang.String) is class java.lang.String
2026-03-03 20:37:33.239 [restartedMain] DEBUG o.s.a.r.l.SimpleMessageListenerContainer [] - No global properties bean
2026-03-03 20:37:33.298 [restartedMain] INFO  o.a.coyote.http11.Http11NioProtocol [] - Starting ProtocolHandler ["http-nio-8080"]
2026-03-03 20:37:33.346 [restartedMain] INFO  o.s.boot.tomcat.TomcatWebServer [] - Tomcat started on port 8080 (http) with context path '/'
2026-03-03 20:37:33.350 [restartedMain] DEBUG o.s.a.r.l.SimpleMessageListenerContainer [] - Starting Rabbit listener container.
2026-03-03 20:37:33.356 [restartedMain] INFO  o.s.a.r.c.CachingConnectionFactory [] - Attempting to connect to: [localhost:5672]
2026-03-03 20:37:33.383 [restartedMain] INFO  o.s.a.r.l.SimpleMessageListenerContainer [] - Broker not available; cannot force queue declarations during start: java.net.ConnectException: Connection refused: getsockopt
2026-03-03 20:37:33.398 [org.springframework.amqp.rabbit.RabbitListenerEndpointContainer#0-1] INFO  o.s.a.r.c.CachingConnectionFactory [] - Attempting to connect to: [localhost:5672]
2026-03-03 20:37:33.423 [org.springframework.amqp.rabbit.RabbitListenerEndpointContainer#0-1] ERROR o.s.a.r.l.SimpleMessageListenerContainer [] - Failed to check/redeclare auto-delete queue(s).
org.springframework.amqp.AmqpConnectException: java.net.ConnectException: Connection refused: getsockopt
	at org.springframework.amqp.rabbit.support.RabbitExceptionTranslator.convertRabbitAccessException(RabbitExceptionTranslator.java:60)
	at org.springframework.amqp.rabbit.connection.AbstractConnectionFactory.createBareConnection(AbstractConnectionFactory.java:629)
	at org.springframework.amqp.rabbit.connection.CachingConnectionFactory.createConnection(CachingConnectionFactory.java:745)
	at org.springframework.amqp.rabbit.connection.ConnectionFactoryUtils.createConnection(ConnectionFactoryUtils.java:256)
	at org.springframework.amqp.rabbit.core.RabbitTemplate.doExecute(RabbitTemplate.java:2241)
	at org.springframework.amqp.rabbit.core.RabbitTemplate.execute(RabbitTemplate.java:2213)
	at org.springframework.amqp.rabbit.core.RabbitTemplate.execute(RabbitTemplate.java:2193)
	at org.springframework.amqp.rabbit.core.RabbitAdmin.getQueueInfo(RabbitAdmin.java:472)
	at org.springframework.amqp.rabbit.core.RabbitAdmin.getQueueProperties(RabbitAdmin.java:456)
	at org.springframework.amqp.rabbit.listener.AbstractMessageListenerContainer.attemptDeclarations(AbstractMessageListenerContainer.java:1959)
	at org.springframework.amqp.rabbit.listener.AbstractMessageListenerContainer.redeclareElementsIfNecessary(AbstractMessageListenerContainer.java:1923)
	at org.springframework.amqp.rabbit.listener.SimpleMessageListenerContainer$AsyncMessageProcessingConsumer.initialize(SimpleMessageListenerContainer.java:1523)
	at org.springframework.amqp.rabbit.listener.SimpleMessageListenerContainer$AsyncMessageProcessingConsumer.run(SimpleMessageListenerContainer.java:1356)
	at java.base/java.lang.Thread.run(Thread.java:1583)
Caused by: java.net.ConnectException: Connection refused: getsockopt
	at java.base/sun.nio.ch.Net.pollConnect(Native Method)
	at java.base/sun.nio.ch.Net.pollConnectNow(Net.java:682)
	at java.base/sun.nio.ch.NioSocketImpl.timedFinishConnect(NioSocketImpl.java:542)
	at java.base/sun.nio.ch.NioSocketImpl.connect(NioSocketImpl.java:592)
	at java.base/java.net.SocksSocketImpl.connect(SocksSocketImpl.java:327)
	at java.base/java.net.Socket.connect(Socket.java:751)
	at com.rabbitmq.client.impl.SocketFrameHandlerFactory.create(SocketFrameHandlerFactory.java:61)
	at com.rabbitmq.client.ConnectionFactory.newConnection(ConnectionFactory.java:1355)
	at com.rabbitmq.client.ConnectionFactory.newConnection(ConnectionFactory.java:1297)
	at org.springframework.amqp.rabbit.connection.AbstractConnectionFactory.connectAddresses(AbstractConnectionFactory.java:676)
	at org.springframework.amqp.rabbit.connection.AbstractConnectionFactory.connect(AbstractConnectionFactory.java:644)
	at org.springframework.amqp.rabbit.connection.AbstractConnectionFactory.createBareConnection(AbstractConnectionFactory.java:590)
	... 12 common frames omitted
2026-03-03 20:37:33.423 [org.springframework.amqp.rabbit.RabbitListenerEndpointContainer#0-1] DEBUG o.s.a.r.l.BlockingQueueConsumer [] - Starting consumer Consumer@573417a2: tags=[[]], channel=null, acknowledgeMode=AUTO local queue size=0
2026-03-03 20:37:33.438 [org.springframework.amqp.rabbit.RabbitListenerEndpointContainer#0-1] INFO  o.s.a.r.c.CachingConnectionFactory [] - Attempting to connect to: [localhost:5672]
2026-03-03 20:37:33.441 [org.springframework.amqp.rabbit.RabbitListenerEndpointContainer#0-1] DEBUG o.s.a.r.l.SimpleMessageListenerContainer [] - Recovering consumer in 5000 ms.
2026-03-03 20:37:33.459 [restartedMain] INFO  c.e.m.MsReportAsyncApplication [] - Started MsReportAsyncApplication in 9.688 seconds (process running for 17.735)
2026-03-03 20:37:38.573 [org.springframework.amqp.rabbit.RabbitListenerEndpointContainer#0-1] WARN  o.s.a.r.l.SimpleMessageListenerContainer [] - Consumer raised exception, processing can restart if the connection factory supports it
org.springframework.amqp.AmqpConnectException: java.net.ConnectException: Connection refused: getsockopt
	at org.springframework.amqp.rabbit.support.RabbitExceptionTranslator.convertRabbitAccessException(RabbitExceptionTranslator.java:60)
	at org.springframework.amqp.rabbit.connection.AbstractConnectionFactory.createBareConnection(AbstractConnectionFactory.java:629)
	at org.springframework.amqp.rabbit.connection.CachingConnectionFactory.createConnection(CachingConnectionFactory.java:745)
	at org.springframework.amqp.rabbit.connection.ConnectionFactoryUtils.createConnection(ConnectionFactoryUtils.java:256)
	at org.springframework.amqp.rabbit.connection.ConnectionFactoryUtils$RabbitResourceFactory.createConnection(ConnectionFactoryUtils.java:330)
	at org.springframework.amqp.rabbit.connection.ConnectionFactoryUtils.doGetTransactionalResourceHolder(ConnectionFactoryUtils.java:139)
	at org.springframework.amqp.rabbit.connection.ConnectionFactoryUtils.getTransactionalResourceHolder(ConnectionFactoryUtils.java:100)
	at org.springframework.amqp.rabbit.connection.ConnectionFactoryUtils.getTransactionalResourceHolder(ConnectionFactoryUtils.java:83)
	at org.springframework.amqp.rabbit.listener.BlockingQueueConsumer.start(BlockingQueueConsumer.java:631)
	at org.springframework.amqp.rabbit.listener.SimpleMessageListenerContainer$AsyncMessageProcessingConsumer.initialize(SimpleMessageListenerContainer.java:1524)
	at org.springframework.amqp.rabbit.listener.SimpleMessageListenerContainer$AsyncMessageProcessingConsumer.run(SimpleMessageListenerContainer.java:1356)
	at java.base/java.lang.Thread.run(Thread.java:1583)
Caused by: java.net.ConnectException: Connection refused: getsockopt
	at java.base/sun.nio.ch.Net.pollConnect(Native Method)
	at java.base/sun.nio.ch.Net.pollConnectNow(Net.java:682)
	at java.base/sun.nio.ch.NioSocketImpl.timedFinishConnect(NioSocketImpl.java:542)
	at java.base/sun.nio.ch.NioSocketImpl.connect(NioSocketImpl.java:592)
	at java.base/java.net.SocksSocketImpl.connect(SocksSocketImpl.java:327)
	at java.base/java.net.Socket.connect(Socket.java:751)
	at com.rabbitmq.client.impl.SocketFrameHandlerFactory.create(SocketFrameHandlerFactory.java:61)
	at com.rabbitmq.client.ConnectionFactory.newConnection(ConnectionFactory.java:1355)
	at com.rabbitmq.client.ConnectionFactory.newConnection(ConnectionFactory.java:1297)
	at org.springframework.amqp.rabbit.connection.AbstractConnectionFactory.connectAddresses(AbstractConnectionFactory.java:676)
	at org.springframework.amqp.rabbit.connection.AbstractConnectionFactory.connect(AbstractConnectionFactory.java:644)
	at org.springframework.amqp.rabbit.connection.AbstractConnectionFactory.createBareConnection(AbstractConnectionFactory.java:590)
	... 10 common frames omitted
2026-03-03 20:37:38.574 [org.springframework.amqp.rabbit.RabbitListenerEndpointContainer#0-1] INFO  o.s.a.r.l.SimpleMessageListenerContainer [] - Restarting Consumer@573417a2: tags=[[]], channel=null, acknowledgeMode=AUTO local queue size=0
2026-03-03 20:37:38.574 [org.springframework.amqp.rabbit.RabbitListenerEndpointContainer#0-1] DEBUG o.s.a.r.l.BlockingQueueConsumer [] - Closing Rabbit Channel: null
2026-03-03 20:37:38.576 [org.springframework.amqp.rabbit.RabbitListenerEndpointContainer#0-2] INFO  o.s.a.r.c.CachingConnectionFactory [] - Attempting to connect to: [localhost:5672]
2026-03-03 20:37:38.694 [org.springframework.amqp.rabbit.RabbitListenerEndpointContainer#0-2] INFO  o.s.a.r.c.CachingConnectionFactory [] - Created new connection: rabbitConnectionFactory#40102b36:3/SimpleConnection@435f5cee [delegate=amqp://guest@127.0.0.1:5672/, localPort=50201]
2026-03-03 20:37:38.697 [org.springframework.amqp.rabbit.RabbitListenerEndpointContainer#0-2] DEBUG o.s.amqp.rabbit.core.RabbitAdmin [] - Initializing declarations
2026-03-03 20:37:38.713 [org.springframework.amqp.rabbit.RabbitListenerEndpointContainer#0-2] DEBUG o.s.a.r.c.CachingConnectionFactory [] - Creating cached Rabbit Channel from AMQChannel(amqp://guest@127.0.0.1:5672/,1)
2026-03-03 20:37:38.726 [org.springframework.amqp.rabbit.RabbitListenerEndpointContainer#0-2] DEBUG o.s.amqp.rabbit.core.RabbitTemplate [] - Executing callback  on RabbitMQ Channel: Cached Rabbit Channel: AMQChannel(amqp://guest@127.0.0.1:5672/,1), conn: Proxy@e48338f Shared Rabbit Connection: SimpleConnection@435f5cee [delegate=amqp://guest@127.0.0.1:5672/, localPort=50201]
2026-03-03 20:37:38.726 [org.springframework.amqp.rabbit.RabbitListenerEndpointContainer#0-2] DEBUG o.s.amqp.rabbit.core.RabbitAdmin [] - declaring Exchange 'import_exchange3'
2026-03-03 20:37:38.730 [org.springframework.amqp.rabbit.RabbitListenerEndpointContainer#0-2] DEBUG o.s.amqp.rabbit.core.RabbitAdmin [] - declaring Queue 'import_csv_queue3'
2026-03-03 20:37:38.734 [org.springframework.amqp.rabbit.RabbitListenerEndpointContainer#0-2] DEBUG o.s.amqp.rabbit.core.RabbitAdmin [] - Binding destination [import_csv_queue3 (QUEUE)] to exchange [import_exchange3] with routing key [import.csv3]
2026-03-03 20:37:38.768 [org.springframework.amqp.rabbit.RabbitListenerEndpointContainer#0-2] DEBUG o.s.amqp.rabbit.core.RabbitAdmin [] - Declarations finished
2026-03-03 20:37:38.769 [org.springframework.amqp.rabbit.RabbitListenerEndpointContainer#0-2] DEBUG o.s.amqp.rabbit.core.RabbitTemplate [] - Executing callback  on RabbitMQ Channel: Cached Rabbit Channel: AMQChannel(amqp://guest@127.0.0.1:5672/,1), conn: Proxy@e48338f Shared Rabbit Connection: SimpleConnection@435f5cee [delegate=amqp://guest@127.0.0.1:5672/, localPort=50201]
2026-03-03 20:37:38.771 [org.springframework.amqp.rabbit.RabbitListenerEndpointContainer#0-2] DEBUG o.s.a.r.l.BlockingQueueConsumer [] - Starting consumer Consumer@2fdd2779: tags=[[]], channel=null, acknowledgeMode=AUTO local queue size=0
2026-03-03 20:37:38.784 [org.springframework.amqp.rabbit.RabbitListenerEndpointContainer#0-2] DEBUG o.s.a.r.l.BlockingQueueConsumer [] - Started on queue 'import_csv_queue3' with tag amq.ctag-qO2QEs1mkJLphQQkXzgTiw: Consumer@2fdd2779: tags=[[]], channel=Cached Rabbit Channel: AMQChannel(amqp://guest@127.0.0.1:5672/,1), conn: Proxy@e48338f Shared Rabbit Connection: SimpleConnection@435f5cee [delegate=amqp://guest@127.0.0.1:5672/, localPort=50201], acknowledgeMode=AUTO local queue size=0
2026-03-03 20:37:38.785 [pool-3-thread-3] DEBUG o.s.a.r.l.BlockingQueueConsumer [] - ConsumeOK: Consumer@2fdd2779: tags=[[amq.ctag-qO2QEs1mkJLphQQkXzgTiw]], channel=Cached Rabbit Channel: AMQChannel(amqp://guest@127.0.0.1:5672/,1), conn: Proxy@e48338f Shared Rabbit Connection: SimpleConnection@435f5cee [delegate=amqp://guest@127.0.0.1:5672/, localPort=50201], acknowledgeMode=AUTO local queue size=0
2026-03-03 20:38:15.006 [background-preinit] INFO  o.h.validator.internal.util.Version [] - HV000001: Hibernate Validator 9.0.1.Final
2026-03-03 20:38:15.082 [restartedMain] INFO  c.e.m.MsReportAsyncApplication [] - Starting MsReportAsyncApplication using Java 21.0.8 with PID 15984 (C:\Users\guilh\OneDrive\Desktop\sptech\PI\ms async\ms-report-async\target\classes started by guilh in C:\Users\guilh\OneDrive\Desktop\sptech\PI\ms async\ms-report-async)
2026-03-03 20:38:15.082 [restartedMain] DEBUG c.e.m.MsReportAsyncApplication [] - Running with Spring Boot v4.0.3, Spring v7.0.5
2026-03-03 20:38:15.082 [restartedMain] INFO  c.e.m.MsReportAsyncApplication [] - No active profile set, falling back to 1 default profile: "default"
2026-03-03 20:38:15.182 [restartedMain] INFO  o.s.b.d.e.DevToolsPropertyDefaultsPostProcessor [] - Devtools property defaults active! Set 'spring.devtools.add-properties' to 'false' to disable
2026-03-03 20:38:15.182 [restartedMain] INFO  o.s.b.d.e.DevToolsPropertyDefaultsPostProcessor [] - For additional web related logging consider setting the 'logging.level.web' property to 'DEBUG'
2026-03-03 20:38:17.918 [restartedMain] INFO  o.s.boot.tomcat.TomcatWebServer [] - Tomcat initialized with port 8080 (http)
2026-03-03 20:38:17.950 [restartedMain] INFO  o.a.coyote.http11.Http11NioProtocol [] - Initializing ProtocolHandler ["http-nio-8080"]
2026-03-03 20:38:17.950 [restartedMain] INFO  o.a.catalina.core.StandardService [] - Starting service [Tomcat]
2026-03-03 20:38:17.950 [restartedMain] INFO  o.a.catalina.core.StandardEngine [] - Starting Servlet engine: [Apache Tomcat/11.0.18]
2026-03-03 20:38:18.047 [restartedMain] INFO  o.s.b.w.c.s.WebApplicationContextInitializer [] - Root WebApplicationContext: initialization completed in 2865 ms
2026-03-03 20:38:18.457 [restartedMain] WARN  s.a.a.p.internal.ProfileFileReader [] - Ignoring profile '[default]' on line 3, because '[profile default]' was already seen in the same file.
2026-03-03 20:38:20.789 [restartedMain] INFO  o.s.b.a.e.web.EndpointLinksResolver [] - Exposing 1 endpoint beneath base path '/actuator'
2026-03-03 20:38:20.852 [restartedMain] DEBUG o.s.a.r.l.a.MessagingMessageListenerAdapter [] - Inferred argument type for public void com.example.ms_report_async.infraestructure.async.RabbitImportListener.receive(java.lang.String) is class java.lang.String
2026-03-03 20:38:20.868 [restartedMain] DEBUG o.s.a.r.l.SimpleMessageListenerContainer [] - No global properties bean
2026-03-03 20:38:20.916 [restartedMain] INFO  o.a.coyote.http11.Http11NioProtocol [] - Starting ProtocolHandler ["http-nio-8080"]
2026-03-03 20:38:20.932 [restartedMain] WARN  o.s.b.w.s.s.c.AnnotationConfigServletWebServerApplicationContext [] - Exception encountered during context initialization - cancelling refresh attempt: org.springframework.context.ApplicationContextException: Failed to start bean 'webServerStartStop'
2026-03-03 20:38:20.948 [restartedMain] DEBUG o.s.a.r.l.SimpleMessageListenerContainer [] - Shutdown ignored - container is not active already
2026-03-03 20:38:21.059 [restartedMain] INFO  o.s.b.a.l.ConditionEvaluationReportLogger [] - 

Error starting ApplicationContext. To display the condition evaluation report re-run your application with 'debug' enabled.
2026-03-03 20:38:21.092 [restartedMain] ERROR o.s.b.d.LoggingFailureAnalysisReporter [] - 

***************************
APPLICATION FAILED TO START
***************************

Description:

Web server failed to start. Port 8080 was already in use.

Action:

Identify and stop the process that's listening on port 8080 or configure this application to listen on another port.

2026-03-03 20:38:43.358 [background-preinit] INFO  o.h.validator.internal.util.Version [] - HV000001: Hibernate Validator 9.0.1.Final
2026-03-03 20:38:43.440 [restartedMain] INFO  c.e.m.MsReportAsyncApplication [] - Starting MsReportAsyncApplication using Java 21.0.8 with PID 16232 (C:\Users\guilh\OneDrive\Desktop\sptech\PI\ms async\ms-report-async\target\classes started by guilh in C:\Users\guilh\OneDrive\Desktop\sptech\PI\ms async\ms-report-async)
2026-03-03 20:38:43.451 [restartedMain] DEBUG c.e.m.MsReportAsyncApplication [] - Running with Spring Boot v4.0.3, Spring v7.0.5
2026-03-03 20:38:43.451 [restartedMain] INFO  c.e.m.MsReportAsyncApplication [] - No active profile set, falling back to 1 default profile: "default"
2026-03-03 20:38:43.553 [restartedMain] INFO  o.s.b.d.e.DevToolsPropertyDefaultsPostProcessor [] - Devtools property defaults active! Set 'spring.devtools.add-properties' to 'false' to disable
2026-03-03 20:38:43.553 [restartedMain] INFO  o.s.b.d.e.DevToolsPropertyDefaultsPostProcessor [] - For additional web related logging consider setting the 'logging.level.web' property to 'DEBUG'
2026-03-03 20:38:46.126 [restartedMain] INFO  o.s.boot.tomcat.TomcatWebServer [] - Tomcat initialized with port 8080 (http)
2026-03-03 20:38:46.142 [restartedMain] INFO  o.a.coyote.http11.Http11NioProtocol [] - Initializing ProtocolHandler ["http-nio-8080"]
2026-03-03 20:38:46.157 [restartedMain] INFO  o.a.catalina.core.StandardService [] - Starting service [Tomcat]
2026-03-03 20:38:46.157 [restartedMain] INFO  o.a.catalina.core.StandardEngine [] - Starting Servlet engine: [Apache Tomcat/11.0.18]
2026-03-03 20:38:46.252 [restartedMain] INFO  o.s.b.w.c.s.WebApplicationContextInitializer [] - Root WebApplicationContext: initialization completed in 2699 ms
2026-03-03 20:38:46.715 [restartedMain] WARN  s.a.a.p.internal.ProfileFileReader [] - Ignoring profile '[default]' on line 3, because '[profile default]' was already seen in the same file.
2026-03-03 20:38:49.002 [restartedMain] INFO  o.s.b.a.e.web.EndpointLinksResolver [] - Exposing 1 endpoint beneath base path '/actuator'
2026-03-03 20:38:49.062 [restartedMain] DEBUG o.s.a.r.l.a.MessagingMessageListenerAdapter [] - Inferred argument type for public void com.example.ms_report_async.infraestructure.async.RabbitImportListener.receive(java.lang.String) is class java.lang.String
2026-03-03 20:38:49.107 [restartedMain] DEBUG o.s.a.r.l.SimpleMessageListenerContainer [] - No global properties bean
2026-03-03 20:38:49.136 [restartedMain] INFO  o.a.coyote.http11.Http11NioProtocol [] - Starting ProtocolHandler ["http-nio-8080"]
2026-03-03 20:38:49.161 [restartedMain] WARN  o.s.b.w.s.s.c.AnnotationConfigServletWebServerApplicationContext [] - Exception encountered during context initialization - cancelling refresh attempt: org.springframework.context.ApplicationContextException: Failed to start bean 'webServerStartStop'
2026-03-03 20:38:49.163 [restartedMain] DEBUG o.s.a.r.l.SimpleMessageListenerContainer [] - Shutdown ignored - container is not active already
2026-03-03 20:38:49.266 [restartedMain] INFO  o.s.b.a.l.ConditionEvaluationReportLogger [] - 

Error starting ApplicationContext. To display the condition evaluation report re-run your application with 'debug' enabled.
2026-03-03 20:38:49.294 [restartedMain] ERROR o.s.b.d.LoggingFailureAnalysisReporter [] - 

***************************
APPLICATION FAILED TO START
***************************

Description:

Web server failed to start. Port 8080 was already in use.

Action:

Identify and stop the process that's listening on port 8080 or configure this application to listen on another port.

2026-03-03 20:39:13.522 [http-nio-8080-exec-1] INFO  o.a.c.c.C.[Tomcat].[localhost].[/] [] - Initializing Spring DispatcherServlet 'dispatcherServlet'
2026-03-03 20:39:13.522 [http-nio-8080-exec-1] INFO  o.s.web.servlet.DispatcherServlet [] - Initializing Servlet 'dispatcherServlet'
2026-03-03 20:39:13.539 [http-nio-8080-exec-1] INFO  o.s.web.servlet.DispatcherServlet [] - Completed initialization in 17 ms
2026-03-03 20:40:55.130 [background-preinit] INFO  o.h.validator.internal.util.Version [] - HV000001: Hibernate Validator 9.0.1.Final
2026-03-03 20:40:55.234 [restartedMain] INFO  c.e.m.MsReportAsyncApplication [] - Starting MsReportAsyncApplication using Java 21.0.8 with PID 11948 (C:\Users\guilh\OneDrive\Desktop\sptech\PI\ms async\ms-report-async\target\classes started by guilh in C:\Users\guilh\OneDrive\Desktop\sptech\PI\ms async\ms-report-async)
2026-03-03 20:40:55.250 [restartedMain] DEBUG c.e.m.MsReportAsyncApplication [] - Running with Spring Boot v4.0.3, Spring v7.0.5
2026-03-03 20:40:55.250 [restartedMain] INFO  c.e.m.MsReportAsyncApplication [] - No active profile set, falling back to 1 default profile: "default"
2026-03-03 20:40:55.349 [restartedMain] INFO  o.s.b.d.e.DevToolsPropertyDefaultsPostProcessor [] - Devtools property defaults active! Set 'spring.devtools.add-properties' to 'false' to disable
2026-03-03 20:40:55.349 [restartedMain] INFO  o.s.b.d.e.DevToolsPropertyDefaultsPostProcessor [] - For additional web related logging consider setting the 'logging.level.web' property to 'DEBUG'
2026-03-03 20:40:57.873 [restartedMain] INFO  o.s.boot.tomcat.TomcatWebServer [] - Tomcat initialized with port 8080 (http)
2026-03-03 20:40:57.905 [restartedMain] INFO  o.a.coyote.http11.Http11NioProtocol [] - Initializing ProtocolHandler ["http-nio-8080"]
2026-03-03 20:40:57.905 [restartedMain] INFO  o.a.catalina.core.StandardService [] - Starting service [Tomcat]
2026-03-03 20:40:57.905 [restartedMain] INFO  o.a.catalina.core.StandardEngine [] - Starting Servlet engine: [Apache Tomcat/11.0.18]
2026-03-03 20:40:57.985 [restartedMain] INFO  o.s.b.w.c.s.WebApplicationContextInitializer [] - Root WebApplicationContext: initialization completed in 2636 ms
2026-03-03 20:40:58.429 [restartedMain] WARN  s.a.a.p.internal.ProfileFileReader [] - Ignoring profile '[default]' on line 3, because '[profile default]' was already seen in the same file.
2026-03-03 20:41:00.603 [restartedMain] INFO  o.s.b.a.e.web.EndpointLinksResolver [] - Exposing 1 endpoint beneath base path '/actuator'
2026-03-03 20:41:00.650 [restartedMain] DEBUG o.s.a.r.l.a.MessagingMessageListenerAdapter [] - Inferred argument type for public void com.example.ms_report_async.infraestructure.async.RabbitImportListener.receive(java.lang.String) is class java.lang.String
2026-03-03 20:41:00.682 [restartedMain] DEBUG o.s.a.r.l.SimpleMessageListenerContainer [] - No global properties bean
2026-03-03 20:41:00.730 [restartedMain] INFO  o.a.coyote.http11.Http11NioProtocol [] - Starting ProtocolHandler ["http-nio-8080"]
2026-03-03 20:41:00.762 [restartedMain] INFO  o.s.boot.tomcat.TomcatWebServer [] - Tomcat started on port 8080 (http) with context path '/'
2026-03-03 20:41:00.762 [restartedMain] DEBUG o.s.a.r.l.SimpleMessageListenerContainer [] - Starting Rabbit listener container.
2026-03-03 20:41:00.777 [restartedMain] INFO  o.s.a.r.c.CachingConnectionFactory [] - Attempting to connect to: [localhost:5672]
2026-03-03 20:41:00.920 [restartedMain] INFO  o.s.a.r.c.CachingConnectionFactory [] - Created new connection: rabbitConnectionFactory#6b2b39e7:0/SimpleConnection@64a4348d [delegate=amqp://guest@127.0.0.1:5672/, localPort=54091]
2026-03-03 20:41:00.920 [restartedMain] DEBUG o.s.amqp.rabbit.core.RabbitAdmin [] - Initializing declarations
2026-03-03 20:41:00.936 [restartedMain] DEBUG o.s.a.r.c.CachingConnectionFactory [] - Creating cached Rabbit Channel from AMQChannel(amqp://guest@127.0.0.1:5672/,1)
2026-03-03 20:41:00.952 [restartedMain] DEBUG o.s.amqp.rabbit.core.RabbitTemplate [] - Executing callback  on RabbitMQ Channel: Cached Rabbit Channel: AMQChannel(amqp://guest@127.0.0.1:5672/,1), conn: Proxy@77c21ce1 Shared Rabbit Connection: SimpleConnection@64a4348d [delegate=amqp://guest@127.0.0.1:5672/, localPort=54091]
2026-03-03 20:41:00.952 [restartedMain] DEBUG o.s.amqp.rabbit.core.RabbitAdmin [] - declaring Exchange 'import_exchange3'
2026-03-03 20:41:00.968 [restartedMain] DEBUG o.s.amqp.rabbit.core.RabbitAdmin [] - declaring Queue 'import_csv_queue3'
2026-03-03 20:41:00.968 [restartedMain] DEBUG o.s.amqp.rabbit.core.RabbitAdmin [] - Binding destination [import_csv_queue3 (QUEUE)] to exchange [import_exchange3] with routing key [import.csv3]
2026-03-03 20:41:00.984 [restartedMain] DEBUG o.s.amqp.rabbit.core.RabbitAdmin [] - Declarations finished
2026-03-03 20:41:01.000 [org.springframework.amqp.rabbit.RabbitListenerEndpointContainer#0-1] DEBUG o.s.amqp.rabbit.core.RabbitTemplate [] - Executing callback  on RabbitMQ Channel: Cached Rabbit Channel: AMQChannel(amqp://guest@127.0.0.1:5672/,1), conn: Proxy@77c21ce1 Shared Rabbit Connection: SimpleConnection@64a4348d [delegate=amqp://guest@127.0.0.1:5672/, localPort=54091]
2026-03-03 20:41:01.000 [org.springframework.amqp.rabbit.RabbitListenerEndpointContainer#0-1] DEBUG o.s.a.r.l.BlockingQueueConsumer [] - Starting consumer Consumer@3fc54ccf: tags=[[]], channel=null, acknowledgeMode=AUTO local queue size=0
2026-03-03 20:41:01.016 [org.springframework.amqp.rabbit.RabbitListenerEndpointContainer#0-1] DEBUG o.s.a.r.l.BlockingQueueConsumer [] - Started on queue 'import_csv_queue3' with tag amq.ctag-Zp8U0oTBZQPVG7u_q6LX9w: Consumer@3fc54ccf: tags=[[]], channel=Cached Rabbit Channel: AMQChannel(amqp://guest@127.0.0.1:5672/,1), conn: Proxy@77c21ce1 Shared Rabbit Connection: SimpleConnection@64a4348d [delegate=amqp://guest@127.0.0.1:5672/, localPort=54091], acknowledgeMode=AUTO local queue size=0
2026-03-03 20:41:01.016 [pool-3-thread-3] DEBUG o.s.a.r.l.BlockingQueueConsumer [] - ConsumeOK: Consumer@3fc54ccf: tags=[[amq.ctag-Zp8U0oTBZQPVG7u_q6LX9w]], channel=Cached Rabbit Channel: AMQChannel(amqp://guest@127.0.0.1:5672/,1), conn: Proxy@77c21ce1 Shared Rabbit Connection: SimpleConnection@64a4348d [delegate=amqp://guest@127.0.0.1:5672/, localPort=54091], acknowledgeMode=AUTO local queue size=0
2026-03-03 20:41:01.032 [restartedMain] INFO  c.e.m.MsReportAsyncApplication [] - Started MsReportAsyncApplication in 6.925 seconds (process running for 7.914)
2026-03-03 20:41:10.376 [http-nio-8080-exec-4] INFO  o.a.c.c.C.[Tomcat].[localhost].[/] [] - Initializing Spring DispatcherServlet 'dispatcherServlet'
2026-03-03 20:41:10.377 [http-nio-8080-exec-4] INFO  o.s.web.servlet.DispatcherServlet [] - Initializing Servlet 'dispatcherServlet'
2026-03-03 20:41:10.379 [http-nio-8080-exec-4] INFO  o.s.web.servlet.DispatcherServlet [] - Completed initialization in 2 ms
2026-03-03 20:41:10.468 [http-nio-8080-exec-4] INFO  c.e.m.i.r.impl.ImportControllerImpl [] - Recebendo requisição de importação. FileKey: estatisticas_di_2025_10-12_trusted.csv
2026-03-03 20:41:10.469 [http-nio-8080-exec-4] DEBUG c.e.m.i.async.RabbitImportProducer [] - Gerando novo JobId: 82a7ce8f-ef75-4358-958f-568496130f0e para FileKey: estatisticas_di_2025_10-12_trusted.csv
2026-03-03 20:41:10.473 [http-nio-8080-exec-4] DEBUG o.s.a.r.c.CachingConnectionFactory [] - Creating cached Rabbit Channel from AMQChannel(amqp://guest@127.0.0.1:5672/,2)
2026-03-03 20:41:10.474 [http-nio-8080-exec-4] DEBUG o.s.amqp.rabbit.core.RabbitTemplate [] - Executing callback  on RabbitMQ Channel: Cached Rabbit Channel: AMQChannel(amqp://guest@127.0.0.1:5672/,2), conn: Proxy@77c21ce1 Shared Rabbit Connection: SimpleConnection@64a4348d [delegate=amqp://guest@127.0.0.1:5672/, localPort=54091]
2026-03-03 20:41:10.493 [http-nio-8080-exec-4] DEBUG o.s.amqp.rabbit.core.RabbitTemplate [] - Publishing message [(Body:'[B@4645e774(byte[100])' MessageProperties [headers={}, contentType=text/plain, contentEncoding=UTF-8, contentLength=100, deliveryMode=PERSISTENT, priority=0, deliveryTag=0])] on exchange [import_exchange3], routingKey = [import.csv3]
2026-03-03 20:41:10.504 [http-nio-8080-exec-4] INFO  c.e.m.i.async.RabbitImportProducer [] - Mensagem publicada no RabbitMQ com sucesso. Exchange: import_exchange3, RoutingKey: import.csv3, JobId: 82a7ce8f-ef75-4358-958f-568496130f0e
2026-03-03 20:41:10.505 [http-nio-8080-exec-4] INFO  c.e.m.i.r.impl.ImportControllerImpl [] - Importação enfileirada com sucesso. JobId: 82a7ce8f-ef75-4358-958f-568496130f0e, FileKey: estatisticas_di_2025_10-12_trusted.csv
2026-03-03 20:41:10.514 [pool-3-thread-4] DEBUG o.s.a.r.l.BlockingQueueConsumer [] - Storing delivery for consumerTag: 'amq.ctag-Zp8U0oTBZQPVG7u_q6LX9w' with deliveryTag: '1' in Consumer@3fc54ccf: tags=[[amq.ctag-Zp8U0oTBZQPVG7u_q6LX9w]], channel=Cached Rabbit Channel: AMQChannel(amqp://guest@127.0.0.1:5672/,1), conn: Proxy@77c21ce1 Shared Rabbit Connection: SimpleConnection@64a4348d [delegate=amqp://guest@127.0.0.1:5672/, localPort=54091], acknowledgeMode=AUTO local queue size=0
2026-03-03 20:41:10.517 [org.springframework.amqp.rabbit.RabbitListenerEndpointContainer#0-1] DEBUG o.s.a.r.l.BlockingQueueConsumer [] - Received message: (Body:'[B@3f157556(byte[100])' MessageProperties [headers={}, contentType=text/plain, contentEncoding=UTF-8, contentLength=0, receivedDeliveryMode=PERSISTENT, priority=0, redelivered=false, receivedExchange=import_exchange3, receivedRoutingKey=import.csv3, deliveryTag=1, consumerTag=amq.ctag-Zp8U0oTBZQPVG7u_q6LX9w, consumerQueue=import_csv_queue3])
2026-03-03 20:41:10.544 [org.springframework.amqp.rabbit.RabbitListenerEndpointContainer#0-1] DEBUG o.s.a.r.l.a.MessagingMessageListenerAdapter [] - Processing [GenericMessage [payload={"jobId":"82a7ce8f-ef75-4358-958f-568496130f0e", "fileKey":"estatisticas_di_2025_10-12_trusted.csv"}, headers={amqp_receivedDeliveryMode=PERSISTENT, amqp_receivedExchange=import_exchange3, amqp_deliveryTag=1, amqp_consumerQueue=import_csv_queue3, amqp_redelivered=false, amqp_receivedRoutingKey=import.csv3, amqp_contentEncoding=UTF-8, amqp_retryCount=0, id=b9124420-6dfe-b7a8-41e4-e7e07b81f29b, amqp_consumerTag=amq.ctag-Zp8U0oTBZQPVG7u_q6LX9w, amqp_lastInBatch=false, contentType=text/plain, timestamp=1772581270543}]]
2026-03-03 20:41:10.546 [org.springframework.amqp.rabbit.RabbitListenerEndpointContainer#0-1] INFO  c.e.m.i.async.RabbitImportListener [] - Mensagem recebida do RabbitMQ: {"jobId":"82a7ce8f-ef75-4358-958f-568496130f0e", "fileKey":"estatisticas_di_2025_10-12_trusted.csv"}
2026-03-03 20:41:10.624 [org.springframework.amqp.rabbit.RabbitListenerEndpointContainer#0-1] DEBUG c.e.m.i.async.RabbitImportListener [] - Iniciando processamento. JobId: "82a7ce8f-ef75-4358-958f-568496130f0e", FileKey: estatisticas_di_2025_10-12_trusted.csv
2026-03-03 20:41:10.624 [org.springframework.amqp.rabbit.RabbitListenerEndpointContainer#0-1] INFO  c.e.m.a.u.ProcessImportFileUseCaseImpl [] - Iniciando processamento do arquivo. JobId: "82a7ce8f-ef75-4358-958f-568496130f0e", FileKey: estatisticas_di_2025_10-12_trusted.csv, Bucket: brinks-bucket-1
2026-03-03 20:41:10.626 [org.springframework.amqp.rabbit.RabbitListenerEndpointContainer#0-1] INFO  c.e.m.infraestructure.s3.S3Adapter [] - Iniciando download do S3. Bucket: brinks-bucket-1, Key: estatisticas_di_2025_10-12_trusted.csv
2026-03-03 20:41:12.707 [org.springframework.amqp.rabbit.RabbitListenerEndpointContainer#0-1] DEBUG c.e.m.infraestructure.s3.S3Adapter [] - Download do S3 iniciado com sucesso. Bucket: brinks-bucket-1, Key: estatisticas_di_2025_10-12_trusted.csv
2026-03-03 20:41:12.708 [org.springframework.amqp.rabbit.RabbitListenerEndpointContainer#0-1] DEBUG c.e.m.a.u.ProcessImportFileUseCaseImpl [] - Arquivo baixado com sucesso do S3. JobId: "82a7ce8f-ef75-4358-958f-568496130f0e", FileKey: estatisticas_di_2025_10-12_trusted.csv
2026-03-03 20:41:12.708 [org.springframework.amqp.rabbit.RabbitListenerEndpointContainer#0-1] INFO  c.e.m.i.csv.CsvParserAdapter [] - Iniciando parsing do arquivo CSV
2026-03-03 20:41:12.728 [org.springframework.amqp.rabbit.RabbitListenerEndpointContainer#0-1] DEBUG c.e.m.i.csv.CsvParserAdapter [] - Validando headers do CSV. Headers encontrados: [, ncm, pais_origem, volume_total, valor_total, preco_medio, frete_medio, seguro_medio]
2026-03-03 20:41:12.731 [org.springframework.amqp.rabbit.RabbitListenerEndpointContainer#0-1] DEBUG c.e.m.i.csv.CsvParserAdapter [] - Headers validados com sucesso
2026-03-03 20:41:12.738 [org.springframework.amqp.rabbit.RabbitListenerEndpointContainer#0-1] INFO  c.e.m.i.csv.CsvParserAdapter [] - CSV parsing concluído com sucesso. TotalLinhas: 70, DuracaoMs: 30
2026-03-03 20:41:12.739 [org.springframework.amqp.rabbit.RabbitListenerEndpointContainer#0-1] INFO  c.e.m.a.u.ProcessImportFileUseCaseImpl [] - CSV parseado com sucesso. JobId: "82a7ce8f-ef75-4358-958f-568496130f0e", TotalLinhas: 70
2026-03-03 20:41:12.739 [org.springframework.amqp.rabbit.RabbitListenerEndpointContainer#0-1] DEBUG c.e.m.a.u.ProcessImportFileUseCaseImpl [] - Consolidando relatório de importação. JobId: "82a7ce8f-ef75-4358-958f-568496130f0e", TotalLinhas: 70
2026-03-03 20:41:12.740 [org.springframework.amqp.rabbit.RabbitListenerEndpointContainer#0-1] DEBUG c.e.m.a.u.ProcessImportFileUseCaseImpl [] - Relatório consolidado. JobId: "82a7ce8f-ef75-4358-958f-568496130f0e", Linhas: 70
2026-03-03 20:41:12.740 [org.springframework.amqp.rabbit.RabbitListenerEndpointContainer#0-1] INFO  c.e.m.i.pdf.PdfGeneratorAdapter [] - Iniciando geração do PDF. JobId: "82a7ce8f-ef75-4358-958f-568496130f0e", TotalLinhas: 70
2026-03-03 20:41:13.430 [org.springframework.amqp.rabbit.RabbitListenerEndpointContainer#0-1] DEBUG c.e.m.i.pdf.PdfGeneratorAdapter [] - Documento PDF construído em memória. JobId: "82a7ce8f-ef75-4358-958f-568496130f0e", TamanhoBytes: 6894
2026-03-03 20:41:13.430 [org.springframework.amqp.rabbit.RabbitListenerEndpointContainer#0-1] DEBUG c.e.m.i.pdf.PdfGeneratorAdapter [] - PDF gerado com sucesso. JobId: "82a7ce8f-ef75-4358-958f-568496130f0e", TamanhoBytes: 6894
2026-03-03 20:41:13.431 [org.springframework.amqp.rabbit.RabbitListenerEndpointContainer#0-1] INFO  c.e.m.infraestructure.s3.S3Adapter [] - Iniciando upload para S3. Bucket: brinks-bucket-2, Key: reports/import-report-"82a7ce8f-ef75-4358-958f-568496130f0e".pdf, ContentType: application/pdf, TamanhoBytes: 6894
2026-03-03 20:41:14.941 [org.springframework.amqp.rabbit.RabbitListenerEndpointContainer#0-1] INFO  c.e.m.infraestructure.s3.S3Adapter [] - Upload para S3 concluído com sucesso. Bucket: brinks-bucket-2, Key: reports/import-report-"82a7ce8f-ef75-4358-958f-568496130f0e".pdf
2026-03-03 20:41:14.942 [org.springframework.amqp.rabbit.RabbitListenerEndpointContainer#0-1] INFO  c.e.m.i.pdf.PdfGeneratorAdapter [] - PDF salvo no S3 com sucesso. JobId: "82a7ce8f-ef75-4358-958f-568496130f0e", PdfKey: reports/import-report-"82a7ce8f-ef75-4358-958f-568496130f0e".pdf, DuracaoMs: 2202
2026-03-03 20:41:14.942 [org.springframework.amqp.rabbit.RabbitListenerEndpointContainer#0-1] INFO  c.e.m.a.u.ProcessImportFileUseCaseImpl [] - Processamento concluído com sucesso. JobId: "82a7ce8f-ef75-4358-958f-568496130f0e", PdfKey: reports/import-report-"82a7ce8f-ef75-4358-958f-568496130f0e".pdf, DuracaoMs: 4316
2026-03-03 20:41:14.942 [org.springframework.amqp.rabbit.RabbitListenerEndpointContainer#0-1] INFO  c.e.m.i.async.RabbitImportListener [] - Processamento concluído com sucesso. JobId: "82a7ce8f-ef75-4358-958f-568496130f0e", FileKey: estatisticas_di_2025_10-12_trusted.csv
2026-03-03 23:20:12.343 [background-preinit] INFO  o.h.validator.internal.util.Version [] - HV000001: Hibernate Validator 9.0.1.Final
2026-03-03 23:20:12.444 [restartedMain] INFO  c.e.m.MsReportAsyncApplication [] - Starting MsReportAsyncApplication using Java 21.0.8 with PID 5360 (C:\Users\guilh\OneDrive\Desktop\sptech\PI\ms async\ms-report-async\target\classes started by guilh in C:\Users\guilh\OneDrive\Desktop\sptech\PI\ms async\ms-report-async)
2026-03-03 23:20:12.444 [restartedMain] DEBUG c.e.m.MsReportAsyncApplication [] - Running with Spring Boot v4.0.3, Spring v7.0.5
2026-03-03 23:20:12.451 [restartedMain] INFO  c.e.m.MsReportAsyncApplication [] - No active profile set, falling back to 1 default profile: "default"
2026-03-03 23:20:12.545 [restartedMain] INFO  o.s.b.d.e.DevToolsPropertyDefaultsPostProcessor [] - Devtools property defaults active! Set 'spring.devtools.add-properties' to 'false' to disable
2026-03-03 23:20:12.545 [restartedMain] INFO  o.s.b.d.e.DevToolsPropertyDefaultsPostProcessor [] - For additional web related logging consider setting the 'logging.level.web' property to 'DEBUG'
2026-03-03 23:20:15.454 [restartedMain] INFO  o.s.boot.tomcat.TomcatWebServer [] - Tomcat initialized with port 8080 (http)
2026-03-03 23:20:15.481 [restartedMain] INFO  o.a.coyote.http11.Http11NioProtocol [] - Initializing ProtocolHandler ["http-nio-8080"]
2026-03-03 23:20:15.486 [restartedMain] INFO  o.a.catalina.core.StandardService [] - Starting service [Tomcat]
2026-03-03 23:20:15.488 [restartedMain] INFO  o.a.catalina.core.StandardEngine [] - Starting Servlet engine: [Apache Tomcat/11.0.18]
2026-03-03 23:20:15.581 [restartedMain] INFO  o.s.b.w.c.s.WebApplicationContextInitializer [] - Root WebApplicationContext: initialization completed in 3036 ms
2026-03-03 23:20:16.021 [restartedMain] WARN  s.a.a.p.internal.ProfileFileReader [] - Ignoring profile '[default]' on line 3, because '[profile default]' was already seen in the same file.
2026-03-03 23:20:18.571 [restartedMain] INFO  o.s.b.a.e.web.EndpointLinksResolver [] - Exposing 1 endpoint beneath base path '/actuator'
2026-03-03 23:20:18.631 [restartedMain] DEBUG o.s.a.r.l.a.MessagingMessageListenerAdapter [] - Inferred argument type for public void com.example.ms_report_async.infraestructure.async.RabbitImportListener.receive(java.lang.String) is class java.lang.String
2026-03-03 23:20:18.661 [restartedMain] DEBUG o.s.a.r.l.SimpleMessageListenerContainer [] - No global properties bean
2026-03-03 23:20:18.701 [restartedMain] INFO  o.a.coyote.http11.Http11NioProtocol [] - Starting ProtocolHandler ["http-nio-8080"]
2026-03-03 23:20:18.741 [restartedMain] INFO  o.s.boot.tomcat.TomcatWebServer [] - Tomcat started on port 8080 (http) with context path '/'
2026-03-03 23:20:18.741 [restartedMain] DEBUG o.s.a.r.l.SimpleMessageListenerContainer [] - Starting Rabbit listener container.
2026-03-03 23:20:18.751 [restartedMain] INFO  o.s.a.r.c.CachingConnectionFactory [] - Attempting to connect to: [localhost:5672]
2026-03-03 23:20:18.910 [restartedMain] INFO  o.s.a.r.c.CachingConnectionFactory [] - Created new connection: rabbitConnectionFactory#c0db5ec:0/SimpleConnection@3a591bd4 [delegate=amqp://guest@127.0.0.1:5672/, localPort=51705]
2026-03-03 23:20:18.910 [restartedMain] DEBUG o.s.amqp.rabbit.core.RabbitAdmin [] - Initializing declarations
2026-03-03 23:20:18.957 [restartedMain] DEBUG o.s.a.r.c.CachingConnectionFactory [] - Creating cached Rabbit Channel from AMQChannel(amqp://guest@127.0.0.1:5672/,1)
2026-03-03 23:20:18.971 [restartedMain] DEBUG o.s.amqp.rabbit.core.RabbitTemplate [] - Executing callback  on RabbitMQ Channel: Cached Rabbit Channel: AMQChannel(amqp://guest@127.0.0.1:5672/,1), conn: Proxy@fdbb8f4 Shared Rabbit Connection: SimpleConnection@3a591bd4 [delegate=amqp://guest@127.0.0.1:5672/, localPort=51705]
2026-03-03 23:20:18.972 [restartedMain] DEBUG o.s.amqp.rabbit.core.RabbitAdmin [] - declaring Exchange 'import_exchange3'
2026-03-03 23:20:18.980 [restartedMain] DEBUG o.s.amqp.rabbit.core.RabbitAdmin [] - declaring Queue 'import_csv_queue3'
2026-03-03 23:20:19.001 [restartedMain] DEBUG o.s.amqp.rabbit.core.RabbitAdmin [] - Binding destination [import_csv_queue3 (QUEUE)] to exchange [import_exchange3] with routing key [import.csv3]
2026-03-03 23:20:19.031 [restartedMain] DEBUG o.s.amqp.rabbit.core.RabbitAdmin [] - Declarations finished
2026-03-03 23:20:19.041 [org.springframework.amqp.rabbit.RabbitListenerEndpointContainer#0-1] DEBUG o.s.amqp.rabbit.core.RabbitTemplate [] - Executing callback  on RabbitMQ Channel: Cached Rabbit Channel: AMQChannel(amqp://guest@127.0.0.1:5672/,1), conn: Proxy@fdbb8f4 Shared Rabbit Connection: SimpleConnection@3a591bd4 [delegate=amqp://guest@127.0.0.1:5672/, localPort=51705]
2026-03-03 23:20:19.053 [org.springframework.amqp.rabbit.RabbitListenerEndpointContainer#0-1] DEBUG o.s.a.r.l.BlockingQueueConsumer [] - Starting consumer Consumer@ad86ed2: tags=[[]], channel=null, acknowledgeMode=AUTO local queue size=0
2026-03-03 23:20:19.072 [org.springframework.amqp.rabbit.RabbitListenerEndpointContainer#0-1] DEBUG o.s.a.r.l.BlockingQueueConsumer [] - Started on queue 'import_csv_queue3' with tag amq.ctag-NE-j1uweBdf4_3ptZxTfYg: Consumer@ad86ed2: tags=[[]], channel=Cached Rabbit Channel: AMQChannel(amqp://guest@127.0.0.1:5672/,1), conn: Proxy@fdbb8f4 Shared Rabbit Connection: SimpleConnection@3a591bd4 [delegate=amqp://guest@127.0.0.1:5672/, localPort=51705], acknowledgeMode=AUTO local queue size=0
2026-03-03 23:20:19.072 [pool-3-thread-3] DEBUG o.s.a.r.l.BlockingQueueConsumer [] - ConsumeOK: Consumer@ad86ed2: tags=[[amq.ctag-NE-j1uweBdf4_3ptZxTfYg]], channel=Cached Rabbit Channel: AMQChannel(amqp://guest@127.0.0.1:5672/,1), conn: Proxy@fdbb8f4 Shared Rabbit Connection: SimpleConnection@3a591bd4 [delegate=amqp://guest@127.0.0.1:5672/, localPort=51705], acknowledgeMode=AUTO local queue size=0
2026-03-03 23:20:19.091 [restartedMain] INFO  c.e.m.MsReportAsyncApplication [] - Started MsReportAsyncApplication in 7.834 seconds (process running for 9.214)
2026-03-03 23:20:25.185 [http-nio-8080-exec-4] INFO  o.a.c.c.C.[Tomcat].[localhost].[/] [] - Initializing Spring DispatcherServlet 'dispatcherServlet'
2026-03-03 23:20:25.186 [http-nio-8080-exec-4] INFO  o.s.web.servlet.DispatcherServlet [] - Initializing Servlet 'dispatcherServlet'
2026-03-03 23:20:25.188 [http-nio-8080-exec-4] INFO  o.s.web.servlet.DispatcherServlet [] - Completed initialization in 2 ms
2026-03-03 23:20:25.271 [http-nio-8080-exec-4] INFO  c.e.m.i.r.impl.ImportControllerImpl [] - Recebendo requisição de importação. FileKey: estatisticas_di_2025_10-12_trusted.csv
2026-03-03 23:20:25.272 [http-nio-8080-exec-4] DEBUG c.e.m.i.async.RabbitImportProducer [] - Gerando novo JobId: b12e10ef-a0c0-4ad9-99ff-7063425f4b01 para FileKey: estatisticas_di_2025_10-12_trusted.csv
2026-03-03 23:20:25.279 [http-nio-8080-exec-4] DEBUG o.s.a.r.c.CachingConnectionFactory [] - Creating cached Rabbit Channel from AMQChannel(amqp://guest@127.0.0.1:5672/,2)
2026-03-03 23:20:25.279 [http-nio-8080-exec-4] DEBUG o.s.amqp.rabbit.core.RabbitTemplate [] - Executing callback  on RabbitMQ Channel: Cached Rabbit Channel: AMQChannel(amqp://guest@127.0.0.1:5672/,2), conn: Proxy@fdbb8f4 Shared Rabbit Connection: SimpleConnection@3a591bd4 [delegate=amqp://guest@127.0.0.1:5672/, localPort=51705]
2026-03-03 23:20:25.296 [http-nio-8080-exec-4] DEBUG o.s.amqp.rabbit.core.RabbitTemplate [] - Publishing message [(Body:'[B@28502dde(byte[100])' MessageProperties [headers={}, contentType=text/plain, contentEncoding=UTF-8, contentLength=100, deliveryMode=PERSISTENT, priority=0, deliveryTag=0])] on exchange [import_exchange3], routingKey = [import.csv3]
2026-03-03 23:20:25.304 [http-nio-8080-exec-4] INFO  c.e.m.i.async.RabbitImportProducer [] - Mensagem publicada no RabbitMQ com sucesso. Exchange: import_exchange3, RoutingKey: import.csv3, JobId: b12e10ef-a0c0-4ad9-99ff-7063425f4b01
2026-03-03 23:20:25.304 [http-nio-8080-exec-4] INFO  c.e.m.i.r.impl.ImportControllerImpl [] - Importação enfileirada com sucesso. JobId: b12e10ef-a0c0-4ad9-99ff-7063425f4b01, FileKey: estatisticas_di_2025_10-12_trusted.csv
2026-03-03 23:20:25.322 [pool-3-thread-4] DEBUG o.s.a.r.l.BlockingQueueConsumer [] - Storing delivery for consumerTag: 'amq.ctag-NE-j1uweBdf4_3ptZxTfYg' with deliveryTag: '1' in Consumer@ad86ed2: tags=[[amq.ctag-NE-j1uweBdf4_3ptZxTfYg]], channel=Cached Rabbit Channel: AMQChannel(amqp://guest@127.0.0.1:5672/,1), conn: Proxy@fdbb8f4 Shared Rabbit Connection: SimpleConnection@3a591bd4 [delegate=amqp://guest@127.0.0.1:5672/, localPort=51705], acknowledgeMode=AUTO local queue size=0
2026-03-03 23:20:25.323 [org.springframework.amqp.rabbit.RabbitListenerEndpointContainer#0-1] DEBUG o.s.a.r.l.BlockingQueueConsumer [] - Received message: (Body:'[B@120ff0cb(byte[100])' MessageProperties [headers={}, contentType=text/plain, contentEncoding=UTF-8, contentLength=0, receivedDeliveryMode=PERSISTENT, priority=0, redelivered=false, receivedExchange=import_exchange3, receivedRoutingKey=import.csv3, deliveryTag=1, consumerTag=amq.ctag-NE-j1uweBdf4_3ptZxTfYg, consumerQueue=import_csv_queue3])
2026-03-03 23:20:25.341 [org.springframework.amqp.rabbit.RabbitListenerEndpointContainer#0-1] DEBUG o.s.a.r.l.a.MessagingMessageListenerAdapter [] - Processing [GenericMessage [payload={"jobId":"b12e10ef-a0c0-4ad9-99ff-7063425f4b01", "fileKey":"estatisticas_di_2025_10-12_trusted.csv"}, headers={amqp_receivedDeliveryMode=PERSISTENT, amqp_receivedExchange=import_exchange3, amqp_deliveryTag=1, amqp_consumerQueue=import_csv_queue3, amqp_redelivered=false, amqp_receivedRoutingKey=import.csv3, amqp_contentEncoding=UTF-8, amqp_retryCount=0, id=c0b5aa74-8a61-b736-1ada-75eadaaac4ae, amqp_consumerTag=amq.ctag-NE-j1uweBdf4_3ptZxTfYg, amqp_lastInBatch=false, contentType=text/plain, timestamp=1772590825339}]]
2026-03-03 23:20:25.343 [org.springframework.amqp.rabbit.RabbitListenerEndpointContainer#0-1] INFO  c.e.m.i.async.RabbitImportListener [] - Mensagem recebida do RabbitMQ: {"jobId":"b12e10ef-a0c0-4ad9-99ff-7063425f4b01", "fileKey":"estatisticas_di_2025_10-12_trusted.csv"}
2026-03-03 23:20:25.423 [org.springframework.amqp.rabbit.RabbitListenerEndpointContainer#0-1] DEBUG c.e.m.i.async.RabbitImportListener [] - Iniciando processamento. JobId: "b12e10ef-a0c0-4ad9-99ff-7063425f4b01", FileKey: estatisticas_di_2025_10-12_trusted.csv
2026-03-03 23:20:25.424 [org.springframework.amqp.rabbit.RabbitListenerEndpointContainer#0-1] INFO  c.e.m.a.u.ProcessImportFileUseCaseImpl [] - Iniciando processamento do arquivo. JobId: "b12e10ef-a0c0-4ad9-99ff-7063425f4b01", FileKey: estatisticas_di_2025_10-12_trusted.csv, Bucket: brinks-bucket-1
2026-03-03 23:20:25.424 [org.springframework.amqp.rabbit.RabbitListenerEndpointContainer#0-1] INFO  c.e.m.infraestructure.s3.S3Adapter [] - Iniciando download do S3. Bucket: brinks-bucket-1, Key: estatisticas_di_2025_10-12_trusted.csv
2026-03-03 23:20:26.836 [org.springframework.amqp.rabbit.RabbitListenerEndpointContainer#0-1] DEBUG c.e.m.infraestructure.s3.S3Adapter [] - Download do S3 iniciado com sucesso. Bucket: brinks-bucket-1, Key: estatisticas_di_2025_10-12_trusted.csv
2026-03-03 23:20:26.836 [org.springframework.amqp.rabbit.RabbitListenerEndpointContainer#0-1] DEBUG c.e.m.a.u.ProcessImportFileUseCaseImpl [] - Arquivo baixado com sucesso do S3. JobId: "b12e10ef-a0c0-4ad9-99ff-7063425f4b01", FileKey: estatisticas_di_2025_10-12_trusted.csv
2026-03-03 23:20:26.836 [org.springframework.amqp.rabbit.RabbitListenerEndpointContainer#0-1] INFO  c.e.m.i.csv.CsvParserAdapter [] - Iniciando parsing do arquivo CSV
2026-03-03 23:20:26.853 [org.springframework.amqp.rabbit.RabbitListenerEndpointContainer#0-1] DEBUG c.e.m.i.csv.CsvParserAdapter [] - Validando headers do CSV. Headers encontrados: [, ncm, pais_origem, volume_total, valor_total, preco_medio, frete_medio, seguro_medio]
2026-03-03 23:20:26.855 [org.springframework.amqp.rabbit.RabbitListenerEndpointContainer#0-1] DEBUG c.e.m.i.csv.CsvParserAdapter [] - Headers validados com sucesso
2026-03-03 23:20:26.863 [org.springframework.amqp.rabbit.RabbitListenerEndpointContainer#0-1] INFO  c.e.m.i.csv.CsvParserAdapter [] - CSV parsing concluído com sucesso. TotalLinhas: 70, DuracaoMs: 26
2026-03-03 23:20:26.863 [org.springframework.amqp.rabbit.RabbitListenerEndpointContainer#0-1] INFO  c.e.m.a.u.ProcessImportFileUseCaseImpl [] - CSV parseado com sucesso. JobId: "b12e10ef-a0c0-4ad9-99ff-7063425f4b01", TotalLinhas: 70
2026-03-03 23:20:26.863 [org.springframework.amqp.rabbit.RabbitListenerEndpointContainer#0-1] DEBUG c.e.m.a.u.ProcessImportFileUseCaseImpl [] - Consolidando relatório de importação. JobId: "b12e10ef-a0c0-4ad9-99ff-7063425f4b01", TotalLinhas: 70
2026-03-03 23:20:26.864 [org.springframework.amqp.rabbit.RabbitListenerEndpointContainer#0-1] DEBUG c.e.m.a.u.ProcessImportFileUseCaseImpl [] - Relatório consolidado. JobId: "b12e10ef-a0c0-4ad9-99ff-7063425f4b01", Linhas: 70
2026-03-03 23:20:26.864 [org.springframework.amqp.rabbit.RabbitListenerEndpointContainer#0-1] INFO  c.e.m.i.pdf.PdfGeneratorAdapter [] - Iniciando geração do PDF. JobId: "b12e10ef-a0c0-4ad9-99ff-7063425f4b01", TotalLinhas: 70
2026-03-03 23:20:27.537 [org.springframework.amqp.rabbit.RabbitListenerEndpointContainer#0-1] DEBUG c.e.m.i.pdf.PdfGeneratorAdapter [] - Documento PDF construído em memória. JobId: "b12e10ef-a0c0-4ad9-99ff-7063425f4b01", TamanhoBytes: 6895
2026-03-03 23:20:27.537 [org.springframework.amqp.rabbit.RabbitListenerEndpointContainer#0-1] DEBUG c.e.m.i.pdf.PdfGeneratorAdapter [] - PDF gerado com sucesso. JobId: "b12e10ef-a0c0-4ad9-99ff-7063425f4b01", TamanhoBytes: 6895
2026-03-03 23:20:27.538 [org.springframework.amqp.rabbit.RabbitListenerEndpointContainer#0-1] INFO  c.e.m.infraestructure.s3.S3Adapter [] - Iniciando upload para S3. Bucket: brinks-bucket-2, Key: reports/import-report-"b12e10ef-a0c0-4ad9-99ff-7063425f4b01".pdf, ContentType: application/pdf, TamanhoBytes: 6895
2026-03-03 23:20:28.321 [org.springframework.amqp.rabbit.RabbitListenerEndpointContainer#0-1] INFO  c.e.m.infraestructure.s3.S3Adapter [] - Upload para S3 concluído com sucesso. Bucket: brinks-bucket-2, Key: reports/import-report-"b12e10ef-a0c0-4ad9-99ff-7063425f4b01".pdf
2026-03-03 23:20:28.321 [org.springframework.amqp.rabbit.RabbitListenerEndpointContainer#0-1] INFO  c.e.m.i.pdf.PdfGeneratorAdapter [] - PDF salvo no S3 com sucesso. JobId: "b12e10ef-a0c0-4ad9-99ff-7063425f4b01", PdfKey: reports/import-report-"b12e10ef-a0c0-4ad9-99ff-7063425f4b01".pdf, DuracaoMs: 1457
2026-03-03 23:20:28.322 [org.springframework.amqp.rabbit.RabbitListenerEndpointContainer#0-1] INFO  c.e.m.a.u.ProcessImportFileUseCaseImpl [] - Processamento concluído com sucesso. JobId: "b12e10ef-a0c0-4ad9-99ff-7063425f4b01", PdfKey: reports/import-report-"b12e10ef-a0c0-4ad9-99ff-7063425f4b01".pdf, DuracaoMs: 2898
2026-03-03 23:20:28.322 [org.springframework.amqp.rabbit.RabbitListenerEndpointContainer#0-1] INFO  c.e.m.i.async.RabbitImportListener [] - Processamento concluído com sucesso. JobId: "b12e10ef-a0c0-4ad9-99ff-7063425f4b01", FileKey: estatisticas_di_2025_10-12_trusted.csv
2026-03-03 23:23:26.413 [SpringApplicationShutdownHook] DEBUG o.s.a.r.l.SimpleMessageListenerContainer [] - Shutting down Rabbit listener container
2026-03-03 23:23:26.430 [pool-3-thread-5] DEBUG o.s.a.r.l.BlockingQueueConsumer [] - Received cancelOk for tag amq.ctag-NE-j1uweBdf4_3ptZxTfYg (import_csv_queue3); Consumer@ad86ed2: tags=[[amq.ctag-NE-j1uweBdf4_3ptZxTfYg]], channel=Cached Rabbit Channel: AMQChannel(amqp://guest@127.0.0.1:5672/,1), conn: Proxy@fdbb8f4 Shared Rabbit Connection: SimpleConnection@3a591bd4 [delegate=amqp://guest@127.0.0.1:5672/, localPort=51705], acknowledgeMode=AUTO local queue size=0
2026-03-03 23:23:26.430 [org.springframework.amqp.rabbit.RabbitListenerEndpointContainer#0-2] INFO  o.s.a.r.l.SimpleMessageListenerContainer [] - Waiting for workers to finish.
2026-03-03 23:23:26.817 [org.springframework.amqp.rabbit.RabbitListenerEndpointContainer#0-2] INFO  o.s.a.r.l.SimpleMessageListenerContainer [] - Successfully waited for workers to finish.
2026-03-03 23:23:26.817 [org.springframework.amqp.rabbit.RabbitListenerEndpointContainer#0-1] DEBUG o.s.a.r.l.SimpleMessageListenerContainer [] - Cancelling Consumer@ad86ed2: tags=[[amq.ctag-NE-j1uweBdf4_3ptZxTfYg]], channel=Cached Rabbit Channel: AMQChannel(amqp://guest@127.0.0.1:5672/,1), conn: Proxy@fdbb8f4 Shared Rabbit Connection: SimpleConnection@3a591bd4 [delegate=amqp://guest@127.0.0.1:5672/, localPort=51705], acknowledgeMode=AUTO local queue size=0
2026-03-03 23:23:26.817 [org.springframework.amqp.rabbit.RabbitListenerEndpointContainer#0-1] DEBUG o.s.a.r.l.BlockingQueueConsumer [] - Closing Rabbit Channel: Cached Rabbit Channel: AMQChannel(amqp://guest@127.0.0.1:5672/,1), conn: Proxy@fdbb8f4 Shared Rabbit Connection: SimpleConnection@3a591bd4 [delegate=amqp://guest@127.0.0.1:5672/, localPort=51705]
2026-03-03 23:23:26.817 [org.springframework.amqp.rabbit.RabbitListenerEndpointContainer#0-1] DEBUG o.s.a.r.c.CachingConnectionFactory [] - Closing cached Channel: AMQChannel(amqp://guest@127.0.0.1:5672/,1)
2026-03-03 23:23:26.820 [SpringApplicationShutdownHook] INFO  o.s.boot.tomcat.GracefulShutdown [] - Commencing graceful shutdown. Waiting for active requests to complete
2026-03-03 23:23:26.833 [tomcat-shutdown] INFO  o.s.boot.tomcat.GracefulShutdown [] - Graceful shutdown complete
2026-03-03 23:23:26.840 [SpringApplicationShutdownHook] DEBUG o.s.a.r.c.CachingConnectionFactory [] - Closing cached Channel: AMQChannel(amqp://guest@127.0.0.1:5672/,2)
2026-03-03 23:23:26.860 [SpringApplicationShutdownHook] DEBUG o.s.a.r.l.SimpleMessageListenerContainer [] - Shutdown ignored - container is not active already
2026-03-03 23:23:35.170 [background-preinit] INFO  o.h.validator.internal.util.Version [] - HV000001: Hibernate Validator 9.0.1.Final
2026-03-03 23:23:35.315 [restartedMain] INFO  c.e.m.MsReportAsyncApplication [] - Starting MsReportAsyncApplication using Java 21.0.8 with PID 9372 (C:\Users\guilh\OneDrive\Desktop\sptech\PI\ms async\ms-report-async\target\classes started by guilh in C:\Users\guilh\OneDrive\Desktop\sptech\PI\ms async\ms-report-async)
2026-03-03 23:23:35.315 [restartedMain] DEBUG c.e.m.MsReportAsyncApplication [] - Running with Spring Boot v4.0.3, Spring v7.0.5
2026-03-03 23:23:35.315 [restartedMain] INFO  c.e.m.MsReportAsyncApplication [] - No active profile set, falling back to 1 default profile: "default"
2026-03-03 23:23:35.420 [restartedMain] INFO  o.s.b.d.e.DevToolsPropertyDefaultsPostProcessor [] - Devtools property defaults active! Set 'spring.devtools.add-properties' to 'false' to disable
2026-03-03 23:23:35.420 [restartedMain] INFO  o.s.b.d.e.DevToolsPropertyDefaultsPostProcessor [] - For additional web related logging consider setting the 'logging.level.web' property to 'DEBUG'
2026-03-03 23:23:38.392 [restartedMain] INFO  o.s.boot.tomcat.TomcatWebServer [] - Tomcat initialized with port 8080 (http)
2026-03-03 23:23:38.417 [restartedMain] INFO  o.a.coyote.http11.Http11NioProtocol [] - Initializing ProtocolHandler ["http-nio-8080"]
2026-03-03 23:23:38.420 [restartedMain] INFO  o.a.catalina.core.StandardService [] - Starting service [Tomcat]
2026-03-03 23:23:38.420 [restartedMain] INFO  o.a.catalina.core.StandardEngine [] - Starting Servlet engine: [Apache Tomcat/11.0.18]
2026-03-03 23:23:38.521 [restartedMain] INFO  o.s.b.w.c.s.WebApplicationContextInitializer [] - Root WebApplicationContext: initialization completed in 3101 ms
2026-03-03 23:23:38.941 [restartedMain] WARN  s.a.a.p.internal.ProfileFileReader [] - Ignoring profile '[default]' on line 3, because '[profile default]' was already seen in the same file.
2026-03-03 23:23:41.469 [restartedMain] INFO  o.s.b.a.e.web.EndpointLinksResolver [] - Exposing 1 endpoint beneath base path '/actuator'
2026-03-03 23:23:41.537 [restartedMain] DEBUG o.s.a.r.l.a.MessagingMessageListenerAdapter [] - Inferred argument type for public void com.example.ms_report_async.infraestructure.async.RabbitImportListener.receive(java.lang.String) is class java.lang.String
2026-03-03 23:23:41.568 [restartedMain] DEBUG o.s.a.r.l.SimpleMessageListenerContainer [] - No global properties bean
2026-03-03 23:23:41.620 [restartedMain] INFO  o.a.coyote.http11.Http11NioProtocol [] - Starting ProtocolHandler ["http-nio-8080"]
2026-03-03 23:23:41.647 [restartedMain] INFO  o.s.boot.tomcat.TomcatWebServer [] - Tomcat started on port 8080 (http) with context path '/'
2026-03-03 23:23:41.650 [restartedMain] DEBUG o.s.a.r.l.SimpleMessageListenerContainer [] - Starting Rabbit listener container.
2026-03-03 23:23:41.659 [restartedMain] INFO  o.s.a.r.c.CachingConnectionFactory [] - Attempting to connect to: [localhost:5672]
2026-03-03 23:23:41.769 [restartedMain] INFO  o.s.a.r.c.CachingConnectionFactory [] - Created new connection: rabbitConnectionFactory#2ad78da6:0/SimpleConnection@4adb28fe [delegate=amqp://guest@127.0.0.1:5672/, localPort=54617]
2026-03-03 23:23:41.775 [restartedMain] DEBUG o.s.amqp.rabbit.core.RabbitAdmin [] - Initializing declarations
2026-03-03 23:23:41.800 [restartedMain] DEBUG o.s.a.r.c.CachingConnectionFactory [] - Creating cached Rabbit Channel from AMQChannel(amqp://guest@127.0.0.1:5672/,1)
2026-03-03 23:23:41.818 [restartedMain] DEBUG o.s.amqp.rabbit.core.RabbitTemplate [] - Executing callback  on RabbitMQ Channel: Cached Rabbit Channel: AMQChannel(amqp://guest@127.0.0.1:5672/,1), conn: Proxy@7123770c Shared Rabbit Connection: SimpleConnection@4adb28fe [delegate=amqp://guest@127.0.0.1:5672/, localPort=54617]
2026-03-03 23:23:41.818 [restartedMain] DEBUG o.s.amqp.rabbit.core.RabbitAdmin [] - declaring Exchange 'import_exchange3'
2026-03-03 23:23:41.820 [restartedMain] DEBUG o.s.amqp.rabbit.core.RabbitAdmin [] - declaring Queue 'import_csv_queue3'
2026-03-03 23:23:41.830 [restartedMain] DEBUG o.s.amqp.rabbit.core.RabbitAdmin [] - Binding destination [import_csv_queue3 (QUEUE)] to exchange [import_exchange3] with routing key [import.csv3]
2026-03-03 23:23:41.920 [restartedMain] DEBUG o.s.amqp.rabbit.core.RabbitAdmin [] - Declarations finished
2026-03-03 23:23:41.937 [org.springframework.amqp.rabbit.RabbitListenerEndpointContainer#0-1] DEBUG o.s.amqp.rabbit.core.RabbitTemplate [] - Executing callback  on RabbitMQ Channel: Cached Rabbit Channel: AMQChannel(amqp://guest@127.0.0.1:5672/,1), conn: Proxy@7123770c Shared Rabbit Connection: SimpleConnection@4adb28fe [delegate=amqp://guest@127.0.0.1:5672/, localPort=54617]
2026-03-03 23:23:41.941 [org.springframework.amqp.rabbit.RabbitListenerEndpointContainer#0-1] DEBUG o.s.a.r.l.BlockingQueueConsumer [] - Starting consumer Consumer@6e8f9f63: tags=[[]], channel=null, acknowledgeMode=AUTO local queue size=0
2026-03-03 23:23:41.957 [org.springframework.amqp.rabbit.RabbitListenerEndpointContainer#0-1] DEBUG o.s.a.r.l.BlockingQueueConsumer [] - Started on queue 'import_csv_queue3' with tag amq.ctag-4ICKnnESdcBhbzdRYfYmFg: Consumer@6e8f9f63: tags=[[]], channel=Cached Rabbit Channel: AMQChannel(amqp://guest@127.0.0.1:5672/,1), conn: Proxy@7123770c Shared Rabbit Connection: SimpleConnection@4adb28fe [delegate=amqp://guest@127.0.0.1:5672/, localPort=54617], acknowledgeMode=AUTO local queue size=0
2026-03-03 23:23:41.960 [pool-3-thread-3] DEBUG o.s.a.r.l.BlockingQueueConsumer [] - ConsumeOK: Consumer@6e8f9f63: tags=[[amq.ctag-4ICKnnESdcBhbzdRYfYmFg]], channel=Cached Rabbit Channel: AMQChannel(amqp://guest@127.0.0.1:5672/,1), conn: Proxy@7123770c Shared Rabbit Connection: SimpleConnection@4adb28fe [delegate=amqp://guest@127.0.0.1:5672/, localPort=54617], acknowledgeMode=AUTO local queue size=0
2026-03-03 23:23:41.973 [restartedMain] INFO  c.e.m.MsReportAsyncApplication [] - Started MsReportAsyncApplication in 7.98 seconds (process running for 9.212)
2026-03-03 23:23:50.172 [http-nio-8080-exec-2] INFO  o.a.c.c.C.[Tomcat].[localhost].[/] [] - Initializing Spring DispatcherServlet 'dispatcherServlet'
2026-03-03 23:23:50.172 [http-nio-8080-exec-2] INFO  o.s.web.servlet.DispatcherServlet [] - Initializing Servlet 'dispatcherServlet'
2026-03-03 23:23:50.175 [http-nio-8080-exec-2] INFO  o.s.web.servlet.DispatcherServlet [] - Completed initialization in 3 ms
2026-03-03 23:23:50.251 [http-nio-8080-exec-2] INFO  c.e.m.i.r.impl.ImportControllerImpl [] - Recebendo requisição de importação. FileKey: estatisticas_di_2025_10-12_trusted.csv
2026-03-03 23:23:50.252 [http-nio-8080-exec-2] DEBUG c.e.m.i.async.RabbitImportProducer [] - Gerando novo JobId: d084a635-9874-4d33-ab4a-3c01066f0f01 para FileKey: estatisticas_di_2025_10-12_trusted.csv
2026-03-03 23:23:50.260 [http-nio-8080-exec-2] DEBUG o.s.a.r.c.CachingConnectionFactory [] - Creating cached Rabbit Channel from AMQChannel(amqp://guest@127.0.0.1:5672/,2)
2026-03-03 23:23:50.261 [http-nio-8080-exec-2] DEBUG o.s.amqp.rabbit.core.RabbitTemplate [] - Executing callback  on RabbitMQ Channel: Cached Rabbit Channel: AMQChannel(amqp://guest@127.0.0.1:5672/,2), conn: Proxy@7123770c Shared Rabbit Connection: SimpleConnection@4adb28fe [delegate=amqp://guest@127.0.0.1:5672/, localPort=54617]
2026-03-03 23:23:50.282 [http-nio-8080-exec-2] DEBUG o.s.amqp.rabbit.core.RabbitTemplate [] - Publishing message [(Body:'[B@66e7bfe9(byte[100])' MessageProperties [headers={}, contentType=text/plain, contentEncoding=UTF-8, contentLength=100, deliveryMode=PERSISTENT, priority=0, deliveryTag=0])] on exchange [import_exchange3], routingKey = [import.csv3]
2026-03-03 23:23:50.291 [http-nio-8080-exec-2] INFO  c.e.m.i.async.RabbitImportProducer [] - Mensagem publicada no RabbitMQ com sucesso. Exchange: import_exchange3, RoutingKey: import.csv3, JobId: d084a635-9874-4d33-ab4a-3c01066f0f01
2026-03-03 23:23:50.291 [http-nio-8080-exec-2] INFO  c.e.m.i.r.impl.ImportControllerImpl [] - Importação enfileirada com sucesso. JobId: d084a635-9874-4d33-ab4a-3c01066f0f01, FileKey: estatisticas_di_2025_10-12_trusted.csv
2026-03-03 23:23:50.298 [pool-3-thread-4] DEBUG o.s.a.r.l.BlockingQueueConsumer [] - Storing delivery for consumerTag: 'amq.ctag-4ICKnnESdcBhbzdRYfYmFg' with deliveryTag: '1' in Consumer@6e8f9f63: tags=[[amq.ctag-4ICKnnESdcBhbzdRYfYmFg]], channel=Cached Rabbit Channel: AMQChannel(amqp://guest@127.0.0.1:5672/,1), conn: Proxy@7123770c Shared Rabbit Connection: SimpleConnection@4adb28fe [delegate=amqp://guest@127.0.0.1:5672/, localPort=54617], acknowledgeMode=AUTO local queue size=0
2026-03-03 23:23:50.300 [org.springframework.amqp.rabbit.RabbitListenerEndpointContainer#0-1] DEBUG o.s.a.r.l.BlockingQueueConsumer [] - Received message: (Body:'[B@7501dff(byte[100])' MessageProperties [headers={}, contentType=text/plain, contentEncoding=UTF-8, contentLength=0, receivedDeliveryMode=PERSISTENT, priority=0, redelivered=false, receivedExchange=import_exchange3, receivedRoutingKey=import.csv3, deliveryTag=1, consumerTag=amq.ctag-4ICKnnESdcBhbzdRYfYmFg, consumerQueue=import_csv_queue3])
2026-03-03 23:23:50.322 [org.springframework.amqp.rabbit.RabbitListenerEndpointContainer#0-1] DEBUG o.s.a.r.l.a.MessagingMessageListenerAdapter [] - Processing [GenericMessage [payload={"jobId":"d084a635-9874-4d33-ab4a-3c01066f0f01", "fileKey":"estatisticas_di_2025_10-12_trusted.csv"}, headers={amqp_receivedDeliveryMode=PERSISTENT, amqp_receivedExchange=import_exchange3, amqp_deliveryTag=1, amqp_consumerQueue=import_csv_queue3, amqp_redelivered=false, amqp_receivedRoutingKey=import.csv3, amqp_contentEncoding=UTF-8, amqp_retryCount=0, id=7c04a5d8-a5cb-6b79-41a0-e418ac02b44e, amqp_consumerTag=amq.ctag-4ICKnnESdcBhbzdRYfYmFg, amqp_lastInBatch=false, contentType=text/plain, timestamp=1772591030321}]]
2026-03-03 23:23:50.324 [org.springframework.amqp.rabbit.RabbitListenerEndpointContainer#0-1] INFO  c.e.m.i.async.RabbitImportListener [] - Mensagem recebida do RabbitMQ: {"jobId":"d084a635-9874-4d33-ab4a-3c01066f0f01", "fileKey":"estatisticas_di_2025_10-12_trusted.csv"}
2026-03-03 23:23:50.385 [org.springframework.amqp.rabbit.RabbitListenerEndpointContainer#0-1] DEBUG c.e.m.i.async.RabbitImportListener [] - Iniciando processamento. JobId: "d084a635-9874-4d33-ab4a-3c01066f0f01", FileKey: estatisticas_di_2025_10-12_trusted.csv
2026-03-03 23:23:50.386 [org.springframework.amqp.rabbit.RabbitListenerEndpointContainer#0-1] INFO  c.e.m.a.u.ProcessImportFileUseCaseImpl [] - Iniciando processamento do arquivo. JobId: "d084a635-9874-4d33-ab4a-3c01066f0f01", FileKey: estatisticas_di_2025_10-12_trusted.csv, Bucket: brinks-bucket-1
2026-03-03 23:23:50.386 [org.springframework.amqp.rabbit.RabbitListenerEndpointContainer#0-1] INFO  c.e.m.infraestructure.s3.S3Adapter [] - Iniciando download do S3. Bucket: brinks-bucket-1, Key: estatisticas_di_2025_10-12_trusted.csv
2026-03-03 23:23:51.737 [org.springframework.amqp.rabbit.RabbitListenerEndpointContainer#0-1] DEBUG c.e.m.infraestructure.s3.S3Adapter [] - Download do S3 iniciado com sucesso. Bucket: brinks-bucket-1, Key: estatisticas_di_2025_10-12_trusted.csv
2026-03-03 23:23:51.737 [org.springframework.amqp.rabbit.RabbitListenerEndpointContainer#0-1] DEBUG c.e.m.a.u.ProcessImportFileUseCaseImpl [] - Arquivo baixado com sucesso do S3. JobId: "d084a635-9874-4d33-ab4a-3c01066f0f01", FileKey: estatisticas_di_2025_10-12_trusted.csv
2026-03-03 23:23:51.737 [org.springframework.amqp.rabbit.RabbitListenerEndpointContainer#0-1] INFO  c.e.m.i.csv.CsvParserAdapter [] - Iniciando parsing do arquivo CSV
2026-03-03 23:23:51.758 [org.springframework.amqp.rabbit.RabbitListenerEndpointContainer#0-1] DEBUG c.e.m.i.csv.CsvParserAdapter [] - Validando headers do CSV. Headers encontrados: [, ncm, pais_origem, volume_total, valor_total, preco_medio, frete_medio, seguro_medio]
2026-03-03 23:23:51.768 [org.springframework.amqp.rabbit.RabbitListenerEndpointContainer#0-1] DEBUG c.e.m.i.csv.CsvParserAdapter [] - Headers validados com sucesso
2026-03-03 23:23:51.780 [org.springframework.amqp.rabbit.RabbitListenerEndpointContainer#0-1] INFO  c.e.m.i.csv.CsvParserAdapter [] - CSV parsing concluído com sucesso. TotalLinhas: 70, DuracaoMs: 39
2026-03-03 23:23:51.784 [org.springframework.amqp.rabbit.RabbitListenerEndpointContainer#0-1] INFO  c.e.m.a.u.ProcessImportFileUseCaseImpl [] - CSV parseado com sucesso. JobId: "d084a635-9874-4d33-ab4a-3c01066f0f01", TotalLinhas: 70
2026-03-03 23:23:51.784 [org.springframework.amqp.rabbit.RabbitListenerEndpointContainer#0-1] DEBUG c.e.m.a.u.ProcessImportFileUseCaseImpl [] - Consolidando relatório de importação. JobId: "d084a635-9874-4d33-ab4a-3c01066f0f01", TotalLinhas: 70
2026-03-03 23:23:51.785 [org.springframework.amqp.rabbit.RabbitListenerEndpointContainer#0-1] DEBUG c.e.m.a.u.ProcessImportFileUseCaseImpl [] - Relatório consolidado. JobId: "d084a635-9874-4d33-ab4a-3c01066f0f01", Linhas: 70
2026-03-03 23:23:51.790 [org.springframework.amqp.rabbit.RabbitListenerEndpointContainer#0-1] INFO  c.e.m.i.pdf.PdfGeneratorAdapter [] - Iniciando geração do PDF. JobId: "d084a635-9874-4d33-ab4a-3c01066f0f01", TotalLinhas: 70
2026-03-03 23:23:52.491 [org.springframework.amqp.rabbit.RabbitListenerEndpointContainer#0-1] DEBUG c.e.m.i.pdf.PdfGeneratorAdapter [] - Documento PDF construído em memória. JobId: "d084a635-9874-4d33-ab4a-3c01066f0f01", TamanhoBytes: 6894
2026-03-03 23:23:52.492 [org.springframework.amqp.rabbit.RabbitListenerEndpointContainer#0-1] DEBUG c.e.m.i.pdf.PdfGeneratorAdapter [] - PDF gerado com sucesso. JobId: "d084a635-9874-4d33-ab4a-3c01066f0f01", TamanhoBytes: 6894
2026-03-03 23:23:52.492 [org.springframework.amqp.rabbit.RabbitListenerEndpointContainer#0-1] INFO  c.e.m.infraestructure.s3.S3Adapter [] - Iniciando upload para S3. Bucket: brinks-bucket-2, Key: reports/import-report-"d084a635-9874-4d33-ab4a-3c01066f0f01".pdf, ContentType: application/pdf, TamanhoBytes: 6894
2026-03-03 23:23:53.261 [org.springframework.amqp.rabbit.RabbitListenerEndpointContainer#0-1] INFO  c.e.m.infraestructure.s3.S3Adapter [] - Upload para S3 concluído com sucesso. Bucket: brinks-bucket-2, Key: reports/import-report-"d084a635-9874-4d33-ab4a-3c01066f0f01".pdf
2026-03-03 23:23:53.262 [org.springframework.amqp.rabbit.RabbitListenerEndpointContainer#0-1] INFO  c.e.m.i.pdf.PdfGeneratorAdapter [] - PDF salvo no S3 com sucesso. JobId: "d084a635-9874-4d33-ab4a-3c01066f0f01", PdfKey: reports/import-report-"d084a635-9874-4d33-ab4a-3c01066f0f01".pdf, DuracaoMs: 1471
2026-03-03 23:23:53.262 [org.springframework.amqp.rabbit.RabbitListenerEndpointContainer#0-1] INFO  c.e.m.a.u.ProcessImportFileUseCaseImpl [] - Processamento concluído com sucesso. JobId: "d084a635-9874-4d33-ab4a-3c01066f0f01", PdfKey: reports/import-report-"d084a635-9874-4d33-ab4a-3c01066f0f01".pdf, DuracaoMs: 2876
2026-03-03 23:23:53.263 [org.springframework.amqp.rabbit.RabbitListenerEndpointContainer#0-1] INFO  c.e.m.i.async.RabbitImportListener [] - Processamento concluído com sucesso. JobId: "d084a635-9874-4d33-ab4a-3c01066f0f01", FileKey: estatisticas_di_2025_10-12_trusted.csv
2026-03-03 23:24:18.749 [SpringApplicationShutdownHook] DEBUG o.s.a.r.l.SimpleMessageListenerContainer [] - Shutting down Rabbit listener container
2026-03-03 23:24:18.749 [pool-3-thread-5] DEBUG o.s.a.r.l.BlockingQueueConsumer [] - Received cancelOk for tag amq.ctag-4ICKnnESdcBhbzdRYfYmFg (import_csv_queue3); Consumer@6e8f9f63: tags=[[amq.ctag-4ICKnnESdcBhbzdRYfYmFg]], channel=Cached Rabbit Channel: AMQChannel(amqp://guest@127.0.0.1:5672/,1), conn: Proxy@7123770c Shared Rabbit Connection: SimpleConnection@4adb28fe [delegate=amqp://guest@127.0.0.1:5672/, localPort=54617], acknowledgeMode=AUTO local queue size=0
2026-03-03 23:24:18.759 [org.springframework.amqp.rabbit.RabbitListenerEndpointContainer#0-2] INFO  o.s.a.r.l.SimpleMessageListenerContainer [] - Waiting for workers to finish.
2026-03-03 23:24:19.485 [org.springframework.amqp.rabbit.RabbitListenerEndpointContainer#0-2] INFO  o.s.a.r.l.SimpleMessageListenerContainer [] - Successfully waited for workers to finish.
2026-03-03 23:24:19.485 [org.springframework.amqp.rabbit.RabbitListenerEndpointContainer#0-1] DEBUG o.s.a.r.l.SimpleMessageListenerContainer [] - Cancelling Consumer@6e8f9f63: tags=[[amq.ctag-4ICKnnESdcBhbzdRYfYmFg]], channel=Cached Rabbit Channel: AMQChannel(amqp://guest@127.0.0.1:5672/,1), conn: Proxy@7123770c Shared Rabbit Connection: SimpleConnection@4adb28fe [delegate=amqp://guest@127.0.0.1:5672/, localPort=54617], acknowledgeMode=AUTO local queue size=0
2026-03-03 23:24:19.485 [org.springframework.amqp.rabbit.RabbitListenerEndpointContainer#0-1] DEBUG o.s.a.r.l.BlockingQueueConsumer [] - Closing Rabbit Channel: Cached Rabbit Channel: AMQChannel(amqp://guest@127.0.0.1:5672/,1), conn: Proxy@7123770c Shared Rabbit Connection: SimpleConnection@4adb28fe [delegate=amqp://guest@127.0.0.1:5672/, localPort=54617]
2026-03-03 23:24:19.485 [org.springframework.amqp.rabbit.RabbitListenerEndpointContainer#0-1] DEBUG o.s.a.r.c.CachingConnectionFactory [] - Closing cached Channel: AMQChannel(amqp://guest@127.0.0.1:5672/,1)
2026-03-03 23:24:19.485 [SpringApplicationShutdownHook] INFO  o.s.boot.tomcat.GracefulShutdown [] - Commencing graceful shutdown. Waiting for active requests to complete
2026-03-03 23:24:19.502 [tomcat-shutdown] INFO  o.s.boot.tomcat.GracefulShutdown [] - Graceful shutdown complete
2026-03-03 23:24:19.502 [SpringApplicationShutdownHook] DEBUG o.s.a.r.c.CachingConnectionFactory [] - Closing cached Channel: AMQChannel(amqp://guest@127.0.0.1:5672/,2)
2026-03-03 23:24:19.525 [SpringApplicationShutdownHook] DEBUG o.s.a.r.l.SimpleMessageListenerContainer [] - Shutdown ignored - container is not active already
2026-03-03 23:25:07.383 [background-preinit] INFO  o.h.validator.internal.util.Version [] - HV000001: Hibernate Validator 9.0.1.Final
2026-03-03 23:25:07.479 [restartedMain] INFO  c.e.m.MsReportAsyncApplication [] - Starting MsReportAsyncApplication using Java 21.0.8 with PID 17092 (C:\Users\guilh\OneDrive\Desktop\sptech\PI\ms async\ms-report-async\target\classes started by guilh in C:\Users\guilh\OneDrive\Desktop\sptech\PI\ms async\ms-report-async)
2026-03-03 23:25:07.479 [restartedMain] DEBUG c.e.m.MsReportAsyncApplication [] - Running with Spring Boot v4.0.3, Spring v7.0.5
2026-03-03 23:25:07.479 [restartedMain] INFO  c.e.m.MsReportAsyncApplication [] - No active profile set, falling back to 1 default profile: "default"
2026-03-03 23:25:07.574 [restartedMain] INFO  o.s.b.d.e.DevToolsPropertyDefaultsPostProcessor [] - Devtools property defaults active! Set 'spring.devtools.add-properties' to 'false' to disable
2026-03-03 23:25:07.574 [restartedMain] INFO  o.s.b.d.e.DevToolsPropertyDefaultsPostProcessor [] - For additional web related logging consider setting the 'logging.level.web' property to 'DEBUG'
2026-03-03 23:25:10.379 [restartedMain] INFO  o.s.boot.tomcat.TomcatWebServer [] - Tomcat initialized with port 8080 (http)
2026-03-03 23:25:10.399 [restartedMain] INFO  o.a.coyote.http11.Http11NioProtocol [] - Initializing ProtocolHandler ["http-nio-8080"]
2026-03-03 23:25:10.409 [restartedMain] INFO  o.a.catalina.core.StandardService [] - Starting service [Tomcat]
2026-03-03 23:25:10.409 [restartedMain] INFO  o.a.catalina.core.StandardEngine [] - Starting Servlet engine: [Apache Tomcat/11.0.18]
2026-03-03 23:25:10.509 [restartedMain] INFO  o.s.b.w.c.s.WebApplicationContextInitializer [] - Root WebApplicationContext: initialization completed in 2935 ms
2026-03-03 23:25:10.989 [restartedMain] WARN  s.a.a.p.internal.ProfileFileReader [] - Ignoring profile '[default]' on line 3, because '[profile default]' was already seen in the same file.
2026-03-03 23:25:13.242 [restartedMain] INFO  o.s.b.a.e.web.EndpointLinksResolver [] - Exposing 1 endpoint beneath base path '/actuator'
2026-03-03 23:25:13.309 [restartedMain] DEBUG o.s.a.r.l.a.MessagingMessageListenerAdapter [] - Inferred argument type for public void com.example.ms_report_async.infraestructure.async.RabbitImportListener.receive(java.lang.String) is class java.lang.String
2026-03-03 23:25:13.349 [restartedMain] DEBUG o.s.a.r.l.SimpleMessageListenerContainer [] - No global properties bean
2026-03-03 23:25:13.389 [restartedMain] INFO  o.a.coyote.http11.Http11NioProtocol [] - Starting ProtocolHandler ["http-nio-8080"]
2026-03-03 23:25:13.433 [restartedMain] INFO  o.s.boot.tomcat.TomcatWebServer [] - Tomcat started on port 8080 (http) with context path '/'
2026-03-03 23:25:13.433 [restartedMain] DEBUG o.s.a.r.l.SimpleMessageListenerContainer [] - Starting Rabbit listener container.
2026-03-03 23:25:13.439 [restartedMain] INFO  o.s.a.r.c.CachingConnectionFactory [] - Attempting to connect to: [localhost:5672]
2026-03-03 23:25:13.529 [restartedMain] INFO  o.s.a.r.c.CachingConnectionFactory [] - Created new connection: rabbitConnectionFactory#c0db5ec:0/SimpleConnection@151ce7c6 [delegate=amqp://guest@127.0.0.1:5672/, localPort=50407]
2026-03-03 23:25:13.539 [restartedMain] DEBUG o.s.amqp.rabbit.core.RabbitAdmin [] - Initializing declarations
2026-03-03 23:25:13.559 [restartedMain] DEBUG o.s.a.r.c.CachingConnectionFactory [] - Creating cached Rabbit Channel from AMQChannel(amqp://guest@127.0.0.1:5672/,1)
2026-03-03 23:25:13.575 [restartedMain] DEBUG o.s.amqp.rabbit.core.RabbitTemplate [] - Executing callback  on RabbitMQ Channel: Cached Rabbit Channel: AMQChannel(amqp://guest@127.0.0.1:5672/,1), conn: Proxy@4b8ce0f0 Shared Rabbit Connection: SimpleConnection@151ce7c6 [delegate=amqp://guest@127.0.0.1:5672/, localPort=50407]
2026-03-03 23:25:13.575 [restartedMain] DEBUG o.s.amqp.rabbit.core.RabbitAdmin [] - declaring Exchange 'import_exchange3'
2026-03-03 23:25:13.579 [restartedMain] DEBUG o.s.amqp.rabbit.core.RabbitAdmin [] - declaring Queue 'import_csv_queue3'
2026-03-03 23:25:13.579 [restartedMain] DEBUG o.s.amqp.rabbit.core.RabbitAdmin [] - Binding destination [import_csv_queue3 (QUEUE)] to exchange [import_exchange3] with routing key [import.csv3]
2026-03-03 23:25:13.591 [restartedMain] DEBUG o.s.amqp.rabbit.core.RabbitAdmin [] - Declarations finished
2026-03-03 23:25:13.599 [org.springframework.amqp.rabbit.RabbitListenerEndpointContainer#0-1] DEBUG o.s.amqp.rabbit.core.RabbitTemplate [] - Executing callback  on RabbitMQ Channel: Cached Rabbit Channel: AMQChannel(amqp://guest@127.0.0.1:5672/,1), conn: Proxy@4b8ce0f0 Shared Rabbit Connection: SimpleConnection@151ce7c6 [delegate=amqp://guest@127.0.0.1:5672/, localPort=50407]
2026-03-03 23:25:13.607 [org.springframework.amqp.rabbit.RabbitListenerEndpointContainer#0-1] DEBUG o.s.a.r.l.BlockingQueueConsumer [] - Starting consumer Consumer@35578a96: tags=[[]], channel=null, acknowledgeMode=AUTO local queue size=0
2026-03-03 23:25:13.623 [org.springframework.amqp.rabbit.RabbitListenerEndpointContainer#0-1] DEBUG o.s.a.r.l.BlockingQueueConsumer [] - Started on queue 'import_csv_queue3' with tag amq.ctag-tPH4ll5m-Fr4fV1FTRr6kA: Consumer@35578a96: tags=[[]], channel=Cached Rabbit Channel: AMQChannel(amqp://guest@127.0.0.1:5672/,1), conn: Proxy@4b8ce0f0 Shared Rabbit Connection: SimpleConnection@151ce7c6 [delegate=amqp://guest@127.0.0.1:5672/, localPort=50407], acknowledgeMode=AUTO local queue size=0
2026-03-03 23:25:13.623 [pool-3-thread-3] DEBUG o.s.a.r.l.BlockingQueueConsumer [] - ConsumeOK: Consumer@35578a96: tags=[[amq.ctag-tPH4ll5m-Fr4fV1FTRr6kA]], channel=Cached Rabbit Channel: AMQChannel(amqp://guest@127.0.0.1:5672/,1), conn: Proxy@4b8ce0f0 Shared Rabbit Connection: SimpleConnection@151ce7c6 [delegate=amqp://guest@127.0.0.1:5672/, localPort=50407], acknowledgeMode=AUTO local queue size=0
2026-03-03 23:25:13.639 [restartedMain] INFO  c.e.m.MsReportAsyncApplication [] - Started MsReportAsyncApplication in 7.37 seconds (process running for 8.319)
2026-03-03 23:25:18.348 [http-nio-8080-exec-1] INFO  o.a.c.c.C.[Tomcat].[localhost].[/] [] - Initializing Spring DispatcherServlet 'dispatcherServlet'
2026-03-03 23:25:18.348 [http-nio-8080-exec-1] INFO  o.s.web.servlet.DispatcherServlet [] - Initializing Servlet 'dispatcherServlet'
2026-03-03 23:25:18.350 [http-nio-8080-exec-1] INFO  o.s.web.servlet.DispatcherServlet [] - Completed initialization in 2 ms
2026-03-03 23:25:18.421 [http-nio-8080-exec-1] INFO  c.e.m.i.r.impl.ImportControllerImpl [] - Recebendo requisição de importação. FileKey: estatisticas_di_2025_10-12_trusted.csv
2026-03-03 23:25:18.422 [http-nio-8080-exec-1] DEBUG c.e.m.i.async.RabbitImportProducer [] - Gerando novo JobId: ec4f845a-a92b-4093-9492-7cd04efe3997 para FileKey: estatisticas_di_2025_10-12_trusted.csv
2026-03-03 23:25:18.426 [http-nio-8080-exec-1] DEBUG o.s.a.r.c.CachingConnectionFactory [] - Creating cached Rabbit Channel from AMQChannel(amqp://guest@127.0.0.1:5672/,2)
2026-03-03 23:25:18.427 [http-nio-8080-exec-1] DEBUG o.s.amqp.rabbit.core.RabbitTemplate [] - Executing callback  on RabbitMQ Channel: Cached Rabbit Channel: AMQChannel(amqp://guest@127.0.0.1:5672/,2), conn: Proxy@4b8ce0f0 Shared Rabbit Connection: SimpleConnection@151ce7c6 [delegate=amqp://guest@127.0.0.1:5672/, localPort=50407]
2026-03-03 23:25:18.441 [http-nio-8080-exec-1] DEBUG o.s.amqp.rabbit.core.RabbitTemplate [] - Publishing message [(Body:'[B@68b2b30b(byte[100])' MessageProperties [headers={}, contentType=text/plain, contentEncoding=UTF-8, contentLength=100, deliveryMode=PERSISTENT, priority=0, deliveryTag=0])] on exchange [import_exchange3], routingKey = [import.csv3]
2026-03-03 23:25:18.449 [http-nio-8080-exec-1] INFO  c.e.m.i.async.RabbitImportProducer [] - Mensagem publicada no RabbitMQ com sucesso. Exchange: import_exchange3, RoutingKey: import.csv3, JobId: ec4f845a-a92b-4093-9492-7cd04efe3997
2026-03-03 23:25:18.449 [http-nio-8080-exec-1] INFO  c.e.m.i.r.impl.ImportControllerImpl [] - Importação enfileirada com sucesso. JobId: ec4f845a-a92b-4093-9492-7cd04efe3997, FileKey: estatisticas_di_2025_10-12_trusted.csv
2026-03-03 23:25:18.456 [pool-3-thread-4] DEBUG o.s.a.r.l.BlockingQueueConsumer [] - Storing delivery for consumerTag: 'amq.ctag-tPH4ll5m-Fr4fV1FTRr6kA' with deliveryTag: '1' in Consumer@35578a96: tags=[[amq.ctag-tPH4ll5m-Fr4fV1FTRr6kA]], channel=Cached Rabbit Channel: AMQChannel(amqp://guest@127.0.0.1:5672/,1), conn: Proxy@4b8ce0f0 Shared Rabbit Connection: SimpleConnection@151ce7c6 [delegate=amqp://guest@127.0.0.1:5672/, localPort=50407], acknowledgeMode=AUTO local queue size=0
2026-03-03 23:25:18.457 [org.springframework.amqp.rabbit.RabbitListenerEndpointContainer#0-1] DEBUG o.s.a.r.l.BlockingQueueConsumer [] - Received message: (Body:'[B@65444528(byte[100])' MessageProperties [headers={}, contentType=text/plain, contentEncoding=UTF-8, contentLength=0, receivedDeliveryMode=PERSISTENT, priority=0, redelivered=false, receivedExchange=import_exchange3, receivedRoutingKey=import.csv3, deliveryTag=1, consumerTag=amq.ctag-tPH4ll5m-Fr4fV1FTRr6kA, consumerQueue=import_csv_queue3])
2026-03-03 23:25:18.472 [org.springframework.amqp.rabbit.RabbitListenerEndpointContainer#0-1] DEBUG o.s.a.r.l.a.MessagingMessageListenerAdapter [] - Processing [GenericMessage [payload={"jobId":"ec4f845a-a92b-4093-9492-7cd04efe3997", "fileKey":"estatisticas_di_2025_10-12_trusted.csv"}, headers={amqp_receivedDeliveryMode=PERSISTENT, amqp_receivedExchange=import_exchange3, amqp_deliveryTag=1, amqp_consumerQueue=import_csv_queue3, amqp_redelivered=false, amqp_receivedRoutingKey=import.csv3, amqp_contentEncoding=UTF-8, amqp_retryCount=0, id=21f2f63d-83e4-38bc-b28f-382bb0228cf0, amqp_consumerTag=amq.ctag-tPH4ll5m-Fr4fV1FTRr6kA, amqp_lastInBatch=false, contentType=text/plain, timestamp=1772591118471}]]
2026-03-03 23:25:18.474 [org.springframework.amqp.rabbit.RabbitListenerEndpointContainer#0-1] INFO  c.e.m.i.async.RabbitImportListener [] - Mensagem recebida do RabbitMQ: {"jobId":"ec4f845a-a92b-4093-9492-7cd04efe3997", "fileKey":"estatisticas_di_2025_10-12_trusted.csv"}
2026-03-03 23:25:18.543 [org.springframework.amqp.rabbit.RabbitListenerEndpointContainer#0-1] DEBUG c.e.m.i.async.RabbitImportListener [] - Iniciando processamento. JobId: "ec4f845a-a92b-4093-9492-7cd04efe3997", FileKey: estatisticas_di_2025_10-12_trusted.csv
2026-03-03 23:25:18.543 [org.springframework.amqp.rabbit.RabbitListenerEndpointContainer#0-1] INFO  c.e.m.a.u.ProcessImportFileUseCaseImpl [] - Iniciando processamento do arquivo. JobId: "ec4f845a-a92b-4093-9492-7cd04efe3997", FileKey: estatisticas_di_2025_10-12_trusted.csv, Bucket: brinks-bucket-1
2026-03-03 23:25:18.543 [org.springframework.amqp.rabbit.RabbitListenerEndpointContainer#0-1] INFO  c.e.m.infraestructure.s3.S3Adapter [] - Iniciando download do S3. Bucket: brinks-bucket-1, Key: estatisticas_di_2025_10-12_trusted.csv
2026-03-03 23:25:19.818 [org.springframework.amqp.rabbit.RabbitListenerEndpointContainer#0-1] DEBUG c.e.m.infraestructure.s3.S3Adapter [] - Download do S3 iniciado com sucesso. Bucket: brinks-bucket-1, Key: estatisticas_di_2025_10-12_trusted.csv
2026-03-03 23:25:19.818 [org.springframework.amqp.rabbit.RabbitListenerEndpointContainer#0-1] DEBUG c.e.m.a.u.ProcessImportFileUseCaseImpl [] - Arquivo baixado com sucesso do S3. JobId: "ec4f845a-a92b-4093-9492-7cd04efe3997", FileKey: estatisticas_di_2025_10-12_trusted.csv
2026-03-03 23:25:19.818 [org.springframework.amqp.rabbit.RabbitListenerEndpointContainer#0-1] INFO  c.e.m.i.csv.CsvParserAdapter [] - Iniciando parsing do arquivo CSV
2026-03-03 23:25:19.834 [org.springframework.amqp.rabbit.RabbitListenerEndpointContainer#0-1] DEBUG c.e.m.i.csv.CsvParserAdapter [] - Validando headers do CSV. Headers encontrados: [, ncm, pais_origem, volume_total, valor_total, preco_medio, frete_medio, seguro_medio]
2026-03-03 23:25:19.836 [org.springframework.amqp.rabbit.RabbitListenerEndpointContainer#0-1] DEBUG c.e.m.i.csv.CsvParserAdapter [] - Headers validados com sucesso
2026-03-03 23:25:19.843 [org.springframework.amqp.rabbit.RabbitListenerEndpointContainer#0-1] INFO  c.e.m.i.csv.CsvParserAdapter [] - CSV parsing concluído com sucesso. TotalLinhas: 70, DuracaoMs: 25
2026-03-03 23:25:19.844 [org.springframework.amqp.rabbit.RabbitListenerEndpointContainer#0-1] INFO  c.e.m.a.u.ProcessImportFileUseCaseImpl [] - CSV parseado com sucesso. JobId: "ec4f845a-a92b-4093-9492-7cd04efe3997", TotalLinhas: 70
2026-03-03 23:25:19.844 [org.springframework.amqp.rabbit.RabbitListenerEndpointContainer#0-1] DEBUG c.e.m.a.u.ProcessImportFileUseCaseImpl [] - Consolidando relatório de importação. JobId: "ec4f845a-a92b-4093-9492-7cd04efe3997", TotalLinhas: 70
2026-03-03 23:25:19.845 [org.springframework.amqp.rabbit.RabbitListenerEndpointContainer#0-1] DEBUG c.e.m.a.u.ProcessImportFileUseCaseImpl [] - Relatório consolidado. JobId: "ec4f845a-a92b-4093-9492-7cd04efe3997", Linhas: 70
2026-03-03 23:25:19.845 [org.springframework.amqp.rabbit.RabbitListenerEndpointContainer#0-1] INFO  c.e.m.i.pdf.PdfGeneratorAdapter [] - Iniciando geração do PDF. JobId: "ec4f845a-a92b-4093-9492-7cd04efe3997", TotalLinhas: 70
2026-03-03 23:25:20.456 [org.springframework.amqp.rabbit.RabbitListenerEndpointContainer#0-1] DEBUG c.e.m.i.pdf.PdfGeneratorAdapter [] - Documento PDF construído em memória. JobId: "ec4f845a-a92b-4093-9492-7cd04efe3997", TamanhoBytes: 6896
2026-03-03 23:25:20.456 [org.springframework.amqp.rabbit.RabbitListenerEndpointContainer#0-1] DEBUG c.e.m.i.pdf.PdfGeneratorAdapter [] - PDF gerado com sucesso. JobId: "ec4f845a-a92b-4093-9492-7cd04efe3997", TamanhoBytes: 6896
2026-03-03 23:25:20.456 [org.springframework.amqp.rabbit.RabbitListenerEndpointContainer#0-1] INFO  c.e.m.infraestructure.s3.S3Adapter [] - Iniciando upload para S3. Bucket: brinks-bucket-2, Key: reports/import-report-"ec4f845a-a92b-4093-9492-7cd04efe3997".pdf, ContentType: application/pdf, TamanhoBytes: 6896
2026-03-03 23:25:21.267 [org.springframework.amqp.rabbit.RabbitListenerEndpointContainer#0-1] INFO  c.e.m.infraestructure.s3.S3Adapter [] - Upload para S3 concluído com sucesso. Bucket: brinks-bucket-2, Key: reports/import-report-"ec4f845a-a92b-4093-9492-7cd04efe3997".pdf
2026-03-03 23:25:21.268 [org.springframework.amqp.rabbit.RabbitListenerEndpointContainer#0-1] INFO  c.e.m.i.pdf.PdfGeneratorAdapter [] - PDF salvo no S3 com sucesso. JobId: "ec4f845a-a92b-4093-9492-7cd04efe3997", PdfKey: reports/import-report-"ec4f845a-a92b-4093-9492-7cd04efe3997".pdf, DuracaoMs: 1423
2026-03-03 23:25:21.268 [org.springframework.amqp.rabbit.RabbitListenerEndpointContainer#0-1] INFO  c.e.m.a.u.ProcessImportFileUseCaseImpl [] - Processamento concluído com sucesso. JobId: "ec4f845a-a92b-4093-9492-7cd04efe3997", PdfKey: reports/import-report-"ec4f845a-a92b-4093-9492-7cd04efe3997".pdf, DuracaoMs: 2725
2026-03-03 23:25:21.268 [org.springframework.amqp.rabbit.RabbitListenerEndpointContainer#0-1] INFO  c.e.m.i.async.RabbitImportListener [] - Processamento concluído com sucesso. JobId: "ec4f845a-a92b-4093-9492-7cd04efe3997", FileKey: estatisticas_di_2025_10-12_trusted.csv
2026-03-03 23:25:27.555 [http-nio-8080-exec-3] INFO  c.e.m.i.r.impl.ImportControllerImpl [] - Recebendo requisição de download de relatório. JobId: ec4f845a-a92b-4093-9492-7cd04efe3997
2026-03-03 23:25:27.555 [http-nio-8080-exec-3] INFO  c.e.m.a.u.GetPdfReportUseCaseImpl [] - Iniciando busca do PDF para o JobId: ec4f845a-a92b-4093-9492-7cd04efe3997
2026-03-03 23:25:27.555 [http-nio-8080-exec-3] DEBUG c.e.m.infraestructure.s3.S3Adapter [] - Recuperando PDF do S3. JobId: ec4f845a-a92b-4093-9492-7cd04efe3997
2026-03-03 23:25:28.094 [http-nio-8080-exec-3] WARN  c.e.m.infraestructure.s3.S3Adapter [] - PDF não encontrado no S3. JobId: ec4f845a-a92b-4093-9492-7cd04efe3997
2026-03-03 23:25:28.094 [http-nio-8080-exec-3] WARN  c.e.m.a.u.GetPdfReportUseCaseImpl [] - PDF não encontrado para o JobId: ec4f845a-a92b-4093-9492-7cd04efe3997
2026-03-03 23:25:28.094 [http-nio-8080-exec-3] ERROR c.e.m.i.r.impl.ImportControllerImpl [] - Erro ao recuperar relatório para JobId: ec4f845a-a92b-4093-9492-7cd04efe3997
java.lang.RuntimeException: PDF não encontrado para o JobId: ec4f845a-a92b-4093-9492-7cd04efe3997
	at com.example.ms_report_async.application.usecase.GetPdfReportUseCaseImpl.execute(GetPdfReportUseCaseImpl.java:26)
	at com.example.ms_report_async.infraestructure.rest.impl.ImportControllerImpl.getReport(ImportControllerImpl.java:44)
	at java.base/jdk.internal.reflect.DirectMethodHandleAccessor.invoke(DirectMethodHandleAccessor.java:103)
	at java.base/java.lang.reflect.Method.invoke(Method.java:580)
	at org.springframework.web.method.support.InvocableHandlerMethod.doInvoke(InvocableHandlerMethod.java:252)
	at org.springframework.web.method.support.InvocableHandlerMethod.invokeForRequest(InvocableHandlerMethod.java:184)
	at org.springframework.web.servlet.mvc.method.annotation.ServletInvocableHandlerMethod.invokeAndHandle(ServletInvocableHandlerMethod.java:117)
	at org.springframework.web.servlet.mvc.method.annotation.RequestMappingHandlerAdapter.invokeHandlerMethod(RequestMappingHandlerAdapter.java:934)
	at org.springframework.web.servlet.mvc.method.annotation.RequestMappingHandlerAdapter.handleInternal(RequestMappingHandlerAdapter.java:853)
	at org.springframework.web.servlet.mvc.method.AbstractHandlerMethodAdapter.handle(AbstractHandlerMethodAdapter.java:86)
	at org.springframework.web.servlet.DispatcherServlet.doDispatch(DispatcherServlet.java:963)
	at org.springframework.web.servlet.DispatcherServlet.doService(DispatcherServlet.java:866)
	at org.springframework.web.servlet.FrameworkServlet.processRequest(FrameworkServlet.java:1000)
	at org.springframework.web.servlet.FrameworkServlet.doGet(FrameworkServlet.java:892)
	at jakarta.servlet.http.HttpServlet.service(HttpServlet.java:622)
	at org.springframework.web.servlet.FrameworkServlet.service(FrameworkServlet.java:874)
	at jakarta.servlet.http.HttpServlet.service(HttpServlet.java:710)
	at org.apache.catalina.core.ApplicationFilterChain.doFilter(ApplicationFilterChain.java:128)
	at org.apache.tomcat.websocket.server.WsFilter.doFilter(WsFilter.java:53)
	at org.apache.catalina.core.ApplicationFilterChain.doFilter(ApplicationFilterChain.java:107)
	at org.springframework.web.filter.RequestContextFilter.doFilterInternal(RequestContextFilter.java:100)
	at org.springframework.web.filter.OncePerRequestFilter.doFilter(OncePerRequestFilter.java:116)
	at org.apache.catalina.core.ApplicationFilterChain.doFilter(ApplicationFilterChain.java:107)
	at org.springframework.web.filter.FormContentFilter.doFilterInternal(FormContentFilter.java:93)
	at org.springframework.web.filter.OncePerRequestFilter.doFilter(OncePerRequestFilter.java:116)
	at org.apache.catalina.core.ApplicationFilterChain.doFilter(ApplicationFilterChain.java:107)
	at org.springframework.web.filter.ServerHttpObservationFilter.doFilterInternal(ServerHttpObservationFilter.java:110)
	at org.springframework.web.filter.OncePerRequestFilter.doFilter(OncePerRequestFilter.java:116)
	at org.apache.catalina.core.ApplicationFilterChain.doFilter(ApplicationFilterChain.java:107)
	at org.springframework.web.filter.CharacterEncodingFilter.doFilterInternal(CharacterEncodingFilter.java:199)
	at org.springframework.web.filter.OncePerRequestFilter.doFilter(OncePerRequestFilter.java:116)
	at org.apache.catalina.core.ApplicationFilterChain.doFilter(ApplicationFilterChain.java:107)
	at org.apache.catalina.core.StandardWrapperValve.invoke(StandardWrapperValve.java:165)
	at org.apache.catalina.core.StandardContextValve.invoke(StandardContextValve.java:77)
	at org.apache.catalina.authenticator.AuthenticatorBase.invoke(AuthenticatorBase.java:492)
	at org.apache.catalina.core.StandardHostValve.invoke(StandardHostValve.java:113)
	at org.apache.catalina.valves.ErrorReportValve.invoke(ErrorReportValve.java:83)
	at org.apache.catalina.core.StandardEngineValve.invoke(StandardEngineValve.java:72)
	at org.apache.catalina.connector.CoyoteAdapter.service(CoyoteAdapter.java:341)
	at org.apache.coyote.http11.Http11Processor.service(Http11Processor.java:397)
	at org.apache.coyote.AbstractProcessorLight.process(AbstractProcessorLight.java:63)
	at org.apache.coyote.AbstractProtocol$ConnectionHandler.process(AbstractProtocol.java:903)
	at org.apache.tomcat.util.net.NioEndpoint$SocketProcessor.doRun(NioEndpoint.java:1779)
	at org.apache.tomcat.util.net.SocketProcessorBase.run(SocketProcessorBase.java:52)
	at org.apache.tomcat.util.threads.ThreadPoolExecutor.runWorker(ThreadPoolExecutor.java:946)
	at org.apache.tomcat.util.threads.ThreadPoolExecutor$Worker.run(ThreadPoolExecutor.java:480)
	at org.apache.tomcat.util.threads.TaskThread$WrappingRunnable.run(TaskThread.java:57)
	at java.base/java.lang.Thread.run(Thread.java:1583)
2026-03-03 23:25:28.103 [http-nio-8080-exec-3] ERROR o.a.c.c.C.[.[.[.[dispatcherServlet] [] - Servlet.service() for servlet [dispatcherServlet] in context with path [] threw exception [Request processing failed: java.lang.RuntimeException: PDF não encontrado para o JobId: ec4f845a-a92b-4093-9492-7cd04efe3997] with root cause
java.lang.RuntimeException: PDF não encontrado para o JobId: ec4f845a-a92b-4093-9492-7cd04efe3997
	at com.example.ms_report_async.application.usecase.GetPdfReportUseCaseImpl.execute(GetPdfReportUseCaseImpl.java:26)
	at com.example.ms_report_async.infraestructure.rest.impl.ImportControllerImpl.getReport(ImportControllerImpl.java:44)
	at java.base/jdk.internal.reflect.DirectMethodHandleAccessor.invoke(DirectMethodHandleAccessor.java:103)
	at java.base/java.lang.reflect.Method.invoke(Method.java:580)
	at org.springframework.web.method.support.InvocableHandlerMethod.doInvoke(InvocableHandlerMethod.java:252)
	at org.springframework.web.method.support.InvocableHandlerMethod.invokeForRequest(InvocableHandlerMethod.java:184)
	at org.springframework.web.servlet.mvc.method.annotation.ServletInvocableHandlerMethod.invokeAndHandle(ServletInvocableHandlerMethod.java:117)
	at org.springframework.web.servlet.mvc.method.annotation.RequestMappingHandlerAdapter.invokeHandlerMethod(RequestMappingHandlerAdapter.java:934)
	at org.springframework.web.servlet.mvc.method.annotation.RequestMappingHandlerAdapter.handleInternal(RequestMappingHandlerAdapter.java:853)
	at org.springframework.web.servlet.mvc.method.AbstractHandlerMethodAdapter.handle(AbstractHandlerMethodAdapter.java:86)
	at org.springframework.web.servlet.DispatcherServlet.doDispatch(DispatcherServlet.java:963)
	at org.springframework.web.servlet.DispatcherServlet.doService(DispatcherServlet.java:866)
	at org.springframework.web.servlet.FrameworkServlet.processRequest(FrameworkServlet.java:1000)
	at org.springframework.web.servlet.FrameworkServlet.doGet(FrameworkServlet.java:892)
	at jakarta.servlet.http.HttpServlet.service(HttpServlet.java:622)
	at org.springframework.web.servlet.FrameworkServlet.service(FrameworkServlet.java:874)
	at jakarta.servlet.http.HttpServlet.service(HttpServlet.java:710)
	at org.apache.catalina.core.ApplicationFilterChain.doFilter(ApplicationFilterChain.java:128)
	at org.apache.tomcat.websocket.server.WsFilter.doFilter(WsFilter.java:53)
	at org.apache.catalina.core.ApplicationFilterChain.doFilter(ApplicationFilterChain.java:107)
	at org.springframework.web.filter.RequestContextFilter.doFilterInternal(RequestContextFilter.java:100)
	at org.springframework.web.filter.OncePerRequestFilter.doFilter(OncePerRequestFilter.java:116)
	at org.apache.catalina.core.ApplicationFilterChain.doFilter(ApplicationFilterChain.java:107)
	at org.springframework.web.filter.FormContentFilter.doFilterInternal(FormContentFilter.java:93)
	at org.springframework.web.filter.OncePerRequestFilter.doFilter(OncePerRequestFilter.java:116)
	at org.apache.catalina.core.ApplicationFilterChain.doFilter(ApplicationFilterChain.java:107)
	at org.springframework.web.filter.ServerHttpObservationFilter.doFilterInternal(ServerHttpObservationFilter.java:110)
	at org.springframework.web.filter.OncePerRequestFilter.doFilter(OncePerRequestFilter.java:116)
	at org.apache.catalina.core.ApplicationFilterChain.doFilter(ApplicationFilterChain.java:107)
	at org.springframework.web.filter.CharacterEncodingFilter.doFilterInternal(CharacterEncodingFilter.java:199)
	at org.springframework.web.filter.OncePerRequestFilter.doFilter(OncePerRequestFilter.java:116)
	at org.apache.catalina.core.ApplicationFilterChain.doFilter(ApplicationFilterChain.java:107)
	at org.apache.catalina.core.StandardWrapperValve.invoke(StandardWrapperValve.java:165)
	at org.apache.catalina.core.StandardContextValve.invoke(StandardContextValve.java:77)
	at org.apache.catalina.authenticator.AuthenticatorBase.invoke(AuthenticatorBase.java:492)
	at org.apache.catalina.core.StandardHostValve.invoke(StandardHostValve.java:113)
	at org.apache.catalina.valves.ErrorReportValve.invoke(ErrorReportValve.java:83)
	at org.apache.catalina.core.StandardEngineValve.invoke(StandardEngineValve.java:72)
	at org.apache.catalina.connector.CoyoteAdapter.service(CoyoteAdapter.java:341)
	at org.apache.coyote.http11.Http11Processor.service(Http11Processor.java:397)
	at org.apache.coyote.AbstractProcessorLight.process(AbstractProcessorLight.java:63)
	at org.apache.coyote.AbstractProtocol$ConnectionHandler.process(AbstractProtocol.java:903)
	at org.apache.tomcat.util.net.NioEndpoint$SocketProcessor.doRun(NioEndpoint.java:1779)
	at org.apache.tomcat.util.net.SocketProcessorBase.run(SocketProcessorBase.java:52)
	at org.apache.tomcat.util.threads.ThreadPoolExecutor.runWorker(ThreadPoolExecutor.java:946)
	at org.apache.tomcat.util.threads.ThreadPoolExecutor$Worker.run(ThreadPoolExecutor.java:480)
	at org.apache.tomcat.util.threads.TaskThread$WrappingRunnable.run(TaskThread.java:57)
	at java.base/java.lang.Thread.run(Thread.java:1583)
2026-03-03 23:25:44.549 [SpringApplicationShutdownHook] DEBUG o.s.a.r.l.SimpleMessageListenerContainer [] - Shutting down Rabbit listener container
2026-03-03 23:25:44.559 [pool-3-thread-5] DEBUG o.s.a.r.l.BlockingQueueConsumer [] - Received cancelOk for tag amq.ctag-tPH4ll5m-Fr4fV1FTRr6kA (import_csv_queue3); Consumer@35578a96: tags=[[amq.ctag-tPH4ll5m-Fr4fV1FTRr6kA]], channel=Cached Rabbit Channel: AMQChannel(amqp://guest@127.0.0.1:5672/,1), conn: Proxy@4b8ce0f0 Shared Rabbit Connection: SimpleConnection@151ce7c6 [delegate=amqp://guest@127.0.0.1:5672/, localPort=50407], acknowledgeMode=AUTO local queue size=0
2026-03-03 23:25:44.559 [org.springframework.amqp.rabbit.RabbitListenerEndpointContainer#0-2] INFO  o.s.a.r.l.SimpleMessageListenerContainer [] - Waiting for workers to finish.
2026-03-03 23:25:45.453 [org.springframework.amqp.rabbit.RabbitListenerEndpointContainer#0-2] INFO  o.s.a.r.l.SimpleMessageListenerContainer [] - Successfully waited for workers to finish.
2026-03-03 23:25:45.453 [org.springframework.amqp.rabbit.RabbitListenerEndpointContainer#0-1] DEBUG o.s.a.r.l.SimpleMessageListenerContainer [] - Cancelling Consumer@35578a96: tags=[[amq.ctag-tPH4ll5m-Fr4fV1FTRr6kA]], channel=Cached Rabbit Channel: AMQChannel(amqp://guest@127.0.0.1:5672/,1), conn: Proxy@4b8ce0f0 Shared Rabbit Connection: SimpleConnection@151ce7c6 [delegate=amqp://guest@127.0.0.1:5672/, localPort=50407], acknowledgeMode=AUTO local queue size=0
2026-03-03 23:25:45.453 [org.springframework.amqp.rabbit.RabbitListenerEndpointContainer#0-1] DEBUG o.s.a.r.l.BlockingQueueConsumer [] - Closing Rabbit Channel: Cached Rabbit Channel: AMQChannel(amqp://guest@127.0.0.1:5672/,1), conn: Proxy@4b8ce0f0 Shared Rabbit Connection: SimpleConnection@151ce7c6 [delegate=amqp://guest@127.0.0.1:5672/, localPort=50407]
2026-03-03 23:25:45.453 [org.springframework.amqp.rabbit.RabbitListenerEndpointContainer#0-1] DEBUG o.s.a.r.c.CachingConnectionFactory [] - Closing cached Channel: AMQChannel(amqp://guest@127.0.0.1:5672/,1)
2026-03-03 23:25:45.453 [SpringApplicationShutdownHook] INFO  o.s.boot.tomcat.GracefulShutdown [] - Commencing graceful shutdown. Waiting for active requests to complete
2026-03-03 23:25:45.464 [tomcat-shutdown] INFO  o.s.boot.tomcat.GracefulShutdown [] - Graceful shutdown complete
2026-03-03 23:25:45.469 [SpringApplicationShutdownHook] DEBUG o.s.a.r.c.CachingConnectionFactory [] - Closing cached Channel: AMQChannel(amqp://guest@127.0.0.1:5672/,2)
2026-03-03 23:25:45.475 [SpringApplicationShutdownHook] DEBUG o.s.a.r.l.SimpleMessageListenerContainer [] - Shutdown ignored - container is not active already
2026-03-03 23:27:37.018 [background-preinit] INFO  o.h.validator.internal.util.Version [] - HV000001: Hibernate Validator 9.0.1.Final
2026-03-03 23:27:37.098 [restartedMain] INFO  c.e.m.MsReportAsyncApplication [] - Starting MsReportAsyncApplication using Java 21.0.8 with PID 18096 (C:\Users\guilh\OneDrive\Desktop\sptech\PI\ms async\ms-report-async\target\classes started by guilh in C:\Users\guilh\OneDrive\Desktop\sptech\PI\ms async\ms-report-async)
2026-03-03 23:27:37.103 [restartedMain] DEBUG c.e.m.MsReportAsyncApplication [] - Running with Spring Boot v4.0.3, Spring v7.0.5
2026-03-03 23:27:37.103 [restartedMain] INFO  c.e.m.MsReportAsyncApplication [] - No active profile set, falling back to 1 default profile: "default"
2026-03-03 23:27:37.199 [restartedMain] INFO  o.s.b.d.e.DevToolsPropertyDefaultsPostProcessor [] - Devtools property defaults active! Set 'spring.devtools.add-properties' to 'false' to disable
2026-03-03 23:27:37.199 [restartedMain] INFO  o.s.b.d.e.DevToolsPropertyDefaultsPostProcessor [] - For additional web related logging consider setting the 'logging.level.web' property to 'DEBUG'
2026-03-03 23:27:39.688 [restartedMain] INFO  o.s.boot.tomcat.TomcatWebServer [] - Tomcat initialized with port 8080 (http)
2026-03-03 23:27:39.713 [restartedMain] INFO  o.a.coyote.http11.Http11NioProtocol [] - Initializing ProtocolHandler ["http-nio-8080"]
2026-03-03 23:27:39.715 [restartedMain] INFO  o.a.catalina.core.StandardService [] - Starting service [Tomcat]
2026-03-03 23:27:39.719 [restartedMain] INFO  o.a.catalina.core.StandardEngine [] - Starting Servlet engine: [Apache Tomcat/11.0.18]
2026-03-03 23:27:39.809 [restartedMain] INFO  o.s.b.w.c.s.WebApplicationContextInitializer [] - Root WebApplicationContext: initialization completed in 2610 ms
2026-03-03 23:27:40.198 [restartedMain] WARN  s.a.a.p.internal.ProfileFileReader [] - Ignoring profile '[default]' on line 3, because '[profile default]' was already seen in the same file.
2026-03-03 23:27:41.079 [restartedMain] WARN  o.s.b.w.s.s.c.AnnotationConfigServletWebServerApplicationContext [] - Exception encountered during context initialization - cancelling refresh attempt: org.springframework.beans.factory.UnsatisfiedDependencyException: Error creating bean with name 'rabbitImportListener' defined in file [C:\Users\guilh\OneDrive\Desktop\sptech\PI\ms async\ms-report-async\target\classes\com\example\ms_report_async\infraestructure\async\RabbitImportListener.class]: Unsatisfied dependency expressed through constructor parameter 1: No qualifying bean of type 'com.fasterxml.jackson.databind.ObjectMapper' available: expected at least 1 bean which qualifies as autowire candidate. Dependency annotations: {}
2026-03-03 23:27:41.149 [restartedMain] INFO  o.a.catalina.core.StandardService [] - Stopping service [Tomcat]
2026-03-03 23:27:41.171 [restartedMain] INFO  o.s.b.a.l.ConditionEvaluationReportLogger [] - 

Error starting ApplicationContext. To display the condition evaluation report re-run your application with 'debug' enabled.
2026-03-03 23:27:41.209 [restartedMain] ERROR o.s.b.d.LoggingFailureAnalysisReporter [] - 

***************************
APPLICATION FAILED TO START
***************************

Description:

Parameter 1 of constructor in com.example.ms_report_async.infraestructure.async.RabbitImportListener required a bean of type 'com.fasterxml.jackson.databind.ObjectMapper' that could not be found.


Action:

Consider defining a bean of type 'com.fasterxml.jackson.databind.ObjectMapper' in your configuration.

2026-03-03 23:29:39.555 [background-preinit] INFO  o.h.validator.internal.util.Version [] - HV000001: Hibernate Validator 9.0.1.Final
2026-03-03 23:29:39.655 [restartedMain] INFO  c.e.m.MsReportAsyncApplication [] - Starting MsReportAsyncApplication using Java 21.0.8 with PID 7588 (C:\Users\guilh\OneDrive\Desktop\sptech\PI\ms async\ms-report-async\target\classes started by guilh in C:\Users\guilh\OneDrive\Desktop\sptech\PI\ms async\ms-report-async)
2026-03-03 23:29:39.655 [restartedMain] DEBUG c.e.m.MsReportAsyncApplication [] - Running with Spring Boot v4.0.3, Spring v7.0.5
2026-03-03 23:29:39.658 [restartedMain] INFO  c.e.m.MsReportAsyncApplication [] - No active profile set, falling back to 1 default profile: "default"
2026-03-03 23:29:39.755 [restartedMain] INFO  o.s.b.d.e.DevToolsPropertyDefaultsPostProcessor [] - Devtools property defaults active! Set 'spring.devtools.add-properties' to 'false' to disable
2026-03-03 23:29:39.755 [restartedMain] INFO  o.s.b.d.e.DevToolsPropertyDefaultsPostProcessor [] - For additional web related logging consider setting the 'logging.level.web' property to 'DEBUG'
2026-03-03 23:29:42.610 [restartedMain] INFO  o.s.boot.tomcat.TomcatWebServer [] - Tomcat initialized with port 8080 (http)
2026-03-03 23:29:42.628 [restartedMain] INFO  o.a.coyote.http11.Http11NioProtocol [] - Initializing ProtocolHandler ["http-nio-8080"]
2026-03-03 23:29:42.638 [restartedMain] INFO  o.a.catalina.core.StandardService [] - Starting service [Tomcat]
2026-03-03 23:29:42.638 [restartedMain] INFO  o.a.catalina.core.StandardEngine [] - Starting Servlet engine: [Apache Tomcat/11.0.18]
2026-03-03 23:29:42.748 [restartedMain] INFO  o.s.b.w.c.s.WebApplicationContextInitializer [] - Root WebApplicationContext: initialization completed in 2990 ms
2026-03-03 23:29:43.226 [restartedMain] WARN  s.a.a.p.internal.ProfileFileReader [] - Ignoring profile '[default]' on line 3, because '[profile default]' was already seen in the same file.
2026-03-03 23:29:44.378 [restartedMain] WARN  o.s.b.w.s.s.c.AnnotationConfigServletWebServerApplicationContext [] - Exception encountered during context initialization - cancelling refresh attempt: org.springframework.beans.factory.UnsatisfiedDependencyException: Error creating bean with name 'rabbitImportListener' defined in file [C:\Users\guilh\OneDrive\Desktop\sptech\PI\ms async\ms-report-async\target\classes\com\example\ms_report_async\infraestructure\async\RabbitImportListener.class]: Unsatisfied dependency expressed through constructor parameter 1: No qualifying bean of type 'com.google.gson.Gson' available: expected at least 1 bean which qualifies as autowire candidate. Dependency annotations: {}
2026-03-03 23:29:44.468 [restartedMain] INFO  o.a.catalina.core.StandardService [] - Stopping service [Tomcat]
2026-03-03 23:29:44.488 [restartedMain] INFO  o.s.b.a.l.ConditionEvaluationReportLogger [] - 

Error starting ApplicationContext. To display the condition evaluation report re-run your application with 'debug' enabled.
2026-03-03 23:29:44.544 [restartedMain] ERROR o.s.b.d.LoggingFailureAnalysisReporter [] - 

***************************
APPLICATION FAILED TO START
***************************

Description:

Parameter 1 of constructor in com.example.ms_report_async.infraestructure.async.RabbitImportListener required a bean of type 'com.google.gson.Gson' that could not be found.


Action:

Consider defining a bean of type 'com.google.gson.Gson' in your configuration.

2026-03-03 23:31:17.938 [background-preinit] INFO  o.h.validator.internal.util.Version [] - HV000001: Hibernate Validator 9.0.1.Final
2026-03-03 23:31:18.029 [restartedMain] INFO  c.e.m.MsReportAsyncApplication [] - Starting MsReportAsyncApplication using Java 21.0.8 with PID 14504 (C:\Users\guilh\OneDrive\Desktop\sptech\PI\ms async\ms-report-async\target\classes started by guilh in C:\Users\guilh\OneDrive\Desktop\sptech\PI\ms async\ms-report-async)
2026-03-03 23:31:18.029 [restartedMain] DEBUG c.e.m.MsReportAsyncApplication [] - Running with Spring Boot v4.0.3, Spring v7.0.5
2026-03-03 23:31:18.029 [restartedMain] INFO  c.e.m.MsReportAsyncApplication [] - No active profile set, falling back to 1 default profile: "default"
2026-03-03 23:31:18.131 [restartedMain] INFO  o.s.b.d.e.DevToolsPropertyDefaultsPostProcessor [] - Devtools property defaults active! Set 'spring.devtools.add-properties' to 'false' to disable
2026-03-03 23:31:18.131 [restartedMain] INFO  o.s.b.d.e.DevToolsPropertyDefaultsPostProcessor [] - For additional web related logging consider setting the 'logging.level.web' property to 'DEBUG'
2026-03-03 23:31:20.837 [restartedMain] INFO  o.s.boot.tomcat.TomcatWebServer [] - Tomcat initialized with port 8080 (http)
2026-03-03 23:31:20.864 [restartedMain] INFO  o.a.coyote.http11.Http11NioProtocol [] - Initializing ProtocolHandler ["http-nio-8080"]
2026-03-03 23:31:20.868 [restartedMain] INFO  o.a.catalina.core.StandardService [] - Starting service [Tomcat]
2026-03-03 23:31:20.868 [restartedMain] INFO  o.a.catalina.core.StandardEngine [] - Starting Servlet engine: [Apache Tomcat/11.0.18]
2026-03-03 23:31:20.968 [restartedMain] INFO  o.s.b.w.c.s.WebApplicationContextInitializer [] - Root WebApplicationContext: initialization completed in 2835 ms
2026-03-03 23:31:21.442 [restartedMain] WARN  s.a.a.p.internal.ProfileFileReader [] - Ignoring profile '[default]' on line 3, because '[profile default]' was already seen in the same file.
2026-03-03 23:31:23.922 [restartedMain] INFO  o.s.b.a.e.web.EndpointLinksResolver [] - Exposing 1 endpoint beneath base path '/actuator'
2026-03-03 23:31:23.983 [restartedMain] DEBUG o.s.a.r.l.a.MessagingMessageListenerAdapter [] - Inferred argument type for public void com.example.ms_report_async.infraestructure.async.RabbitImportListener.receive(java.lang.String) is class java.lang.String
2026-03-03 23:31:24.007 [restartedMain] DEBUG o.s.a.r.l.SimpleMessageListenerContainer [] - No global properties bean
2026-03-03 23:31:24.057 [restartedMain] INFO  o.a.coyote.http11.Http11NioProtocol [] - Starting ProtocolHandler ["http-nio-8080"]
2026-03-03 23:31:24.087 [restartedMain] INFO  o.s.boot.tomcat.TomcatWebServer [] - Tomcat started on port 8080 (http) with context path '/'
2026-03-03 23:31:24.087 [restartedMain] DEBUG o.s.a.r.l.SimpleMessageListenerContainer [] - Starting Rabbit listener container.
2026-03-03 23:31:24.102 [restartedMain] INFO  o.s.a.r.c.CachingConnectionFactory [] - Attempting to connect to: [localhost:5672]
2026-03-03 23:31:24.283 [restartedMain] INFO  o.s.a.r.c.CachingConnectionFactory [] - Created new connection: rabbitConnectionFactory#320f2f92:0/SimpleConnection@646f15fe [delegate=amqp://guest@127.0.0.1:5672/, localPort=50230]
2026-03-03 23:31:24.288 [restartedMain] DEBUG o.s.amqp.rabbit.core.RabbitAdmin [] - Initializing declarations
2026-03-03 23:31:24.419 [restartedMain] DEBUG o.s.a.r.c.CachingConnectionFactory [] - Creating cached Rabbit Channel from AMQChannel(amqp://guest@127.0.0.1:5672/,1)
2026-03-03 23:31:24.435 [restartedMain] DEBUG o.s.amqp.rabbit.core.RabbitTemplate [] - Executing callback  on RabbitMQ Channel: Cached Rabbit Channel: AMQChannel(amqp://guest@127.0.0.1:5672/,1), conn: Proxy@569b207 Shared Rabbit Connection: SimpleConnection@646f15fe [delegate=amqp://guest@127.0.0.1:5672/, localPort=50230]
2026-03-03 23:31:24.438 [restartedMain] DEBUG o.s.amqp.rabbit.core.RabbitAdmin [] - declaring Exchange 'import_exchange3'
2026-03-03 23:31:24.440 [restartedMain] DEBUG o.s.amqp.rabbit.core.RabbitAdmin [] - declaring Queue 'import_csv_queue3'
2026-03-03 23:31:24.451 [restartedMain] DEBUG o.s.amqp.rabbit.core.RabbitAdmin [] - Binding destination [import_csv_queue3 (QUEUE)] to exchange [import_exchange3] with routing key [import.csv3]
2026-03-03 23:31:24.467 [restartedMain] DEBUG o.s.amqp.rabbit.core.RabbitAdmin [] - Declarations finished
2026-03-03 23:31:24.477 [org.springframework.amqp.rabbit.RabbitListenerEndpointContainer#0-1] DEBUG o.s.amqp.rabbit.core.RabbitTemplate [] - Executing callback  on RabbitMQ Channel: Cached Rabbit Channel: AMQChannel(amqp://guest@127.0.0.1:5672/,1), conn: Proxy@569b207 Shared Rabbit Connection: SimpleConnection@646f15fe [delegate=amqp://guest@127.0.0.1:5672/, localPort=50230]
2026-03-03 23:31:24.482 [org.springframework.amqp.rabbit.RabbitListenerEndpointContainer#0-1] DEBUG o.s.a.r.l.BlockingQueueConsumer [] - Starting consumer Consumer@15431454: tags=[[]], channel=null, acknowledgeMode=AUTO local queue size=0
2026-03-03 23:31:24.507 [org.springframework.amqp.rabbit.RabbitListenerEndpointContainer#0-1] DEBUG o.s.a.r.l.BlockingQueueConsumer [] - Started on queue 'import_csv_queue3' with tag amq.ctag-IGmbdiB_wt2acUrMXQRQ4A: Consumer@15431454: tags=[[]], channel=Cached Rabbit Channel: AMQChannel(amqp://guest@127.0.0.1:5672/,1), conn: Proxy@569b207 Shared Rabbit Connection: SimpleConnection@646f15fe [delegate=amqp://guest@127.0.0.1:5672/, localPort=50230], acknowledgeMode=AUTO local queue size=0
2026-03-03 23:31:24.507 [pool-3-thread-3] DEBUG o.s.a.r.l.BlockingQueueConsumer [] - ConsumeOK: Consumer@15431454: tags=[[amq.ctag-IGmbdiB_wt2acUrMXQRQ4A]], channel=Cached Rabbit Channel: AMQChannel(amqp://guest@127.0.0.1:5672/,1), conn: Proxy@569b207 Shared Rabbit Connection: SimpleConnection@646f15fe [delegate=amqp://guest@127.0.0.1:5672/, localPort=50230], acknowledgeMode=AUTO local queue size=0
2026-03-03 23:31:24.525 [restartedMain] INFO  c.e.m.MsReportAsyncApplication [] - Started MsReportAsyncApplication in 7.56 seconds (process running for 8.56)
2026-03-03 23:31:30.665 [http-nio-8080-exec-1] INFO  o.a.c.c.C.[Tomcat].[localhost].[/] [] - Initializing Spring DispatcherServlet 'dispatcherServlet'
2026-03-03 23:31:30.666 [http-nio-8080-exec-1] INFO  o.s.web.servlet.DispatcherServlet [] - Initializing Servlet 'dispatcherServlet'
2026-03-03 23:31:30.668 [http-nio-8080-exec-1] INFO  o.s.web.servlet.DispatcherServlet [] - Completed initialization in 2 ms
2026-03-03 23:31:30.750 [http-nio-8080-exec-1] INFO  c.e.m.i.r.impl.ImportControllerImpl [] - Recebendo requisição de importação. FileKey: estatisticas_di_2025_10-12_trusted.csv
2026-03-03 23:31:30.750 [http-nio-8080-exec-1] DEBUG c.e.m.i.async.RabbitImportProducer [] - Gerando novo JobId: 141b10c0-b174-4040-9602-156d313fafca para FileKey: estatisticas_di_2025_10-12_trusted.csv
2026-03-03 23:31:30.756 [http-nio-8080-exec-1] DEBUG o.s.a.r.c.CachingConnectionFactory [] - Creating cached Rabbit Channel from AMQChannel(amqp://guest@127.0.0.1:5672/,2)
2026-03-03 23:31:30.756 [http-nio-8080-exec-1] DEBUG o.s.amqp.rabbit.core.RabbitTemplate [] - Executing callback  on RabbitMQ Channel: Cached Rabbit Channel: AMQChannel(amqp://guest@127.0.0.1:5672/,2), conn: Proxy@569b207 Shared Rabbit Connection: SimpleConnection@646f15fe [delegate=amqp://guest@127.0.0.1:5672/, localPort=50230]
2026-03-03 23:31:30.778 [http-nio-8080-exec-1] DEBUG o.s.amqp.rabbit.core.RabbitTemplate [] - Publishing message [(Body:'[B@3058e674(byte[100])' MessageProperties [headers={}, contentType=text/plain, contentEncoding=UTF-8, contentLength=100, deliveryMode=PERSISTENT, priority=0, deliveryTag=0])] on exchange [import_exchange3], routingKey = [import.csv3]
2026-03-03 23:31:30.786 [http-nio-8080-exec-1] INFO  c.e.m.i.async.RabbitImportProducer [] - Mensagem publicada no RabbitMQ com sucesso. Exchange: import_exchange3, RoutingKey: import.csv3, JobId: 141b10c0-b174-4040-9602-156d313fafca
2026-03-03 23:31:30.786 [http-nio-8080-exec-1] INFO  c.e.m.i.r.impl.ImportControllerImpl [] - Importação enfileirada com sucesso. JobId: 141b10c0-b174-4040-9602-156d313fafca, FileKey: estatisticas_di_2025_10-12_trusted.csv
2026-03-03 23:31:30.799 [pool-3-thread-4] DEBUG o.s.a.r.l.BlockingQueueConsumer [] - Storing delivery for consumerTag: 'amq.ctag-IGmbdiB_wt2acUrMXQRQ4A' with deliveryTag: '1' in Consumer@15431454: tags=[[amq.ctag-IGmbdiB_wt2acUrMXQRQ4A]], channel=Cached Rabbit Channel: AMQChannel(amqp://guest@127.0.0.1:5672/,1), conn: Proxy@569b207 Shared Rabbit Connection: SimpleConnection@646f15fe [delegate=amqp://guest@127.0.0.1:5672/, localPort=50230], acknowledgeMode=AUTO local queue size=0
2026-03-03 23:31:30.800 [org.springframework.amqp.rabbit.RabbitListenerEndpointContainer#0-1] DEBUG o.s.a.r.l.BlockingQueueConsumer [] - Received message: (Body:'[B@ecb2b30(byte[100])' MessageProperties [headers={}, contentType=text/plain, contentEncoding=UTF-8, contentLength=0, receivedDeliveryMode=PERSISTENT, priority=0, redelivered=false, receivedExchange=import_exchange3, receivedRoutingKey=import.csv3, deliveryTag=1, consumerTag=amq.ctag-IGmbdiB_wt2acUrMXQRQ4A, consumerQueue=import_csv_queue3])
2026-03-03 23:31:30.818 [org.springframework.amqp.rabbit.RabbitListenerEndpointContainer#0-1] DEBUG o.s.a.r.l.a.MessagingMessageListenerAdapter [] - Processing [GenericMessage [payload={"jobId":"141b10c0-b174-4040-9602-156d313fafca", "fileKey":"estatisticas_di_2025_10-12_trusted.csv"}, headers={amqp_receivedDeliveryMode=PERSISTENT, amqp_receivedExchange=import_exchange3, amqp_deliveryTag=1, amqp_consumerQueue=import_csv_queue3, amqp_redelivered=false, amqp_receivedRoutingKey=import.csv3, amqp_contentEncoding=UTF-8, amqp_retryCount=0, id=2a1601ad-6e19-c4f6-6335-a5fde71fc24c, amqp_consumerTag=amq.ctag-IGmbdiB_wt2acUrMXQRQ4A, amqp_lastInBatch=false, contentType=text/plain, timestamp=1772591490817}]]
2026-03-03 23:31:30.820 [org.springframework.amqp.rabbit.RabbitListenerEndpointContainer#0-1] INFO  c.e.m.i.async.RabbitImportListener [] - Mensagem recebida do RabbitMQ: {"jobId":"141b10c0-b174-4040-9602-156d313fafca", "fileKey":"estatisticas_di_2025_10-12_trusted.csv"}
2026-03-03 23:31:30.833 [org.springframework.amqp.rabbit.RabbitListenerEndpointContainer#0-1] DEBUG c.e.m.i.async.RabbitImportListener [] - Iniciando processamento. JobId: 141b10c0-b174-4040-9602-156d313fafca, FileKey: estatisticas_di_2025_10-12_trusted.csv
2026-03-03 23:31:30.833 [org.springframework.amqp.rabbit.RabbitListenerEndpointContainer#0-1] INFO  c.e.m.a.u.ProcessImportFileUseCaseImpl [] - Iniciando processamento do arquivo. JobId: 141b10c0-b174-4040-9602-156d313fafca, FileKey: estatisticas_di_2025_10-12_trusted.csv, Bucket: brinks-bucket-1
2026-03-03 23:31:30.834 [org.springframework.amqp.rabbit.RabbitListenerEndpointContainer#0-1] INFO  c.e.m.infraestructure.s3.S3Adapter [] - Iniciando download do S3. Bucket: brinks-bucket-1, Key: estatisticas_di_2025_10-12_trusted.csv
2026-03-03 23:31:32.276 [org.springframework.amqp.rabbit.RabbitListenerEndpointContainer#0-1] DEBUG c.e.m.infraestructure.s3.S3Adapter [] - Download do S3 iniciado com sucesso. Bucket: brinks-bucket-1, Key: estatisticas_di_2025_10-12_trusted.csv
2026-03-03 23:31:32.276 [org.springframework.amqp.rabbit.RabbitListenerEndpointContainer#0-1] DEBUG c.e.m.a.u.ProcessImportFileUseCaseImpl [] - Arquivo baixado com sucesso do S3. JobId: 141b10c0-b174-4040-9602-156d313fafca, FileKey: estatisticas_di_2025_10-12_trusted.csv
2026-03-03 23:31:32.276 [org.springframework.amqp.rabbit.RabbitListenerEndpointContainer#0-1] INFO  c.e.m.i.csv.CsvParserAdapter [] - Iniciando parsing do arquivo CSV
2026-03-03 23:31:32.304 [org.springframework.amqp.rabbit.RabbitListenerEndpointContainer#0-1] DEBUG c.e.m.i.csv.CsvParserAdapter [] - Validando headers do CSV. Headers encontrados: [, ncm, pais_origem, volume_total, valor_total, preco_medio, frete_medio, seguro_medio]
2026-03-03 23:31:32.308 [org.springframework.amqp.rabbit.RabbitListenerEndpointContainer#0-1] DEBUG c.e.m.i.csv.CsvParserAdapter [] - Headers validados com sucesso
2026-03-03 23:31:32.324 [org.springframework.amqp.rabbit.RabbitListenerEndpointContainer#0-1] INFO  c.e.m.i.csv.CsvParserAdapter [] - CSV parsing concluído com sucesso. TotalLinhas: 70, DuracaoMs: 48
2026-03-03 23:31:32.326 [org.springframework.amqp.rabbit.RabbitListenerEndpointContainer#0-1] INFO  c.e.m.a.u.ProcessImportFileUseCaseImpl [] - CSV parseado com sucesso. JobId: 141b10c0-b174-4040-9602-156d313fafca, TotalLinhas: 70
2026-03-03 23:31:32.326 [org.springframework.amqp.rabbit.RabbitListenerEndpointContainer#0-1] DEBUG c.e.m.a.u.ProcessImportFileUseCaseImpl [] - Consolidando relatório de importação. JobId: 141b10c0-b174-4040-9602-156d313fafca, TotalLinhas: 70
2026-03-03 23:31:32.327 [org.springframework.amqp.rabbit.RabbitListenerEndpointContainer#0-1] DEBUG c.e.m.a.u.ProcessImportFileUseCaseImpl [] - Relatório consolidado. JobId: 141b10c0-b174-4040-9602-156d313fafca, Linhas: 70
2026-03-03 23:31:32.328 [org.springframework.amqp.rabbit.RabbitListenerEndpointContainer#0-1] INFO  c.e.m.i.pdf.PdfGeneratorAdapter [] - Iniciando geração do PDF. JobId: 141b10c0-b174-4040-9602-156d313fafca, TotalLinhas: 70
2026-03-03 23:31:33.151 [org.springframework.amqp.rabbit.RabbitListenerEndpointContainer#0-1] DEBUG c.e.m.i.pdf.PdfGeneratorAdapter [] - Documento PDF construído em memória. JobId: 141b10c0-b174-4040-9602-156d313fafca, TamanhoBytes: 6895
2026-03-03 23:31:33.152 [org.springframework.amqp.rabbit.RabbitListenerEndpointContainer#0-1] DEBUG c.e.m.i.pdf.PdfGeneratorAdapter [] - PDF gerado com sucesso. JobId: 141b10c0-b174-4040-9602-156d313fafca, TamanhoBytes: 6895
2026-03-03 23:31:33.152 [org.springframework.amqp.rabbit.RabbitListenerEndpointContainer#0-1] INFO  c.e.m.infraestructure.s3.S3Adapter [] - Iniciando upload para S3. Bucket: brinks-bucket-2, Key: reports/import-report-141b10c0-b174-4040-9602-156d313fafca.pdf, ContentType: application/pdf, TamanhoBytes: 6895
2026-03-03 23:31:33.936 [org.springframework.amqp.rabbit.RabbitListenerEndpointContainer#0-1] INFO  c.e.m.infraestructure.s3.S3Adapter [] - Upload para S3 concluído com sucesso. Bucket: brinks-bucket-2, Key: reports/import-report-141b10c0-b174-4040-9602-156d313fafca.pdf
2026-03-03 23:31:33.937 [org.springframework.amqp.rabbit.RabbitListenerEndpointContainer#0-1] INFO  c.e.m.i.pdf.PdfGeneratorAdapter [] - PDF salvo no S3 com sucesso. JobId: 141b10c0-b174-4040-9602-156d313fafca, PdfKey: reports/import-report-141b10c0-b174-4040-9602-156d313fafca.pdf, DuracaoMs: 1608
2026-03-03 23:31:33.937 [org.springframework.amqp.rabbit.RabbitListenerEndpointContainer#0-1] INFO  c.e.m.a.u.ProcessImportFileUseCaseImpl [] - Processamento concluído com sucesso. JobId: 141b10c0-b174-4040-9602-156d313fafca, PdfKey: reports/import-report-141b10c0-b174-4040-9602-156d313fafca.pdf, DuracaoMs: 3104
2026-03-03 23:31:33.937 [org.springframework.amqp.rabbit.RabbitListenerEndpointContainer#0-1] INFO  c.e.m.i.async.RabbitImportListener [] - Processamento concluído com sucesso. JobId: 141b10c0-b174-4040-9602-156d313fafca, FileKey: estatisticas_di_2025_10-12_trusted.csv
2026-03-03 23:31:37.529 [http-nio-8080-exec-3] INFO  c.e.m.i.r.impl.ImportControllerImpl [] - Recebendo requisição de download de relatório. JobId: 141b10c0-b174-4040-9602-156d313fafca
2026-03-03 23:31:37.529 [http-nio-8080-exec-3] INFO  c.e.m.a.u.GetPdfReportUseCaseImpl [] - Iniciando busca do PDF para o JobId: 141b10c0-b174-4040-9602-156d313fafca
2026-03-03 23:31:37.529 [http-nio-8080-exec-3] DEBUG c.e.m.infraestructure.s3.S3Adapter [] - Recuperando PDF do S3. JobId: 141b10c0-b174-4040-9602-156d313fafca
2026-03-03 23:31:37.711 [http-nio-8080-exec-3] INFO  c.e.m.infraestructure.s3.S3Adapter [] - PDF recuperado com sucesso. JobId: 141b10c0-b174-4040-9602-156d313fafca, TamanhoBytes: 6895
2026-03-03 23:31:37.711 [http-nio-8080-exec-3] INFO  c.e.m.a.u.GetPdfReportUseCaseImpl [] - PDF encontrado com sucesso. JobId: 141b10c0-b174-4040-9602-156d313fafca, Tamanho: 6895 bytes
2026-03-03 23:31:37.715 [http-nio-8080-exec-3] INFO  c.e.m.i.r.impl.ImportControllerImpl [] - Retornando relatório PDF. JobId: 141b10c0-b174-4040-9602-156d313fafca, Tamanho: 6895 bytes
2026-03-03 23:32:05.067 [SpringApplicationShutdownHook] DEBUG o.s.a.r.l.SimpleMessageListenerContainer [] - Shutting down Rabbit listener container
2026-03-03 23:32:05.067 [pool-3-thread-5] DEBUG o.s.a.r.l.BlockingQueueConsumer [] - Received cancelOk for tag amq.ctag-IGmbdiB_wt2acUrMXQRQ4A (import_csv_queue3); Consumer@15431454: tags=[[amq.ctag-IGmbdiB_wt2acUrMXQRQ4A]], channel=Cached Rabbit Channel: AMQChannel(amqp://guest@127.0.0.1:5672/,1), conn: Proxy@569b207 Shared Rabbit Connection: SimpleConnection@646f15fe [delegate=amqp://guest@127.0.0.1:5672/, localPort=50230], acknowledgeMode=AUTO local queue size=0
2026-03-03 23:32:05.067 [org.springframework.amqp.rabbit.RabbitListenerEndpointContainer#0-2] INFO  o.s.a.r.l.SimpleMessageListenerContainer [] - Waiting for workers to finish.
2026-03-03 23:32:05.178 [org.springframework.amqp.rabbit.RabbitListenerEndpointContainer#0-2] INFO  o.s.a.r.l.SimpleMessageListenerContainer [] - Successfully waited for workers to finish.
2026-03-03 23:32:05.178 [org.springframework.amqp.rabbit.RabbitListenerEndpointContainer#0-1] DEBUG o.s.a.r.l.SimpleMessageListenerContainer [] - Cancelling Consumer@15431454: tags=[[amq.ctag-IGmbdiB_wt2acUrMXQRQ4A]], channel=Cached Rabbit Channel: AMQChannel(amqp://guest@127.0.0.1:5672/,1), conn: Proxy@569b207 Shared Rabbit Connection: SimpleConnection@646f15fe [delegate=amqp://guest@127.0.0.1:5672/, localPort=50230], acknowledgeMode=AUTO local queue size=0
2026-03-03 23:32:05.178 [org.springframework.amqp.rabbit.RabbitListenerEndpointContainer#0-1] DEBUG o.s.a.r.l.BlockingQueueConsumer [] - Closing Rabbit Channel: Cached Rabbit Channel: AMQChannel(amqp://guest@127.0.0.1:5672/,1), conn: Proxy@569b207 Shared Rabbit Connection: SimpleConnection@646f15fe [delegate=amqp://guest@127.0.0.1:5672/, localPort=50230]
2026-03-03 23:32:05.178 [org.springframework.amqp.rabbit.RabbitListenerEndpointContainer#0-1] DEBUG o.s.a.r.c.CachingConnectionFactory [] - Closing cached Channel: AMQChannel(amqp://guest@127.0.0.1:5672/,1)
2026-03-03 23:32:05.178 [SpringApplicationShutdownHook] INFO  o.s.boot.tomcat.GracefulShutdown [] - Commencing graceful shutdown. Waiting for active requests to complete
2026-03-03 23:32:05.187 [tomcat-shutdown] INFO  o.s.boot.tomcat.GracefulShutdown [] - Graceful shutdown complete
2026-03-03 23:32:05.194 [SpringApplicationShutdownHook] DEBUG o.s.a.r.c.CachingConnectionFactory [] - Closing cached Channel: AMQChannel(amqp://guest@127.0.0.1:5672/,2)
2026-03-03 23:32:05.201 [SpringApplicationShutdownHook] DEBUG o.s.a.r.l.SimpleMessageListenerContainer [] - Shutdown ignored - container is not active already
